Analysis & Synthesis report for decimation_filter_FilterSystem
Sun Feb 23 15:22:48 2025
Quartus Prime Version 18.1.0 Build 625 09/12/2018 SJ Standard Edition


---------------------
; Table of Contents ;
---------------------
  1. Legal Notice
  2. Analysis & Synthesis Summary
  3. Analysis & Synthesis Settings
  4. Parallel Compilation
  5. Analysis & Synthesis Source Files Read
  6. Analysis & Synthesis Resource Usage Summary
  7. Analysis & Synthesis Resource Utilization by Entity
  8. Analysis & Synthesis RAM Summary
  9. Analysis & Synthesis DSP Block Usage Summary
 10. State Machine - |decimation_filter_FilterSystem|decimation_filter_FilterSystem_DecimatingFIR1:theDecimatingFIR1|u0_m0_wo0_wi0_r0_wa3_1_q
 11. Registers Protected by Synthesis
 12. Registers Removed During Synthesis
 13. General Register Statistics
 14. Inverted Register Statistics
 15. Multiplexer Restructuring Statistics (Restructuring Performed)
 16. Source assignments for Top-level Entity: |decimation_filter_FilterSystem
 17. Source assignments for decimation_filter_FilterSystem_Scale2:theScale2
 18. Source assignments for decimation_filter_FilterSystem_DecimatingFIR2:theDecimatingFIR2
 19. Source assignments for decimation_filter_FilterSystem_DecimatingFIR2:theDecimatingFIR2|altsyncram:rm_dmem|altsyncram_8cb1:auto_generated
 20. Source assignments for decimation_filter_FilterSystem_DecimatingFIR2:theDecimatingFIR2|altsyncram:u0_m0_wo0_wi0_r0_memr4_dmem|altsyncram_t602:auto_generated
 21. Source assignments for decimation_filter_FilterSystem_DecimatingFIR2:theDecimatingFIR2|altsyncram:u0_m0_wo0_wi0_r0_memr0_dmem|altsyncram_t302:auto_generated
 22. Source assignments for decimation_filter_FilterSystem_DecimatingFIR2:theDecimatingFIR2|altsyncram:u0_m0_wo0_cm0_dmem|altsyncram_6102:auto_generated
 23. Source assignments for decimation_filter_FilterSystem_DecimatingFIR2:theDecimatingFIR2|altsyncram:u0_m0_wo0_cm1_dmem|altsyncram_6102:auto_generated
 24. Source assignments for decimation_filter_FilterSystem_DecimatingFIR2:theDecimatingFIR2|altsyncram:u0_m0_wo0_cm2_dmem|altsyncram_6102:auto_generated
 25. Source assignments for decimation_filter_FilterSystem_DecimatingFIR2:theDecimatingFIR2|altsyncram:u0_m0_wo0_cm3_dmem|altsyncram_6102:auto_generated
 26. Source assignments for decimation_filter_FilterSystem_DecimatingFIR1:theDecimatingFIR1
 27. Source assignments for decimation_filter_FilterSystem_DecimatingFIR1:theDecimatingFIR1|altsyncram:rm_dmem|altsyncram_oab1:auto_generated
 28. Source assignments for decimation_filter_FilterSystem_DecimatingFIR1:theDecimatingFIR1|altsyncram:u0_m0_wo0_wi0_r0_memr3_dmem|altsyncram_l602:auto_generated
 29. Source assignments for decimation_filter_FilterSystem_DecimatingFIR1:theDecimatingFIR1|altsyncram:u0_m0_wo0_wi0_r0_memr0_dmem|altsyncram_t302:auto_generated
 30. Source assignments for decimation_filter_FilterSystem_DecimatingFIR1:theDecimatingFIR1|altsyncram:u0_m0_wo0_cm0_dmem|altsyncram_6102:auto_generated
 31. Source assignments for decimation_filter_FilterSystem_DecimatingFIR1:theDecimatingFIR1|altsyncram:u0_m0_wo0_wi0_r0_memr2_dmem|altsyncram_l602:auto_generated
 32. Source assignments for decimation_filter_FilterSystem_DecimatingFIR1:theDecimatingFIR1|altsyncram:u0_m0_wo0_wi0_r0_memr1_dmem|altsyncram_t302:auto_generated
 33. Source assignments for decimation_filter_FilterSystem_DecimatingFIR1:theDecimatingFIR1|altsyncram:u0_m0_wo0_cm1_dmem|altsyncram_6102:auto_generated
 34. Source assignments for decimation_filter_FilterSystem_Scale3:theScale3
 35. Parameter Settings for User Entity Instance: decimation_filter_FilterSystem_Scale2:theScale2|dspba_delay_ver:redist1_xIn_c_1
 36. Parameter Settings for User Entity Instance: decimation_filter_FilterSystem_Scale2:theScale2|dspba_delay_ver:redist0_xIn_v_1
 37. Parameter Settings for User Entity Instance: decimation_filter_FilterSystem_DecimatingFIR2:theDecimatingFIR2|dspba_delay_ver:d_busIn_writedata_11
 38. Parameter Settings for User Entity Instance: decimation_filter_FilterSystem_DecimatingFIR2:theDecimatingFIR2|altsyncram:rm_dmem
 39. Parameter Settings for User Entity Instance: decimation_filter_FilterSystem_DecimatingFIR2:theDecimatingFIR2|dspba_delay_ver:d_busIn_read_12
 40. Parameter Settings for User Entity Instance: decimation_filter_FilterSystem_DecimatingFIR2:theDecimatingFIR2|dspba_delay_ver:d_rblookup_h_12
 41. Parameter Settings for User Entity Instance: decimation_filter_FilterSystem_DecimatingFIR2:theDecimatingFIR2|dspba_delay_ver:u0_m0_wo0_memread
 42. Parameter Settings for User Entity Instance: decimation_filter_FilterSystem_DecimatingFIR2:theDecimatingFIR2|dspba_delay_ver:u0_m0_wo0_compute
 43. Parameter Settings for User Entity Instance: decimation_filter_FilterSystem_DecimatingFIR2:theDecimatingFIR2|dspba_delay_ver:d_u0_m0_wo0_compute_q_13
 44. Parameter Settings for User Entity Instance: decimation_filter_FilterSystem_DecimatingFIR2:theDecimatingFIR2|dspba_delay_ver:d_u0_m0_wo0_compute_q_17
 45. Parameter Settings for User Entity Instance: decimation_filter_FilterSystem_DecimatingFIR2:theDecimatingFIR2|dspba_delay_ver:d_u0_m0_wo0_compute_q_18
 46. Parameter Settings for User Entity Instance: decimation_filter_FilterSystem_DecimatingFIR2:theDecimatingFIR2|dspba_delay_ver:d_u0_m0_wo0_memread_q_13
 47. Parameter Settings for User Entity Instance: decimation_filter_FilterSystem_DecimatingFIR2:theDecimatingFIR2|dspba_delay_ver:u0_m0_wo0_wi0_r0_delayr1
 48. Parameter Settings for User Entity Instance: decimation_filter_FilterSystem_DecimatingFIR2:theDecimatingFIR2|altsyncram:u0_m0_wo0_wi0_r0_memr4_dmem
 49. Parameter Settings for User Entity Instance: decimation_filter_FilterSystem_DecimatingFIR2:theDecimatingFIR2|dspba_delay_ver:u0_m0_wo0_wi0_r0_delayr5
 50. Parameter Settings for User Entity Instance: decimation_filter_FilterSystem_DecimatingFIR2:theDecimatingFIR2|dspba_delay_ver:u0_m0_wo0_wi0_r0_delayr6
 51. Parameter Settings for User Entity Instance: decimation_filter_FilterSystem_DecimatingFIR2:theDecimatingFIR2|dspba_delay_ver:u0_m0_wo0_wi0_r0_delayr7
 52. Parameter Settings for User Entity Instance: decimation_filter_FilterSystem_DecimatingFIR2:theDecimatingFIR2|dspba_delay_ver:d_xIn_0_13
 53. Parameter Settings for User Entity Instance: decimation_filter_FilterSystem_DecimatingFIR2:theDecimatingFIR2|dspba_delay_ver:d_in0_m0_wi0_wo0_assign_id1_q_13
 54. Parameter Settings for User Entity Instance: decimation_filter_FilterSystem_DecimatingFIR2:theDecimatingFIR2|altsyncram:u0_m0_wo0_wi0_r0_memr0_dmem
 55. Parameter Settings for User Entity Instance: decimation_filter_FilterSystem_DecimatingFIR2:theDecimatingFIR2|altsyncram:u0_m0_wo0_cm0_dmem
 56. Parameter Settings for User Entity Instance: decimation_filter_FilterSystem_DecimatingFIR2:theDecimatingFIR2|lpm_mult:u0_m0_wo0_mtree_mult1_3_component
 57. Parameter Settings for User Entity Instance: decimation_filter_FilterSystem_DecimatingFIR2:theDecimatingFIR2|altsyncram:u0_m0_wo0_cm1_dmem
 58. Parameter Settings for User Entity Instance: decimation_filter_FilterSystem_DecimatingFIR2:theDecimatingFIR2|lpm_mult:u0_m0_wo0_mtree_mult1_2_component
 59. Parameter Settings for User Entity Instance: decimation_filter_FilterSystem_DecimatingFIR2:theDecimatingFIR2|dspba_delay_ver:u0_m0_wo0_wi0_r0_delayr2
 60. Parameter Settings for User Entity Instance: decimation_filter_FilterSystem_DecimatingFIR2:theDecimatingFIR2|altsyncram:u0_m0_wo0_cm2_dmem
 61. Parameter Settings for User Entity Instance: decimation_filter_FilterSystem_DecimatingFIR2:theDecimatingFIR2|lpm_mult:u0_m0_wo0_mtree_mult1_1_component
 62. Parameter Settings for User Entity Instance: decimation_filter_FilterSystem_DecimatingFIR2:theDecimatingFIR2|dspba_delay_ver:u0_m0_wo0_wi0_r0_delayr3
 63. Parameter Settings for User Entity Instance: decimation_filter_FilterSystem_DecimatingFIR2:theDecimatingFIR2|altsyncram:u0_m0_wo0_cm3_dmem
 64. Parameter Settings for User Entity Instance: decimation_filter_FilterSystem_DecimatingFIR2:theDecimatingFIR2|lpm_mult:u0_m0_wo0_mtree_mult1_0_component
 65. Parameter Settings for User Entity Instance: decimation_filter_FilterSystem_DecimatingFIR1:theDecimatingFIR1|dspba_delay_ver:d_busIn_writedata_11
 66. Parameter Settings for User Entity Instance: decimation_filter_FilterSystem_DecimatingFIR1:theDecimatingFIR1|altsyncram:rm_dmem
 67. Parameter Settings for User Entity Instance: decimation_filter_FilterSystem_DecimatingFIR1:theDecimatingFIR1|dspba_delay_ver:d_busIn_read_12
 68. Parameter Settings for User Entity Instance: decimation_filter_FilterSystem_DecimatingFIR1:theDecimatingFIR1|dspba_delay_ver:d_rblookup_h_12
 69. Parameter Settings for User Entity Instance: decimation_filter_FilterSystem_DecimatingFIR1:theDecimatingFIR1|dspba_delay_ver:u0_m0_wo0_memread
 70. Parameter Settings for User Entity Instance: decimation_filter_FilterSystem_DecimatingFIR1:theDecimatingFIR1|dspba_delay_ver:u0_m0_wo0_compute
 71. Parameter Settings for User Entity Instance: decimation_filter_FilterSystem_DecimatingFIR1:theDecimatingFIR1|dspba_delay_ver:d_u0_m0_wo0_compute_q_13
 72. Parameter Settings for User Entity Instance: decimation_filter_FilterSystem_DecimatingFIR1:theDecimatingFIR1|dspba_delay_ver:d_u0_m0_wo0_compute_q_16
 73. Parameter Settings for User Entity Instance: decimation_filter_FilterSystem_DecimatingFIR1:theDecimatingFIR1|dspba_delay_ver:d_u0_m0_wo0_compute_q_17
 74. Parameter Settings for User Entity Instance: decimation_filter_FilterSystem_DecimatingFIR1:theDecimatingFIR1|dspba_delay_ver:d_u0_m0_wo0_memread_q_13
 75. Parameter Settings for User Entity Instance: decimation_filter_FilterSystem_DecimatingFIR1:theDecimatingFIR1|altsyncram:u0_m0_wo0_wi0_r0_memr3_dmem
 76. Parameter Settings for User Entity Instance: decimation_filter_FilterSystem_DecimatingFIR1:theDecimatingFIR1|dspba_delay_ver:d_xIn_0_13
 77. Parameter Settings for User Entity Instance: decimation_filter_FilterSystem_DecimatingFIR1:theDecimatingFIR1|dspba_delay_ver:d_in0_m0_wi0_wo0_assign_id1_q_13
 78. Parameter Settings for User Entity Instance: decimation_filter_FilterSystem_DecimatingFIR1:theDecimatingFIR1|altsyncram:u0_m0_wo0_wi0_r0_memr0_dmem
 79. Parameter Settings for User Entity Instance: decimation_filter_FilterSystem_DecimatingFIR1:theDecimatingFIR1|altsyncram:u0_m0_wo0_cm0_dmem
 80. Parameter Settings for User Entity Instance: decimation_filter_FilterSystem_DecimatingFIR1:theDecimatingFIR1|lpm_mult:u0_m0_wo0_mtree_mult1_1_component
 81. Parameter Settings for User Entity Instance: decimation_filter_FilterSystem_DecimatingFIR1:theDecimatingFIR1|altsyncram:u0_m0_wo0_wi0_r0_memr2_dmem
 82. Parameter Settings for User Entity Instance: decimation_filter_FilterSystem_DecimatingFIR1:theDecimatingFIR1|altsyncram:u0_m0_wo0_wi0_r0_memr1_dmem
 83. Parameter Settings for User Entity Instance: decimation_filter_FilterSystem_DecimatingFIR1:theDecimatingFIR1|altsyncram:u0_m0_wo0_cm1_dmem
 84. Parameter Settings for User Entity Instance: decimation_filter_FilterSystem_DecimatingFIR1:theDecimatingFIR1|lpm_mult:u0_m0_wo0_mtree_mult1_0_component
 85. Parameter Settings for User Entity Instance: dspba_delay_ver:decimation_filter_FilterSystem_readDelayed
 86. Parameter Settings for User Entity Instance: decimation_filter_FilterSystem_Scale3:theScale3|dspba_delay_ver:redist1_xIn_c_1
 87. Parameter Settings for User Entity Instance: decimation_filter_FilterSystem_Scale3:theScale3|dspba_delay_ver:redist0_xIn_v_1
 88. altsyncram Parameter Settings by Entity Instance
 89. lpm_mult Parameter Settings by Entity Instance
 90. Port Connectivity Checks: "decimation_filter_FilterSystem_Scale3:theScale3|dspba_delay_ver:redist0_xIn_v_1"
 91. Port Connectivity Checks: "decimation_filter_FilterSystem_Scale3:theScale3|dspba_delay_ver:redist1_xIn_c_1"
 92. Port Connectivity Checks: "decimation_filter_FilterSystem_Scale3:theScale3"
 93. Port Connectivity Checks: "dspba_delay_ver:decimation_filter_FilterSystem_readDelayed"
 94. Port Connectivity Checks: "decimation_filter_FilterSystem_DecimatingFIR1:theDecimatingFIR1|dspba_delay_ver:d_in0_m0_wi0_wo0_assign_id1_q_13"
 95. Port Connectivity Checks: "decimation_filter_FilterSystem_DecimatingFIR1:theDecimatingFIR1|dspba_delay_ver:d_xIn_0_13"
 96. Port Connectivity Checks: "decimation_filter_FilterSystem_DecimatingFIR1:theDecimatingFIR1|dspba_delay_ver:d_u0_m0_wo0_memread_q_13"
 97. Port Connectivity Checks: "decimation_filter_FilterSystem_DecimatingFIR1:theDecimatingFIR1|dspba_delay_ver:d_u0_m0_wo0_compute_q_17"
 98. Port Connectivity Checks: "decimation_filter_FilterSystem_DecimatingFIR1:theDecimatingFIR1|dspba_delay_ver:d_u0_m0_wo0_compute_q_16"
 99. Port Connectivity Checks: "decimation_filter_FilterSystem_DecimatingFIR1:theDecimatingFIR1|dspba_delay_ver:d_u0_m0_wo0_compute_q_13"
100. Port Connectivity Checks: "decimation_filter_FilterSystem_DecimatingFIR1:theDecimatingFIR1|dspba_delay_ver:u0_m0_wo0_compute"
101. Port Connectivity Checks: "decimation_filter_FilterSystem_DecimatingFIR1:theDecimatingFIR1|dspba_delay_ver:u0_m0_wo0_memread"
102. Port Connectivity Checks: "decimation_filter_FilterSystem_DecimatingFIR1:theDecimatingFIR1|dspba_delay_ver:d_rblookup_h_12"
103. Port Connectivity Checks: "decimation_filter_FilterSystem_DecimatingFIR1:theDecimatingFIR1|dspba_delay_ver:d_busIn_read_12"
104. Port Connectivity Checks: "decimation_filter_FilterSystem_DecimatingFIR1:theDecimatingFIR1|dspba_delay_ver:d_busIn_writedata_11"
105. Port Connectivity Checks: "decimation_filter_FilterSystem_DecimatingFIR2:theDecimatingFIR2|dspba_delay_ver:d_in0_m0_wi0_wo0_assign_id1_q_13"
106. Port Connectivity Checks: "decimation_filter_FilterSystem_DecimatingFIR2:theDecimatingFIR2|dspba_delay_ver:d_xIn_0_13"
107. Port Connectivity Checks: "decimation_filter_FilterSystem_DecimatingFIR2:theDecimatingFIR2|dspba_delay_ver:d_u0_m0_wo0_memread_q_13"
108. Port Connectivity Checks: "decimation_filter_FilterSystem_DecimatingFIR2:theDecimatingFIR2|dspba_delay_ver:d_u0_m0_wo0_compute_q_18"
109. Port Connectivity Checks: "decimation_filter_FilterSystem_DecimatingFIR2:theDecimatingFIR2|dspba_delay_ver:d_u0_m0_wo0_compute_q_17"
110. Port Connectivity Checks: "decimation_filter_FilterSystem_DecimatingFIR2:theDecimatingFIR2|dspba_delay_ver:d_u0_m0_wo0_compute_q_13"
111. Port Connectivity Checks: "decimation_filter_FilterSystem_DecimatingFIR2:theDecimatingFIR2|dspba_delay_ver:u0_m0_wo0_compute"
112. Port Connectivity Checks: "decimation_filter_FilterSystem_DecimatingFIR2:theDecimatingFIR2|dspba_delay_ver:u0_m0_wo0_memread"
113. Port Connectivity Checks: "decimation_filter_FilterSystem_DecimatingFIR2:theDecimatingFIR2|dspba_delay_ver:d_rblookup_h_12"
114. Port Connectivity Checks: "decimation_filter_FilterSystem_DecimatingFIR2:theDecimatingFIR2|dspba_delay_ver:d_busIn_read_12"
115. Port Connectivity Checks: "decimation_filter_FilterSystem_DecimatingFIR2:theDecimatingFIR2|dspba_delay_ver:d_busIn_writedata_11"
116. Port Connectivity Checks: "decimation_filter_FilterSystem_Scale2:theScale2|dspba_delay_ver:redist0_xIn_v_1"
117. Port Connectivity Checks: "decimation_filter_FilterSystem_Scale2:theScale2|dspba_delay_ver:redist1_xIn_c_1"
118. Port Connectivity Checks: "decimation_filter_FilterSystem_Scale2:theScale2"
119. Post-Synthesis Netlist Statistics for Top Partition
120. Elapsed Time Per Partition
121. Analysis & Synthesis Messages
122. Analysis & Synthesis Suppressed Messages



----------------
; Legal Notice ;
----------------
Copyright (C) 2018  Intel Corporation. All rights reserved.
Your use of Intel Corporation's design tools, logic functions 
and other software and tools, and its AMPP partner logic 
functions, and any output files from any of the foregoing 
(including device programming or simulation files), and any 
associated documentation or information are expressly subject 
to the terms and conditions of the Intel Program License 
Subscription Agreement, the Intel Quartus Prime License Agreement,
the Intel FPGA IP License Agreement, or other applicable license
agreement, including, without limitation, that your use is for
the sole purpose of programming logic devices manufactured by
Intel and sold by Intel or its authorized distributors.  Please
refer to the applicable agreement for further details.



+--------------------------------------------------------------------------------------+
; Analysis & Synthesis Summary                                                         ;
+------------------------------------+-------------------------------------------------+
; Analysis & Synthesis Status        ; Successful - Sun Feb 23 15:22:48 2025           ;
; Quartus Prime Version              ; 18.1.0 Build 625 09/12/2018 SJ Standard Edition ;
; Revision Name                      ; decimation_filter_FilterSystem                  ;
; Top-level Entity Name              ; decimation_filter_FilterSystem                  ;
; Family                             ; MAX 10                                          ;
; Total logic elements               ; 1,279                                           ;
;     Total combinational functions  ; 709                                             ;
;     Dedicated logic registers      ; 1,084                                           ;
; Total registers                    ; 1084                                            ;
; Total pins                         ; 3                                               ;
; Total virtual pins                 ; 99                                              ;
; Total memory bits                  ; 1,792                                           ;
; Embedded Multiplier 9-bit elements ; 12                                              ;
; Total PLLs                         ; 0                                               ;
; UFM blocks                         ; 0                                               ;
; ADC blocks                         ; 0                                               ;
+------------------------------------+-------------------------------------------------+


+------------------------------------------------------------------------------------------------------------------------------------+
; Analysis & Synthesis Settings                                                                                                      ;
+------------------------------------------------------------------+--------------------------------+--------------------------------+
; Option                                                           ; Setting                        ; Default Value                  ;
+------------------------------------------------------------------+--------------------------------+--------------------------------+
; Device                                                           ; 10M40DCF256A7G                 ;                                ;
; Top-level entity name                                            ; decimation_filter_FilterSystem ; decimation_filter_FilterSystem ;
; Family name                                                      ; MAX 10                         ; Cyclone V                      ;
; Use smart compilation                                            ; Off                            ; Off                            ;
; Enable parallel Assembler and Timing Analyzer during compilation ; On                             ; On                             ;
; Enable compact report table                                      ; Off                            ; Off                            ;
; Restructure Multiplexers                                         ; Auto                           ; Auto                           ;
; Create Debugging Nodes for IP Cores                              ; Off                            ; Off                            ;
; Preserve fewer node names                                        ; On                             ; On                             ;
; Intel FPGA IP Evaluation Mode                                    ; Enable                         ; Enable                         ;
; Verilog Version                                                  ; Verilog_2001                   ; Verilog_2001                   ;
; VHDL Version                                                     ; VHDL_1993                      ; VHDL_1993                      ;
; State Machine Processing                                         ; Auto                           ; Auto                           ;
; Safe State Machine                                               ; Off                            ; Off                            ;
; Extract Verilog State Machines                                   ; On                             ; On                             ;
; Extract VHDL State Machines                                      ; On                             ; On                             ;
; Ignore Verilog initial constructs                                ; Off                            ; Off                            ;
; Iteration limit for constant Verilog loops                       ; 5000                           ; 5000                           ;
; Iteration limit for non-constant Verilog loops                   ; 250                            ; 250                            ;
; Add Pass-Through Logic to Inferred RAMs                          ; On                             ; On                             ;
; Infer RAMs from Raw Logic                                        ; On                             ; On                             ;
; Parallel Synthesis                                               ; On                             ; On                             ;
; DSP Block Balancing                                              ; Auto                           ; Auto                           ;
; NOT Gate Push-Back                                               ; On                             ; On                             ;
; Power-Up Don't Care                                              ; On                             ; On                             ;
; Remove Redundant Logic Cells                                     ; Off                            ; Off                            ;
; Remove Duplicate Registers                                       ; On                             ; On                             ;
; Ignore CARRY Buffers                                             ; Off                            ; Off                            ;
; Ignore CASCADE Buffers                                           ; Off                            ; Off                            ;
; Ignore GLOBAL Buffers                                            ; Off                            ; Off                            ;
; Ignore ROW GLOBAL Buffers                                        ; Off                            ; Off                            ;
; Ignore LCELL Buffers                                             ; Off                            ; Off                            ;
; Ignore SOFT Buffers                                              ; On                             ; On                             ;
; Limit AHDL Integers to 32 Bits                                   ; Off                            ; Off                            ;
; Optimization Technique                                           ; Balanced                       ; Balanced                       ;
; Carry Chain Length                                               ; 70                             ; 70                             ;
; Auto Carry Chains                                                ; On                             ; On                             ;
; Auto Open-Drain Pins                                             ; On                             ; On                             ;
; Perform WYSIWYG Primitive Resynthesis                            ; Off                            ; Off                            ;
; Auto ROM Replacement                                             ; On                             ; On                             ;
; Auto RAM Replacement                                             ; On                             ; On                             ;
; Auto DSP Block Replacement                                       ; On                             ; On                             ;
; Auto Shift Register Replacement                                  ; Auto                           ; Auto                           ;
; Allow Shift Register Merging across Hierarchies                  ; Auto                           ; Auto                           ;
; Auto Clock Enable Replacement                                    ; On                             ; On                             ;
; Strict RAM Replacement                                           ; Off                            ; Off                            ;
; Allow Synchronous Control Signals                                ; On                             ; On                             ;
; Force Use of Synchronous Clear Signals                           ; Off                            ; Off                            ;
; Auto RAM Block Balancing                                         ; On                             ; On                             ;
; Auto RAM to Logic Cell Conversion                                ; Off                            ; Off                            ;
; Auto Resource Sharing                                            ; Off                            ; Off                            ;
; Allow Any RAM Size For Recognition                               ; Off                            ; Off                            ;
; Allow Any ROM Size For Recognition                               ; Off                            ; Off                            ;
; Allow Any Shift Register Size For Recognition                    ; Off                            ; Off                            ;
; Use LogicLock Constraints during Resource Balancing              ; On                             ; On                             ;
; Ignore translate_off and synthesis_off directives                ; Off                            ; Off                            ;
; Timing-Driven Synthesis                                          ; On                             ; On                             ;
; Report Parameter Settings                                        ; On                             ; On                             ;
; Report Source Assignments                                        ; On                             ; On                             ;
; Report Connectivity Checks                                       ; On                             ; On                             ;
; Ignore Maximum Fan-Out Assignments                               ; Off                            ; Off                            ;
; Synchronization Register Chain Length                            ; 2                              ; 2                              ;
; Power Optimization During Synthesis                              ; Normal compilation             ; Normal compilation             ;
; HDL message level                                                ; Level2                         ; Level2                         ;
; Suppress Register Optimization Related Messages                  ; Off                            ; Off                            ;
; Number of Removed Registers Reported in Synthesis Report         ; 5000                           ; 5000                           ;
; Number of Swept Nodes Reported in Synthesis Report               ; 5000                           ; 5000                           ;
; Number of Inverted Registers Reported in Synthesis Report        ; 100                            ; 100                            ;
; Clock MUX Protection                                             ; On                             ; On                             ;
; Auto Gated Clock Conversion                                      ; Off                            ; Off                            ;
; Block Design Naming                                              ; Auto                           ; Auto                           ;
; SDC constraint protection                                        ; Off                            ; Off                            ;
; Synthesis Effort                                                 ; Auto                           ; Auto                           ;
; Shift Register Replacement - Allow Asynchronous Clear Signal     ; On                             ; On                             ;
; Pre-Mapping Resynthesis Optimization                             ; Off                            ; Off                            ;
; Analysis & Synthesis Message Level                               ; Medium                         ; Medium                         ;
; Disable Register Merging Across Hierarchies                      ; Auto                           ; Auto                           ;
; Resource Aware Inference For Block RAM                           ; On                             ; On                             ;
+------------------------------------------------------------------+--------------------------------+--------------------------------+


+------------------------------------------+
; Parallel Compilation                     ;
+----------------------------+-------------+
; Processors                 ; Number      ;
+----------------------------+-------------+
; Number detected on machine ; 16          ;
; Maximum allowed            ; 8           ;
;                            ;             ;
; Average used               ; 1.01        ;
; Maximum used               ; 8           ;
;                            ;             ;
; Usage by Processor         ; % Time Used ;
;     Processor 1            ; 100.0%      ;
;     Processor 2            ;   0.1%      ;
;     Processor 3            ;   0.1%      ;
;     Processor 4            ;   0.1%      ;
;     Processor 5            ;   0.1%      ;
;     Processor 6            ;   0.1%      ;
;     Processor 7            ;   0.1%      ;
;     Processor 8            ;   0.1%      ;
+----------------------------+-------------+


+--------------------------------------------------------------------------------------------------------------------------------------------------------------------------------------------------------------------------------------------------------------------------------------------+
; Analysis & Synthesis Source Files Read                                                                                                                                                                                                                                                     ;
+------------------------------------------------------------------------+-----------------+------------------------------+--------------------------------------------------------------------------------------------------------------------------------------------------------+---------+
; File Name with User-Entered Path                                       ; Used in Netlist ; File Type                    ; File Name with Absolute Path                                                                                                                           ; Library ;
+------------------------------------------------------------------------+-----------------+------------------------------+--------------------------------------------------------------------------------------------------------------------------------------------------------+---------+
; rtl/decimation_filter/dspba_library_ver.sv                             ; yes             ; User SystemVerilog HDL File  ; F:/EM_LAB/EM_Instrument/TEMR-3S/Num01_code/Filter/altera_fir/simulation/quartus/rtl/decimation_filter/dspba_library_ver.sv                             ;         ;
; rtl/decimation_filter/decimation_filter_FilterSystem_Scale3.sv         ; yes             ; User SystemVerilog HDL File  ; F:/EM_LAB/EM_Instrument/TEMR-3S/Num01_code/Filter/altera_fir/simulation/quartus/rtl/decimation_filter/decimation_filter_FilterSystem_Scale3.sv         ;         ;
; rtl/decimation_filter/decimation_filter_FilterSystem_Scale2.sv         ; yes             ; User SystemVerilog HDL File  ; F:/EM_LAB/EM_Instrument/TEMR-3S/Num01_code/Filter/altera_fir/simulation/quartus/rtl/decimation_filter/decimation_filter_FilterSystem_Scale2.sv         ;         ;
; rtl/decimation_filter/decimation_filter_FilterSystem_DecimatingFIR2.sv ; yes             ; User SystemVerilog HDL File  ; F:/EM_LAB/EM_Instrument/TEMR-3S/Num01_code/Filter/altera_fir/simulation/quartus/rtl/decimation_filter/decimation_filter_FilterSystem_DecimatingFIR2.sv ;         ;
; rtl/decimation_filter/decimation_filter_FilterSystem_DecimatingFIR1.sv ; yes             ; User SystemVerilog HDL File  ; F:/EM_LAB/EM_Instrument/TEMR-3S/Num01_code/Filter/altera_fir/simulation/quartus/rtl/decimation_filter/decimation_filter_FilterSystem_DecimatingFIR1.sv ;         ;
; rtl/decimation_filter/decimation_filter_FilterSystem.sv                ; yes             ; User SystemVerilog HDL File  ; F:/EM_LAB/EM_Instrument/TEMR-3S/Num01_code/Filter/altera_fir/simulation/quartus/rtl/decimation_filter/decimation_filter_FilterSystem.sv                ;         ;
; altsyncram.tdf                                                         ; yes             ; Megafunction                 ; d:/software/intelfpga/18.1/quartus/libraries/megafunctions/altsyncram.tdf                                                                              ;         ;
; stratix_ram_block.inc                                                  ; yes             ; Megafunction                 ; d:/software/intelfpga/18.1/quartus/libraries/megafunctions/stratix_ram_block.inc                                                                       ;         ;
; lpm_mux.inc                                                            ; yes             ; Megafunction                 ; d:/software/intelfpga/18.1/quartus/libraries/megafunctions/lpm_mux.inc                                                                                 ;         ;
; lpm_decode.inc                                                         ; yes             ; Megafunction                 ; d:/software/intelfpga/18.1/quartus/libraries/megafunctions/lpm_decode.inc                                                                              ;         ;
; aglobal181.inc                                                         ; yes             ; Megafunction                 ; d:/software/intelfpga/18.1/quartus/libraries/megafunctions/aglobal181.inc                                                                              ;         ;
; a_rdenreg.inc                                                          ; yes             ; Megafunction                 ; d:/software/intelfpga/18.1/quartus/libraries/megafunctions/a_rdenreg.inc                                                                               ;         ;
; altrom.inc                                                             ; yes             ; Megafunction                 ; d:/software/intelfpga/18.1/quartus/libraries/megafunctions/altrom.inc                                                                                  ;         ;
; altram.inc                                                             ; yes             ; Megafunction                 ; d:/software/intelfpga/18.1/quartus/libraries/megafunctions/altram.inc                                                                                  ;         ;
; altdpram.inc                                                           ; yes             ; Megafunction                 ; d:/software/intelfpga/18.1/quartus/libraries/megafunctions/altdpram.inc                                                                                ;         ;
; db/altsyncram_8cb1.tdf                                                 ; yes             ; Auto-Generated Megafunction  ; F:/EM_LAB/EM_Instrument/TEMR-3S/Num01_code/Filter/altera_fir/simulation/quartus/db/altsyncram_8cb1.tdf                                                 ;         ;
; db/altsyncram_t602.tdf                                                 ; yes             ; Auto-Generated Megafunction  ; F:/EM_LAB/EM_Instrument/TEMR-3S/Num01_code/Filter/altera_fir/simulation/quartus/db/altsyncram_t602.tdf                                                 ;         ;
; db/altsyncram_t302.tdf                                                 ; yes             ; Auto-Generated Megafunction  ; F:/EM_LAB/EM_Instrument/TEMR-3S/Num01_code/Filter/altera_fir/simulation/quartus/db/altsyncram_t302.tdf                                                 ;         ;
; db/altsyncram_6102.tdf                                                 ; yes             ; Auto-Generated Megafunction  ; F:/EM_LAB/EM_Instrument/TEMR-3S/Num01_code/Filter/altera_fir/simulation/quartus/db/altsyncram_6102.tdf                                                 ;         ;
; lpm_mult.tdf                                                           ; yes             ; Megafunction                 ; d:/software/intelfpga/18.1/quartus/libraries/megafunctions/lpm_mult.tdf                                                                                ;         ;
; lpm_add_sub.inc                                                        ; yes             ; Megafunction                 ; d:/software/intelfpga/18.1/quartus/libraries/megafunctions/lpm_add_sub.inc                                                                             ;         ;
; multcore.inc                                                           ; yes             ; Megafunction                 ; d:/software/intelfpga/18.1/quartus/libraries/megafunctions/multcore.inc                                                                                ;         ;
; bypassff.inc                                                           ; yes             ; Megafunction                 ; d:/software/intelfpga/18.1/quartus/libraries/megafunctions/bypassff.inc                                                                                ;         ;
; altshift.inc                                                           ; yes             ; Megafunction                 ; d:/software/intelfpga/18.1/quartus/libraries/megafunctions/altshift.inc                                                                                ;         ;
; db/mult_vot.tdf                                                        ; yes             ; Auto-Generated Megafunction  ; F:/EM_LAB/EM_Instrument/TEMR-3S/Num01_code/Filter/altera_fir/simulation/quartus/db/mult_vot.tdf                                                        ;         ;
; db/altsyncram_oab1.tdf                                                 ; yes             ; Auto-Generated Megafunction  ; F:/EM_LAB/EM_Instrument/TEMR-3S/Num01_code/Filter/altera_fir/simulation/quartus/db/altsyncram_oab1.tdf                                                 ;         ;
; db/altsyncram_l602.tdf                                                 ; yes             ; Auto-Generated Megafunction  ; F:/EM_LAB/EM_Instrument/TEMR-3S/Num01_code/Filter/altera_fir/simulation/quartus/db/altsyncram_l602.tdf                                                 ;         ;
+------------------------------------------------------------------------+-----------------+------------------------------+--------------------------------------------------------------------------------------------------------------------------------------------------------+---------+


+---------------------------------------------------------+
; Analysis & Synthesis Resource Usage Summary             ;
+---------------------------------------------+-----------+
; Resource                                    ; Usage     ;
+---------------------------------------------+-----------+
; Estimated Total logic elements              ; 1,279     ;
;                                             ;           ;
; Total combinational functions               ; 709       ;
; Logic element usage by number of LUT inputs ;           ;
;     -- 4 input functions                    ; 88        ;
;     -- 3 input functions                    ; 411       ;
;     -- <=2 input functions                  ; 210       ;
;                                             ;           ;
; Logic elements by mode                      ;           ;
;     -- normal mode                          ; 266       ;
;     -- arithmetic mode                      ; 443       ;
;                                             ;           ;
; Total registers                             ; 1084      ;
;     -- Dedicated logic registers            ; 1084      ;
;     -- I/O registers                        ; 0         ;
;                                             ;           ;
; Virtual pins                                ; 99        ;
; I/O pins                                    ; 3         ;
; Total memory bits                           ; 1792      ;
;                                             ;           ;
; Embedded Multiplier 9-bit elements          ; 12        ;
;                                             ;           ;
; Maximum fan-out node                        ; clk~input ;
; Maximum fan-out                             ; 1326      ;
; Total fan-out                               ; 8150      ;
; Average fan-out                             ; 3.81      ;
+---------------------------------------------+-----------+


+------------------------------------------------------------------------------------------------------------------------------------------------------------------------------------------------------------------------------------------------------------------------------------------------------------------------------------------------------------------------------------------------------------------------------------------------------------------+
; Analysis & Synthesis Resource Utilization by Entity                                                                                                                                                                                                                                                                                                                                                                                                              ;
+----------------------------------------------------------------------+---------------------+---------------------------+-------------+------------+--------------+---------+-----------+------+--------------+------------+-----------------------------------------------------------------------------------------------------------------------------------------------------------------------+-----------------------------------------------+--------------+
; Compilation Hierarchy Node                                           ; Combinational ALUTs ; Dedicated Logic Registers ; Memory Bits ; UFM Blocks ; DSP Elements ; DSP 9x9 ; DSP 18x18 ; Pins ; Virtual Pins ; ADC blocks ; Full Hierarchy Name                                                                                                                                                   ; Entity Name                                   ; Library Name ;
+----------------------------------------------------------------------+---------------------+---------------------------+-------------+------------+--------------+---------+-----------+------+--------------+------------+-----------------------------------------------------------------------------------------------------------------------------------------------------------------------+-----------------------------------------------+--------------+
; |decimation_filter_FilterSystem                                      ; 709 (18)            ; 1084 (17)                 ; 1792        ; 0          ; 12           ; 0       ; 6         ; 3    ; 99           ; 0          ; |decimation_filter_FilterSystem                                                                                                                                       ; decimation_filter_FilterSystem                ; work         ;
;    |decimation_filter_FilterSystem_DecimatingFIR1:theDecimatingFIR1| ; 220 (220)           ; 276 (195)                 ; 904         ; 0          ; 4            ; 0       ; 2         ; 0    ; 0            ; 0          ; |decimation_filter_FilterSystem|decimation_filter_FilterSystem_DecimatingFIR1:theDecimatingFIR1                                                                       ; decimation_filter_FilterSystem_DecimatingFIR1 ; work         ;
;       |altsyncram:rm_dmem|                                           ; 0 (0)               ; 0 (0)                     ; 96          ; 0          ; 0            ; 0       ; 0         ; 0    ; 0            ; 0          ; |decimation_filter_FilterSystem|decimation_filter_FilterSystem_DecimatingFIR1:theDecimatingFIR1|altsyncram:rm_dmem                                                    ; altsyncram                                    ; work         ;
;          |altsyncram_oab1:auto_generated|                            ; 0 (0)               ; 0 (0)                     ; 96          ; 0          ; 0            ; 0       ; 0         ; 0    ; 0            ; 0          ; |decimation_filter_FilterSystem|decimation_filter_FilterSystem_DecimatingFIR1:theDecimatingFIR1|altsyncram:rm_dmem|altsyncram_oab1:auto_generated                     ; altsyncram_oab1                               ; work         ;
;       |altsyncram:u0_m0_wo0_cm0_dmem|                                ; 0 (0)               ; 0 (0)                     ; 64          ; 0          ; 0            ; 0       ; 0         ; 0    ; 0            ; 0          ; |decimation_filter_FilterSystem|decimation_filter_FilterSystem_DecimatingFIR1:theDecimatingFIR1|altsyncram:u0_m0_wo0_cm0_dmem                                         ; altsyncram                                    ; work         ;
;          |altsyncram_6102:auto_generated|                            ; 0 (0)               ; 0 (0)                     ; 64          ; 0          ; 0            ; 0       ; 0         ; 0    ; 0            ; 0          ; |decimation_filter_FilterSystem|decimation_filter_FilterSystem_DecimatingFIR1:theDecimatingFIR1|altsyncram:u0_m0_wo0_cm0_dmem|altsyncram_6102:auto_generated          ; altsyncram_6102                               ; work         ;
;       |altsyncram:u0_m0_wo0_cm1_dmem|                                ; 0 (0)               ; 0 (0)                     ; 64          ; 0          ; 0            ; 0       ; 0         ; 0    ; 0            ; 0          ; |decimation_filter_FilterSystem|decimation_filter_FilterSystem_DecimatingFIR1:theDecimatingFIR1|altsyncram:u0_m0_wo0_cm1_dmem                                         ; altsyncram                                    ; work         ;
;          |altsyncram_6102:auto_generated|                            ; 0 (0)               ; 0 (0)                     ; 64          ; 0          ; 0            ; 0       ; 0         ; 0    ; 0            ; 0          ; |decimation_filter_FilterSystem|decimation_filter_FilterSystem_DecimatingFIR1:theDecimatingFIR1|altsyncram:u0_m0_wo0_cm1_dmem|altsyncram_6102:auto_generated          ; altsyncram_6102                               ; work         ;
;       |altsyncram:u0_m0_wo0_wi0_r0_memr0_dmem|                       ; 0 (0)               ; 0 (0)                     ; 136         ; 0          ; 0            ; 0       ; 0         ; 0    ; 0            ; 0          ; |decimation_filter_FilterSystem|decimation_filter_FilterSystem_DecimatingFIR1:theDecimatingFIR1|altsyncram:u0_m0_wo0_wi0_r0_memr0_dmem                                ; altsyncram                                    ; work         ;
;          |altsyncram_t302:auto_generated|                            ; 0 (0)               ; 0 (0)                     ; 136         ; 0          ; 0            ; 0       ; 0         ; 0    ; 0            ; 0          ; |decimation_filter_FilterSystem|decimation_filter_FilterSystem_DecimatingFIR1:theDecimatingFIR1|altsyncram:u0_m0_wo0_wi0_r0_memr0_dmem|altsyncram_t302:auto_generated ; altsyncram_t302                               ; work         ;
;       |altsyncram:u0_m0_wo0_wi0_r0_memr1_dmem|                       ; 0 (0)               ; 0 (0)                     ; 136         ; 0          ; 0            ; 0       ; 0         ; 0    ; 0            ; 0          ; |decimation_filter_FilterSystem|decimation_filter_FilterSystem_DecimatingFIR1:theDecimatingFIR1|altsyncram:u0_m0_wo0_wi0_r0_memr1_dmem                                ; altsyncram                                    ; work         ;
;          |altsyncram_t302:auto_generated|                            ; 0 (0)               ; 0 (0)                     ; 136         ; 0          ; 0            ; 0       ; 0         ; 0    ; 0            ; 0          ; |decimation_filter_FilterSystem|decimation_filter_FilterSystem_DecimatingFIR1:theDecimatingFIR1|altsyncram:u0_m0_wo0_wi0_r0_memr1_dmem|altsyncram_t302:auto_generated ; altsyncram_t302                               ; work         ;
;       |altsyncram:u0_m0_wo0_wi0_r0_memr2_dmem|                       ; 0 (0)               ; 0 (0)                     ; 204         ; 0          ; 0            ; 0       ; 0         ; 0    ; 0            ; 0          ; |decimation_filter_FilterSystem|decimation_filter_FilterSystem_DecimatingFIR1:theDecimatingFIR1|altsyncram:u0_m0_wo0_wi0_r0_memr2_dmem                                ; altsyncram                                    ; work         ;
;          |altsyncram_l602:auto_generated|                            ; 0 (0)               ; 0 (0)                     ; 204         ; 0          ; 0            ; 0       ; 0         ; 0    ; 0            ; 0          ; |decimation_filter_FilterSystem|decimation_filter_FilterSystem_DecimatingFIR1:theDecimatingFIR1|altsyncram:u0_m0_wo0_wi0_r0_memr2_dmem|altsyncram_l602:auto_generated ; altsyncram_l602                               ; work         ;
;       |altsyncram:u0_m0_wo0_wi0_r0_memr3_dmem|                       ; 0 (0)               ; 0 (0)                     ; 204         ; 0          ; 0            ; 0       ; 0         ; 0    ; 0            ; 0          ; |decimation_filter_FilterSystem|decimation_filter_FilterSystem_DecimatingFIR1:theDecimatingFIR1|altsyncram:u0_m0_wo0_wi0_r0_memr3_dmem                                ; altsyncram                                    ; work         ;
;          |altsyncram_l602:auto_generated|                            ; 0 (0)               ; 0 (0)                     ; 204         ; 0          ; 0            ; 0       ; 0         ; 0    ; 0            ; 0          ; |decimation_filter_FilterSystem|decimation_filter_FilterSystem_DecimatingFIR1:theDecimatingFIR1|altsyncram:u0_m0_wo0_wi0_r0_memr3_dmem|altsyncram_l602:auto_generated ; altsyncram_l602                               ; work         ;
;       |dspba_delay_ver:d_busIn_read_12|                              ; 0 (0)               ; 2 (2)                     ; 0           ; 0          ; 0            ; 0       ; 0         ; 0    ; 0            ; 0          ; |decimation_filter_FilterSystem|decimation_filter_FilterSystem_DecimatingFIR1:theDecimatingFIR1|dspba_delay_ver:d_busIn_read_12                                       ; dspba_delay_ver                               ; work         ;
;       |dspba_delay_ver:d_busIn_writedata_11|                         ; 0 (0)               ; 16 (16)                   ; 0           ; 0          ; 0            ; 0       ; 0         ; 0    ; 0            ; 0          ; |decimation_filter_FilterSystem|decimation_filter_FilterSystem_DecimatingFIR1:theDecimatingFIR1|dspba_delay_ver:d_busIn_writedata_11                                  ; dspba_delay_ver                               ; work         ;
;       |dspba_delay_ver:d_in0_m0_wi0_wo0_assign_id1_q_13|             ; 0 (0)               ; 3 (3)                     ; 0           ; 0          ; 0            ; 0       ; 0         ; 0    ; 0            ; 0          ; |decimation_filter_FilterSystem|decimation_filter_FilterSystem_DecimatingFIR1:theDecimatingFIR1|dspba_delay_ver:d_in0_m0_wi0_wo0_assign_id1_q_13                      ; dspba_delay_ver                               ; work         ;
;       |dspba_delay_ver:d_rblookup_h_12|                              ; 0 (0)               ; 1 (1)                     ; 0           ; 0          ; 0            ; 0       ; 0         ; 0    ; 0            ; 0          ; |decimation_filter_FilterSystem|decimation_filter_FilterSystem_DecimatingFIR1:theDecimatingFIR1|dspba_delay_ver:d_rblookup_h_12                                       ; dspba_delay_ver                               ; work         ;
;       |dspba_delay_ver:d_u0_m0_wo0_compute_q_13|                     ; 0 (0)               ; 1 (1)                     ; 0           ; 0          ; 0            ; 0       ; 0         ; 0    ; 0            ; 0          ; |decimation_filter_FilterSystem|decimation_filter_FilterSystem_DecimatingFIR1:theDecimatingFIR1|dspba_delay_ver:d_u0_m0_wo0_compute_q_13                              ; dspba_delay_ver                               ; work         ;
;       |dspba_delay_ver:d_u0_m0_wo0_compute_q_16|                     ; 0 (0)               ; 3 (3)                     ; 0           ; 0          ; 0            ; 0       ; 0         ; 0    ; 0            ; 0          ; |decimation_filter_FilterSystem|decimation_filter_FilterSystem_DecimatingFIR1:theDecimatingFIR1|dspba_delay_ver:d_u0_m0_wo0_compute_q_16                              ; dspba_delay_ver                               ; work         ;
;       |dspba_delay_ver:d_u0_m0_wo0_compute_q_17|                     ; 0 (0)               ; 1 (1)                     ; 0           ; 0          ; 0            ; 0       ; 0         ; 0    ; 0            ; 0          ; |decimation_filter_FilterSystem|decimation_filter_FilterSystem_DecimatingFIR1:theDecimatingFIR1|dspba_delay_ver:d_u0_m0_wo0_compute_q_17                              ; dspba_delay_ver                               ; work         ;
;       |dspba_delay_ver:d_u0_m0_wo0_memread_q_13|                     ; 0 (0)               ; 1 (1)                     ; 0           ; 0          ; 0            ; 0       ; 0         ; 0    ; 0            ; 0          ; |decimation_filter_FilterSystem|decimation_filter_FilterSystem_DecimatingFIR1:theDecimatingFIR1|dspba_delay_ver:d_u0_m0_wo0_memread_q_13                              ; dspba_delay_ver                               ; work         ;
;       |dspba_delay_ver:d_xIn_0_13|                                   ; 0 (0)               ; 51 (51)                   ; 0           ; 0          ; 0            ; 0       ; 0         ; 0    ; 0            ; 0          ; |decimation_filter_FilterSystem|decimation_filter_FilterSystem_DecimatingFIR1:theDecimatingFIR1|dspba_delay_ver:d_xIn_0_13                                            ; dspba_delay_ver                               ; work         ;
;       |dspba_delay_ver:u0_m0_wo0_compute|                            ; 0 (0)               ; 1 (1)                     ; 0           ; 0          ; 0            ; 0       ; 0         ; 0    ; 0            ; 0          ; |decimation_filter_FilterSystem|decimation_filter_FilterSystem_DecimatingFIR1:theDecimatingFIR1|dspba_delay_ver:u0_m0_wo0_compute                                     ; dspba_delay_ver                               ; work         ;
;       |dspba_delay_ver:u0_m0_wo0_memread|                            ; 0 (0)               ; 1 (1)                     ; 0           ; 0          ; 0            ; 0       ; 0         ; 0    ; 0            ; 0          ; |decimation_filter_FilterSystem|decimation_filter_FilterSystem_DecimatingFIR1:theDecimatingFIR1|dspba_delay_ver:u0_m0_wo0_memread                                     ; dspba_delay_ver                               ; work         ;
;       |lpm_mult:u0_m0_wo0_mtree_mult1_0_component|                   ; 0 (0)               ; 0 (0)                     ; 0           ; 0          ; 2            ; 0       ; 1         ; 0    ; 0            ; 0          ; |decimation_filter_FilterSystem|decimation_filter_FilterSystem_DecimatingFIR1:theDecimatingFIR1|lpm_mult:u0_m0_wo0_mtree_mult1_0_component                            ; lpm_mult                                      ; work         ;
;          |mult_vot:auto_generated|                                   ; 0 (0)               ; 0 (0)                     ; 0           ; 0          ; 2            ; 0       ; 1         ; 0    ; 0            ; 0          ; |decimation_filter_FilterSystem|decimation_filter_FilterSystem_DecimatingFIR1:theDecimatingFIR1|lpm_mult:u0_m0_wo0_mtree_mult1_0_component|mult_vot:auto_generated    ; mult_vot                                      ; work         ;
;       |lpm_mult:u0_m0_wo0_mtree_mult1_1_component|                   ; 0 (0)               ; 0 (0)                     ; 0           ; 0          ; 2            ; 0       ; 1         ; 0    ; 0            ; 0          ; |decimation_filter_FilterSystem|decimation_filter_FilterSystem_DecimatingFIR1:theDecimatingFIR1|lpm_mult:u0_m0_wo0_mtree_mult1_1_component                            ; lpm_mult                                      ; work         ;
;          |mult_vot:auto_generated|                                   ; 0 (0)               ; 0 (0)                     ; 0           ; 0          ; 2            ; 0       ; 1         ; 0    ; 0            ; 0          ; |decimation_filter_FilterSystem|decimation_filter_FilterSystem_DecimatingFIR1:theDecimatingFIR1|lpm_mult:u0_m0_wo0_mtree_mult1_1_component|mult_vot:auto_generated    ; mult_vot                                      ; work         ;
;    |decimation_filter_FilterSystem_DecimatingFIR2:theDecimatingFIR2| ; 312 (312)           ; 753 (281)                 ; 888         ; 0          ; 8            ; 0       ; 4         ; 0    ; 0            ; 0          ; |decimation_filter_FilterSystem|decimation_filter_FilterSystem_DecimatingFIR2:theDecimatingFIR2                                                                       ; decimation_filter_FilterSystem_DecimatingFIR2 ; work         ;
;       |altsyncram:rm_dmem|                                           ; 0 (0)               ; 0 (0)                     ; 224         ; 0          ; 0            ; 0       ; 0         ; 0    ; 0            ; 0          ; |decimation_filter_FilterSystem|decimation_filter_FilterSystem_DecimatingFIR2:theDecimatingFIR2|altsyncram:rm_dmem                                                    ; altsyncram                                    ; work         ;
;          |altsyncram_8cb1:auto_generated|                            ; 0 (0)               ; 0 (0)                     ; 224         ; 0          ; 0            ; 0       ; 0         ; 0    ; 0            ; 0          ; |decimation_filter_FilterSystem|decimation_filter_FilterSystem_DecimatingFIR2:theDecimatingFIR2|altsyncram:rm_dmem|altsyncram_8cb1:auto_generated                     ; altsyncram_8cb1                               ; work         ;
;       |altsyncram:u0_m0_wo0_cm0_dmem|                                ; 0 (0)               ; 0 (0)                     ; 64          ; 0          ; 0            ; 0       ; 0         ; 0    ; 0            ; 0          ; |decimation_filter_FilterSystem|decimation_filter_FilterSystem_DecimatingFIR2:theDecimatingFIR2|altsyncram:u0_m0_wo0_cm0_dmem                                         ; altsyncram                                    ; work         ;
;          |altsyncram_6102:auto_generated|                            ; 0 (0)               ; 0 (0)                     ; 64          ; 0          ; 0            ; 0       ; 0         ; 0    ; 0            ; 0          ; |decimation_filter_FilterSystem|decimation_filter_FilterSystem_DecimatingFIR2:theDecimatingFIR2|altsyncram:u0_m0_wo0_cm0_dmem|altsyncram_6102:auto_generated          ; altsyncram_6102                               ; work         ;
;       |altsyncram:u0_m0_wo0_cm1_dmem|                                ; 0 (0)               ; 0 (0)                     ; 64          ; 0          ; 0            ; 0       ; 0         ; 0    ; 0            ; 0          ; |decimation_filter_FilterSystem|decimation_filter_FilterSystem_DecimatingFIR2:theDecimatingFIR2|altsyncram:u0_m0_wo0_cm1_dmem                                         ; altsyncram                                    ; work         ;
;          |altsyncram_6102:auto_generated|                            ; 0 (0)               ; 0 (0)                     ; 64          ; 0          ; 0            ; 0       ; 0         ; 0    ; 0            ; 0          ; |decimation_filter_FilterSystem|decimation_filter_FilterSystem_DecimatingFIR2:theDecimatingFIR2|altsyncram:u0_m0_wo0_cm1_dmem|altsyncram_6102:auto_generated          ; altsyncram_6102                               ; work         ;
;       |altsyncram:u0_m0_wo0_cm2_dmem|                                ; 0 (0)               ; 0 (0)                     ; 64          ; 0          ; 0            ; 0       ; 0         ; 0    ; 0            ; 0          ; |decimation_filter_FilterSystem|decimation_filter_FilterSystem_DecimatingFIR2:theDecimatingFIR2|altsyncram:u0_m0_wo0_cm2_dmem                                         ; altsyncram                                    ; work         ;
;          |altsyncram_6102:auto_generated|                            ; 0 (0)               ; 0 (0)                     ; 64          ; 0          ; 0            ; 0       ; 0         ; 0    ; 0            ; 0          ; |decimation_filter_FilterSystem|decimation_filter_FilterSystem_DecimatingFIR2:theDecimatingFIR2|altsyncram:u0_m0_wo0_cm2_dmem|altsyncram_6102:auto_generated          ; altsyncram_6102                               ; work         ;
;       |altsyncram:u0_m0_wo0_cm3_dmem|                                ; 0 (0)               ; 0 (0)                     ; 64          ; 0          ; 0            ; 0       ; 0         ; 0    ; 0            ; 0          ; |decimation_filter_FilterSystem|decimation_filter_FilterSystem_DecimatingFIR2:theDecimatingFIR2|altsyncram:u0_m0_wo0_cm3_dmem                                         ; altsyncram                                    ; work         ;
;          |altsyncram_6102:auto_generated|                            ; 0 (0)               ; 0 (0)                     ; 64          ; 0          ; 0            ; 0       ; 0         ; 0    ; 0            ; 0          ; |decimation_filter_FilterSystem|decimation_filter_FilterSystem_DecimatingFIR2:theDecimatingFIR2|altsyncram:u0_m0_wo0_cm3_dmem|altsyncram_6102:auto_generated          ; altsyncram_6102                               ; work         ;
;       |altsyncram:u0_m0_wo0_wi0_r0_memr0_dmem|                       ; 0 (0)               ; 0 (0)                     ; 136         ; 0          ; 0            ; 0       ; 0         ; 0    ; 0            ; 0          ; |decimation_filter_FilterSystem|decimation_filter_FilterSystem_DecimatingFIR2:theDecimatingFIR2|altsyncram:u0_m0_wo0_wi0_r0_memr0_dmem                                ; altsyncram                                    ; work         ;
;          |altsyncram_t302:auto_generated|                            ; 0 (0)               ; 0 (0)                     ; 136         ; 0          ; 0            ; 0       ; 0         ; 0    ; 0            ; 0          ; |decimation_filter_FilterSystem|decimation_filter_FilterSystem_DecimatingFIR2:theDecimatingFIR2|altsyncram:u0_m0_wo0_wi0_r0_memr0_dmem|altsyncram_t302:auto_generated ; altsyncram_t302                               ; work         ;
;       |altsyncram:u0_m0_wo0_wi0_r0_memr4_dmem|                       ; 0 (0)               ; 0 (0)                     ; 272         ; 0          ; 0            ; 0       ; 0         ; 0    ; 0            ; 0          ; |decimation_filter_FilterSystem|decimation_filter_FilterSystem_DecimatingFIR2:theDecimatingFIR2|altsyncram:u0_m0_wo0_wi0_r0_memr4_dmem                                ; altsyncram                                    ; work         ;
;          |altsyncram_t602:auto_generated|                            ; 0 (0)               ; 0 (0)                     ; 272         ; 0          ; 0            ; 0       ; 0         ; 0    ; 0            ; 0          ; |decimation_filter_FilterSystem|decimation_filter_FilterSystem_DecimatingFIR2:theDecimatingFIR2|altsyncram:u0_m0_wo0_wi0_r0_memr4_dmem|altsyncram_t602:auto_generated ; altsyncram_t602                               ; work         ;
;       |dspba_delay_ver:d_in0_m0_wi0_wo0_assign_id1_q_13|             ; 0 (0)               ; 3 (3)                     ; 0           ; 0          ; 0            ; 0       ; 0         ; 0    ; 0            ; 0          ; |decimation_filter_FilterSystem|decimation_filter_FilterSystem_DecimatingFIR2:theDecimatingFIR2|dspba_delay_ver:d_in0_m0_wi0_wo0_assign_id1_q_13                      ; dspba_delay_ver                               ; work         ;
;       |dspba_delay_ver:d_rblookup_h_12|                              ; 0 (0)               ; 1 (1)                     ; 0           ; 0          ; 0            ; 0       ; 0         ; 0    ; 0            ; 0          ; |decimation_filter_FilterSystem|decimation_filter_FilterSystem_DecimatingFIR2:theDecimatingFIR2|dspba_delay_ver:d_rblookup_h_12                                       ; dspba_delay_ver                               ; work         ;
;       |dspba_delay_ver:d_u0_m0_wo0_compute_q_13|                     ; 0 (0)               ; 1 (1)                     ; 0           ; 0          ; 0            ; 0       ; 0         ; 0    ; 0            ; 0          ; |decimation_filter_FilterSystem|decimation_filter_FilterSystem_DecimatingFIR2:theDecimatingFIR2|dspba_delay_ver:d_u0_m0_wo0_compute_q_13                              ; dspba_delay_ver                               ; work         ;
;       |dspba_delay_ver:d_u0_m0_wo0_compute_q_17|                     ; 0 (0)               ; 4 (4)                     ; 0           ; 0          ; 0            ; 0       ; 0         ; 0    ; 0            ; 0          ; |decimation_filter_FilterSystem|decimation_filter_FilterSystem_DecimatingFIR2:theDecimatingFIR2|dspba_delay_ver:d_u0_m0_wo0_compute_q_17                              ; dspba_delay_ver                               ; work         ;
;       |dspba_delay_ver:d_u0_m0_wo0_compute_q_18|                     ; 0 (0)               ; 1 (1)                     ; 0           ; 0          ; 0            ; 0       ; 0         ; 0    ; 0            ; 0          ; |decimation_filter_FilterSystem|decimation_filter_FilterSystem_DecimatingFIR2:theDecimatingFIR2|dspba_delay_ver:d_u0_m0_wo0_compute_q_18                              ; dspba_delay_ver                               ; work         ;
;       |dspba_delay_ver:d_u0_m0_wo0_memread_q_13|                     ; 0 (0)               ; 1 (1)                     ; 0           ; 0          ; 0            ; 0       ; 0         ; 0    ; 0            ; 0          ; |decimation_filter_FilterSystem|decimation_filter_FilterSystem_DecimatingFIR2:theDecimatingFIR2|dspba_delay_ver:d_u0_m0_wo0_memread_q_13                              ; dspba_delay_ver                               ; work         ;
;       |dspba_delay_ver:d_xIn_0_13|                                   ; 0 (0)               ; 51 (51)                   ; 0           ; 0          ; 0            ; 0       ; 0         ; 0    ; 0            ; 0          ; |decimation_filter_FilterSystem|decimation_filter_FilterSystem_DecimatingFIR2:theDecimatingFIR2|dspba_delay_ver:d_xIn_0_13                                            ; dspba_delay_ver                               ; work         ;
;       |dspba_delay_ver:u0_m0_wo0_compute|                            ; 0 (0)               ; 1 (1)                     ; 0           ; 0          ; 0            ; 0       ; 0         ; 0    ; 0            ; 0          ; |decimation_filter_FilterSystem|decimation_filter_FilterSystem_DecimatingFIR2:theDecimatingFIR2|dspba_delay_ver:u0_m0_wo0_compute                                     ; dspba_delay_ver                               ; work         ;
;       |dspba_delay_ver:u0_m0_wo0_memread|                            ; 0 (0)               ; 1 (1)                     ; 0           ; 0          ; 0            ; 0       ; 0         ; 0    ; 0            ; 0          ; |decimation_filter_FilterSystem|decimation_filter_FilterSystem_DecimatingFIR2:theDecimatingFIR2|dspba_delay_ver:u0_m0_wo0_memread                                     ; dspba_delay_ver                               ; work         ;
;       |dspba_delay_ver:u0_m0_wo0_wi0_r0_delayr1|                     ; 0 (0)               ; 68 (68)                   ; 0           ; 0          ; 0            ; 0       ; 0         ; 0    ; 0            ; 0          ; |decimation_filter_FilterSystem|decimation_filter_FilterSystem_DecimatingFIR2:theDecimatingFIR2|dspba_delay_ver:u0_m0_wo0_wi0_r0_delayr1                              ; dspba_delay_ver                               ; work         ;
;       |dspba_delay_ver:u0_m0_wo0_wi0_r0_delayr2|                     ; 0 (0)               ; 68 (68)                   ; 0           ; 0          ; 0            ; 0       ; 0         ; 0    ; 0            ; 0          ; |decimation_filter_FilterSystem|decimation_filter_FilterSystem_DecimatingFIR2:theDecimatingFIR2|dspba_delay_ver:u0_m0_wo0_wi0_r0_delayr2                              ; dspba_delay_ver                               ; work         ;
;       |dspba_delay_ver:u0_m0_wo0_wi0_r0_delayr3|                     ; 0 (0)               ; 68 (68)                   ; 0           ; 0          ; 0            ; 0       ; 0         ; 0    ; 0            ; 0          ; |decimation_filter_FilterSystem|decimation_filter_FilterSystem_DecimatingFIR2:theDecimatingFIR2|dspba_delay_ver:u0_m0_wo0_wi0_r0_delayr3                              ; dspba_delay_ver                               ; work         ;
;       |dspba_delay_ver:u0_m0_wo0_wi0_r0_delayr5|                     ; 0 (0)               ; 68 (68)                   ; 0           ; 0          ; 0            ; 0       ; 0         ; 0    ; 0            ; 0          ; |decimation_filter_FilterSystem|decimation_filter_FilterSystem_DecimatingFIR2:theDecimatingFIR2|dspba_delay_ver:u0_m0_wo0_wi0_r0_delayr5                              ; dspba_delay_ver                               ; work         ;
;       |dspba_delay_ver:u0_m0_wo0_wi0_r0_delayr6|                     ; 0 (0)               ; 68 (68)                   ; 0           ; 0          ; 0            ; 0       ; 0         ; 0    ; 0            ; 0          ; |decimation_filter_FilterSystem|decimation_filter_FilterSystem_DecimatingFIR2:theDecimatingFIR2|dspba_delay_ver:u0_m0_wo0_wi0_r0_delayr6                              ; dspba_delay_ver                               ; work         ;
;       |dspba_delay_ver:u0_m0_wo0_wi0_r0_delayr7|                     ; 0 (0)               ; 68 (68)                   ; 0           ; 0          ; 0            ; 0       ; 0         ; 0    ; 0            ; 0          ; |decimation_filter_FilterSystem|decimation_filter_FilterSystem_DecimatingFIR2:theDecimatingFIR2|dspba_delay_ver:u0_m0_wo0_wi0_r0_delayr7                              ; dspba_delay_ver                               ; work         ;
;       |lpm_mult:u0_m0_wo0_mtree_mult1_0_component|                   ; 0 (0)               ; 0 (0)                     ; 0           ; 0          ; 2            ; 0       ; 1         ; 0    ; 0            ; 0          ; |decimation_filter_FilterSystem|decimation_filter_FilterSystem_DecimatingFIR2:theDecimatingFIR2|lpm_mult:u0_m0_wo0_mtree_mult1_0_component                            ; lpm_mult                                      ; work         ;
;          |mult_vot:auto_generated|                                   ; 0 (0)               ; 0 (0)                     ; 0           ; 0          ; 2            ; 0       ; 1         ; 0    ; 0            ; 0          ; |decimation_filter_FilterSystem|decimation_filter_FilterSystem_DecimatingFIR2:theDecimatingFIR2|lpm_mult:u0_m0_wo0_mtree_mult1_0_component|mult_vot:auto_generated    ; mult_vot                                      ; work         ;
;       |lpm_mult:u0_m0_wo0_mtree_mult1_1_component|                   ; 0 (0)               ; 0 (0)                     ; 0           ; 0          ; 2            ; 0       ; 1         ; 0    ; 0            ; 0          ; |decimation_filter_FilterSystem|decimation_filter_FilterSystem_DecimatingFIR2:theDecimatingFIR2|lpm_mult:u0_m0_wo0_mtree_mult1_1_component                            ; lpm_mult                                      ; work         ;
;          |mult_vot:auto_generated|                                   ; 0 (0)               ; 0 (0)                     ; 0           ; 0          ; 2            ; 0       ; 1         ; 0    ; 0            ; 0          ; |decimation_filter_FilterSystem|decimation_filter_FilterSystem_DecimatingFIR2:theDecimatingFIR2|lpm_mult:u0_m0_wo0_mtree_mult1_1_component|mult_vot:auto_generated    ; mult_vot                                      ; work         ;
;       |lpm_mult:u0_m0_wo0_mtree_mult1_2_component|                   ; 0 (0)               ; 0 (0)                     ; 0           ; 0          ; 2            ; 0       ; 1         ; 0    ; 0            ; 0          ; |decimation_filter_FilterSystem|decimation_filter_FilterSystem_DecimatingFIR2:theDecimatingFIR2|lpm_mult:u0_m0_wo0_mtree_mult1_2_component                            ; lpm_mult                                      ; work         ;
;          |mult_vot:auto_generated|                                   ; 0 (0)               ; 0 (0)                     ; 0           ; 0          ; 2            ; 0       ; 1         ; 0    ; 0            ; 0          ; |decimation_filter_FilterSystem|decimation_filter_FilterSystem_DecimatingFIR2:theDecimatingFIR2|lpm_mult:u0_m0_wo0_mtree_mult1_2_component|mult_vot:auto_generated    ; mult_vot                                      ; work         ;
;       |lpm_mult:u0_m0_wo0_mtree_mult1_3_component|                   ; 0 (0)               ; 0 (0)                     ; 0           ; 0          ; 2            ; 0       ; 1         ; 0    ; 0            ; 0          ; |decimation_filter_FilterSystem|decimation_filter_FilterSystem_DecimatingFIR2:theDecimatingFIR2|lpm_mult:u0_m0_wo0_mtree_mult1_3_component                            ; lpm_mult                                      ; work         ;
;          |mult_vot:auto_generated|                                   ; 0 (0)               ; 0 (0)                     ; 0           ; 0          ; 2            ; 0       ; 1         ; 0    ; 0            ; 0          ; |decimation_filter_FilterSystem|decimation_filter_FilterSystem_DecimatingFIR2:theDecimatingFIR2|lpm_mult:u0_m0_wo0_mtree_mult1_3_component|mult_vot:auto_generated    ; mult_vot                                      ; work         ;
;    |decimation_filter_FilterSystem_Scale2:theScale2|                 ; 78 (78)             ; 18 (17)                   ; 0           ; 0          ; 0            ; 0       ; 0         ; 0    ; 0            ; 0          ; |decimation_filter_FilterSystem|decimation_filter_FilterSystem_Scale2:theScale2                                                                                       ; decimation_filter_FilterSystem_Scale2         ; work         ;
;       |dspba_delay_ver:redist0_xIn_v_1|                              ; 0 (0)               ; 1 (1)                     ; 0           ; 0          ; 0            ; 0       ; 0         ; 0    ; 0            ; 0          ; |decimation_filter_FilterSystem|decimation_filter_FilterSystem_Scale2:theScale2|dspba_delay_ver:redist0_xIn_v_1                                                       ; dspba_delay_ver                               ; work         ;
;    |decimation_filter_FilterSystem_Scale3:theScale3|                 ; 81 (81)             ; 18 (17)                   ; 0           ; 0          ; 0            ; 0       ; 0         ; 0    ; 0            ; 0          ; |decimation_filter_FilterSystem|decimation_filter_FilterSystem_Scale3:theScale3                                                                                       ; decimation_filter_FilterSystem_Scale3         ; work         ;
;       |dspba_delay_ver:redist0_xIn_v_1|                              ; 0 (0)               ; 1 (1)                     ; 0           ; 0          ; 0            ; 0       ; 0         ; 0    ; 0            ; 0          ; |decimation_filter_FilterSystem|decimation_filter_FilterSystem_Scale3:theScale3|dspba_delay_ver:redist0_xIn_v_1                                                       ; dspba_delay_ver                               ; work         ;
;    |dspba_delay_ver:decimation_filter_FilterSystem_readDelayed|      ; 0 (0)               ; 2 (2)                     ; 0           ; 0          ; 0            ; 0       ; 0         ; 0    ; 0            ; 0          ; |decimation_filter_FilterSystem|dspba_delay_ver:decimation_filter_FilterSystem_readDelayed                                                                            ; dspba_delay_ver                               ; work         ;
+----------------------------------------------------------------------+---------------------+---------------------------+-------------+------------+--------------+---------+-----------+------+--------------+------------+-----------------------------------------------------------------------------------------------------------------------------------------------------------------------+-----------------------------------------------+--------------+
Note: For table entries with two numbers listed, the numbers in parentheses indicate the number of resources of the given type used by the specific entity alone. The numbers listed outside of parentheses indicate the total resources of the given type used by the specific entity and all of its sub-entities in the hierarchy.


+------------------------------------------------------------------------------------------------------------------------------------------------------------------------------------------------------------------------------------------------------+
; Analysis & Synthesis RAM Summary                                                                                                                                                                                                                     ;
+--------------------------------------------------------------------------------------------------------------------------------------------------+------+------------------+--------------+--------------+--------------+--------------+------+------+
; Name                                                                                                                                             ; Type ; Mode             ; Port A Depth ; Port A Width ; Port B Depth ; Port B Width ; Size ; MIF  ;
+--------------------------------------------------------------------------------------------------------------------------------------------------+------+------------------+--------------+--------------+--------------+--------------+------+------+
; decimation_filter_FilterSystem_DecimatingFIR1:theDecimatingFIR1|altsyncram:rm_dmem|altsyncram_oab1:auto_generated|ALTSYNCRAM                     ; M9K  ; Single Port      ; 6            ; 16           ; --           ; --           ; 96   ; None ;
; decimation_filter_FilterSystem_DecimatingFIR1:theDecimatingFIR1|altsyncram:u0_m0_wo0_cm0_dmem|altsyncram_6102:auto_generated|ALTSYNCRAM          ; M9K  ; Simple Dual Port ; 4            ; 16           ; 4            ; 16           ; 64   ; None ;
; decimation_filter_FilterSystem_DecimatingFIR1:theDecimatingFIR1|altsyncram:u0_m0_wo0_cm1_dmem|altsyncram_6102:auto_generated|ALTSYNCRAM          ; M9K  ; Simple Dual Port ; 4            ; 16           ; 4            ; 16           ; 64   ; None ;
; decimation_filter_FilterSystem_DecimatingFIR1:theDecimatingFIR1|altsyncram:u0_m0_wo0_wi0_r0_memr0_dmem|altsyncram_t302:auto_generated|ALTSYNCRAM ; M9K  ; Simple Dual Port ; 8            ; 17           ; 8            ; 17           ; 136  ; None ;
; decimation_filter_FilterSystem_DecimatingFIR1:theDecimatingFIR1|altsyncram:u0_m0_wo0_wi0_r0_memr1_dmem|altsyncram_t302:auto_generated|ALTSYNCRAM ; M9K  ; Simple Dual Port ; 8            ; 17           ; 8            ; 17           ; 136  ; None ;
; decimation_filter_FilterSystem_DecimatingFIR1:theDecimatingFIR1|altsyncram:u0_m0_wo0_wi0_r0_memr2_dmem|altsyncram_l602:auto_generated|ALTSYNCRAM ; M9K  ; Simple Dual Port ; 12           ; 17           ; 12           ; 17           ; 204  ; None ;
; decimation_filter_FilterSystem_DecimatingFIR1:theDecimatingFIR1|altsyncram:u0_m0_wo0_wi0_r0_memr3_dmem|altsyncram_l602:auto_generated|ALTSYNCRAM ; M9K  ; Simple Dual Port ; 12           ; 17           ; 12           ; 17           ; 204  ; None ;
; decimation_filter_FilterSystem_DecimatingFIR2:theDecimatingFIR2|altsyncram:rm_dmem|altsyncram_8cb1:auto_generated|ALTSYNCRAM                     ; M9K  ; Single Port      ; 14           ; 16           ; --           ; --           ; 224  ; None ;
; decimation_filter_FilterSystem_DecimatingFIR2:theDecimatingFIR2|altsyncram:u0_m0_wo0_cm0_dmem|altsyncram_6102:auto_generated|ALTSYNCRAM          ; M9K  ; Simple Dual Port ; 4            ; 16           ; 4            ; 16           ; 64   ; None ;
; decimation_filter_FilterSystem_DecimatingFIR2:theDecimatingFIR2|altsyncram:u0_m0_wo0_cm1_dmem|altsyncram_6102:auto_generated|ALTSYNCRAM          ; M9K  ; Simple Dual Port ; 4            ; 16           ; 4            ; 16           ; 64   ; None ;
; decimation_filter_FilterSystem_DecimatingFIR2:theDecimatingFIR2|altsyncram:u0_m0_wo0_cm2_dmem|altsyncram_6102:auto_generated|ALTSYNCRAM          ; M9K  ; Simple Dual Port ; 4            ; 16           ; 4            ; 16           ; 64   ; None ;
; decimation_filter_FilterSystem_DecimatingFIR2:theDecimatingFIR2|altsyncram:u0_m0_wo0_cm3_dmem|altsyncram_6102:auto_generated|ALTSYNCRAM          ; M9K  ; Simple Dual Port ; 4            ; 16           ; 4            ; 16           ; 64   ; None ;
; decimation_filter_FilterSystem_DecimatingFIR2:theDecimatingFIR2|altsyncram:u0_m0_wo0_wi0_r0_memr0_dmem|altsyncram_t302:auto_generated|ALTSYNCRAM ; M9K  ; Simple Dual Port ; 8            ; 17           ; 8            ; 17           ; 136  ; None ;
; decimation_filter_FilterSystem_DecimatingFIR2:theDecimatingFIR2|altsyncram:u0_m0_wo0_wi0_r0_memr4_dmem|altsyncram_t602:auto_generated|ALTSYNCRAM ; M9K  ; Simple Dual Port ; 16           ; 17           ; 16           ; 17           ; 272  ; None ;
+--------------------------------------------------------------------------------------------------------------------------------------------------+------+------------------+--------------+--------------+--------------+--------------+------+------+


+-----------------------------------------------------+
; Analysis & Synthesis DSP Block Usage Summary        ;
+---------------------------------------+-------------+
; Statistic                             ; Number Used ;
+---------------------------------------+-------------+
; Simple Multipliers (9-bit)            ; 0           ;
; Simple Multipliers (18-bit)           ; 6           ;
; Embedded Multiplier Blocks            ; --          ;
; Embedded Multiplier 9-bit elements    ; 12          ;
; Signed Embedded Multipliers           ; 6           ;
; Unsigned Embedded Multipliers         ; 0           ;
; Mixed Sign Embedded Multipliers       ; 0           ;
; Variable Sign Embedded Multipliers    ; 0           ;
; Dedicated Input Shift Register Chains ; 0           ;
+---------------------------------------+-------------+
Note: number of Embedded Multiplier Blocks used is only available after a successful fit.


Encoding Type:  One-Hot
+-------------------------------------------------------------------------------------------------------------------------------------------------------------------------------------------------------------------------------------------------------------------------------------------------------------------------------------------------------------------------------------------------------------------------------+
; State Machine - |decimation_filter_FilterSystem|decimation_filter_FilterSystem_DecimatingFIR1:theDecimatingFIR1|u0_m0_wo0_wi0_r0_wa3_1_q                                                                                                                                                                                                                                                                                      ;
+-------------------------------+-------------------------------+-------------------------------+-------------------------------+-------------------------------+-------------------------------+-------------------------------+-------------------------------+-------------------------------+-------------------------------+-------------------------------+-------------------------------+-------------------------------+
; Name                          ; u0_m0_wo0_wi0_r0_wa3_1_q.1011 ; u0_m0_wo0_wi0_r0_wa3_1_q.1010 ; u0_m0_wo0_wi0_r0_wa3_1_q.1001 ; u0_m0_wo0_wi0_r0_wa3_1_q.1000 ; u0_m0_wo0_wi0_r0_wa3_1_q.0000 ; u0_m0_wo0_wi0_r0_wa3_1_q.0110 ; u0_m0_wo0_wi0_r0_wa3_1_q.0101 ; u0_m0_wo0_wi0_r0_wa3_1_q.0100 ; u0_m0_wo0_wi0_r0_wa3_1_q.0011 ; u0_m0_wo0_wi0_r0_wa3_1_q.0010 ; u0_m0_wo0_wi0_r0_wa3_1_q.0001 ; u0_m0_wo0_wi0_r0_wa3_1_q.0111 ;
+-------------------------------+-------------------------------+-------------------------------+-------------------------------+-------------------------------+-------------------------------+-------------------------------+-------------------------------+-------------------------------+-------------------------------+-------------------------------+-------------------------------+-------------------------------+
; u0_m0_wo0_wi0_r0_wa3_1_q.0111 ; 0                             ; 0                             ; 0                             ; 0                             ; 0                             ; 0                             ; 0                             ; 0                             ; 0                             ; 0                             ; 0                             ; 0                             ;
; u0_m0_wo0_wi0_r0_wa3_1_q.0001 ; 0                             ; 0                             ; 0                             ; 0                             ; 0                             ; 0                             ; 0                             ; 0                             ; 0                             ; 0                             ; 1                             ; 1                             ;
; u0_m0_wo0_wi0_r0_wa3_1_q.0010 ; 0                             ; 0                             ; 0                             ; 0                             ; 0                             ; 0                             ; 0                             ; 0                             ; 0                             ; 1                             ; 0                             ; 1                             ;
; u0_m0_wo0_wi0_r0_wa3_1_q.0011 ; 0                             ; 0                             ; 0                             ; 0                             ; 0                             ; 0                             ; 0                             ; 0                             ; 1                             ; 0                             ; 0                             ; 1                             ;
; u0_m0_wo0_wi0_r0_wa3_1_q.0100 ; 0                             ; 0                             ; 0                             ; 0                             ; 0                             ; 0                             ; 0                             ; 1                             ; 0                             ; 0                             ; 0                             ; 1                             ;
; u0_m0_wo0_wi0_r0_wa3_1_q.0101 ; 0                             ; 0                             ; 0                             ; 0                             ; 0                             ; 0                             ; 1                             ; 0                             ; 0                             ; 0                             ; 0                             ; 1                             ;
; u0_m0_wo0_wi0_r0_wa3_1_q.0110 ; 0                             ; 0                             ; 0                             ; 0                             ; 0                             ; 1                             ; 0                             ; 0                             ; 0                             ; 0                             ; 0                             ; 1                             ;
; u0_m0_wo0_wi0_r0_wa3_1_q.0000 ; 0                             ; 0                             ; 0                             ; 0                             ; 1                             ; 0                             ; 0                             ; 0                             ; 0                             ; 0                             ; 0                             ; 1                             ;
; u0_m0_wo0_wi0_r0_wa3_1_q.1000 ; 0                             ; 0                             ; 0                             ; 1                             ; 0                             ; 0                             ; 0                             ; 0                             ; 0                             ; 0                             ; 0                             ; 1                             ;
; u0_m0_wo0_wi0_r0_wa3_1_q.1001 ; 0                             ; 0                             ; 1                             ; 0                             ; 0                             ; 0                             ; 0                             ; 0                             ; 0                             ; 0                             ; 0                             ; 1                             ;
; u0_m0_wo0_wi0_r0_wa3_1_q.1010 ; 0                             ; 1                             ; 0                             ; 0                             ; 0                             ; 0                             ; 0                             ; 0                             ; 0                             ; 0                             ; 0                             ; 1                             ;
; u0_m0_wo0_wi0_r0_wa3_1_q.1011 ; 1                             ; 0                             ; 0                             ; 0                             ; 0                             ; 0                             ; 0                             ; 0                             ; 0                             ; 0                             ; 0                             ; 1                             ;
+-------------------------------+-------------------------------+-------------------------------+-------------------------------+-------------------------------+-------------------------------+-------------------------------+-------------------------------+-------------------------------+-------------------------------+-------------------------------+-------------------------------+-------------------------------+


+------------------------------------------------------------------------------------------------------------------------------------------------------------------------------------------------------------------+
; Registers Protected by Synthesis                                                                                                                                                                                 ;
+--------------------------------------------------------------------------------------------------+------------------------------------------------------------------+--------------------------------------------+
; Register Name                                                                                    ; Protected by Synthesis Attribute or Preserve Register Assignment ; Not to be Touched by Netlist Optimizations ;
+--------------------------------------------------------------------------------------------------+------------------------------------------------------------------+--------------------------------------------+
; decimation_filter_FilterSystem_DecimatingFIR2:theDecimatingFIR2|u0_m0_wo0_ca3_i[0]               ; yes                                                              ; yes                                        ;
; decimation_filter_FilterSystem_DecimatingFIR2:theDecimatingFIR2|u0_m0_wo0_ca3_i[1]               ; yes                                                              ; yes                                        ;
; decimation_filter_FilterSystem_DecimatingFIR2:theDecimatingFIR2|u0_m0_wo0_wi0_r0_wa4_i[0]        ; yes                                                              ; yes                                        ;
; decimation_filter_FilterSystem_DecimatingFIR2:theDecimatingFIR2|u0_m0_wo0_wi0_r0_wa4_i[1]        ; yes                                                              ; yes                                        ;
; decimation_filter_FilterSystem_DecimatingFIR2:theDecimatingFIR2|u0_m0_wo0_wi0_r0_wa4_i[2]        ; yes                                                              ; yes                                        ;
; decimation_filter_FilterSystem_DecimatingFIR2:theDecimatingFIR2|u0_m0_wo0_wi0_r0_wa4_i[3]        ; yes                                                              ; yes                                        ;
; decimation_filter_FilterSystem_DecimatingFIR2:theDecimatingFIR2|u0_m0_wo0_wi0_r0_wa0_i[0]        ; yes                                                              ; yes                                        ;
; decimation_filter_FilterSystem_DecimatingFIR2:theDecimatingFIR2|u0_m0_wo0_wi0_r0_wa0_i[1]        ; yes                                                              ; yes                                        ;
; decimation_filter_FilterSystem_DecimatingFIR2:theDecimatingFIR2|u0_m0_wo0_wi0_r0_wa0_i[2]        ; yes                                                              ; yes                                        ;
; decimation_filter_FilterSystem_DecimatingFIR2:theDecimatingFIR2|u0_m0_wo0_wi0_r0_ra0_count0_i[0] ; yes                                                              ; yes                                        ;
; decimation_filter_FilterSystem_DecimatingFIR2:theDecimatingFIR2|u0_m0_wo0_wi0_r0_ra0_count0_i[1] ; yes                                                              ; yes                                        ;
; decimation_filter_FilterSystem_DecimatingFIR2:theDecimatingFIR2|u0_m0_wo0_wi0_r0_ra0_count0_i[2] ; yes                                                              ; yes                                        ;
; decimation_filter_FilterSystem_DecimatingFIR2:theDecimatingFIR2|u0_m0_wo0_wi0_r0_ra4_count0_i[0] ; yes                                                              ; yes                                        ;
; decimation_filter_FilterSystem_DecimatingFIR2:theDecimatingFIR2|u0_m0_wo0_wi0_r0_ra4_count0_i[1] ; yes                                                              ; yes                                        ;
; decimation_filter_FilterSystem_DecimatingFIR2:theDecimatingFIR2|u0_m0_wo0_wi0_r0_ra4_count0_i[2] ; yes                                                              ; yes                                        ;
; decimation_filter_FilterSystem_DecimatingFIR2:theDecimatingFIR2|u0_m0_wo0_wi0_r0_ra4_count0_i[3] ; yes                                                              ; yes                                        ;
; decimation_filter_FilterSystem_DecimatingFIR1:theDecimatingFIR1|u0_m0_wo0_ca1_i[0]               ; yes                                                              ; yes                                        ;
; decimation_filter_FilterSystem_DecimatingFIR1:theDecimatingFIR1|u0_m0_wo0_ca1_i[1]               ; yes                                                              ; yes                                        ;
; decimation_filter_FilterSystem_DecimatingFIR1:theDecimatingFIR1|u0_m0_wo0_ca1_eq                 ; yes                                                              ; yes                                        ;
; decimation_filter_FilterSystem_DecimatingFIR1:theDecimatingFIR1|u0_m0_wo0_wi0_r0_wa1_i[0]        ; yes                                                              ; yes                                        ;
; decimation_filter_FilterSystem_DecimatingFIR1:theDecimatingFIR1|u0_m0_wo0_wi0_r0_wa1_i[1]        ; yes                                                              ; yes                                        ;
; decimation_filter_FilterSystem_DecimatingFIR1:theDecimatingFIR1|u0_m0_wo0_wi0_r0_wa1_i[2]        ; yes                                                              ; yes                                        ;
; decimation_filter_FilterSystem_DecimatingFIR1:theDecimatingFIR1|u0_m0_wo0_wi0_r0_wa2_i[0]        ; yes                                                              ; yes                                        ;
; decimation_filter_FilterSystem_DecimatingFIR1:theDecimatingFIR1|u0_m0_wo0_wi0_r0_wa2_i[1]        ; yes                                                              ; yes                                        ;
; decimation_filter_FilterSystem_DecimatingFIR1:theDecimatingFIR1|u0_m0_wo0_wi0_r0_wa2_i[2]        ; yes                                                              ; yes                                        ;
; decimation_filter_FilterSystem_DecimatingFIR1:theDecimatingFIR1|u0_m0_wo0_wi0_r0_wa2_i[3]        ; yes                                                              ; yes                                        ;
; decimation_filter_FilterSystem_DecimatingFIR1:theDecimatingFIR1|u0_m0_wo0_wi0_r0_wa0_i[0]        ; yes                                                              ; yes                                        ;
; decimation_filter_FilterSystem_DecimatingFIR1:theDecimatingFIR1|u0_m0_wo0_wi0_r0_wa0_i[1]        ; yes                                                              ; yes                                        ;
; decimation_filter_FilterSystem_DecimatingFIR1:theDecimatingFIR1|u0_m0_wo0_wi0_r0_wa0_i[2]        ; yes                                                              ; yes                                        ;
; decimation_filter_FilterSystem_DecimatingFIR1:theDecimatingFIR1|u0_m0_wo0_wi0_r0_ra1_count0_i[1] ; yes                                                              ; yes                                        ;
; decimation_filter_FilterSystem_DecimatingFIR1:theDecimatingFIR1|u0_m0_wo0_wi0_r0_ra1_count0_i[2] ; yes                                                              ; yes                                        ;
; decimation_filter_FilterSystem_DecimatingFIR1:theDecimatingFIR1|u0_m0_wo0_wi0_r0_ra1_count0_i[0] ; yes                                                              ; yes                                        ;
; decimation_filter_FilterSystem_DecimatingFIR1:theDecimatingFIR1|u0_m0_wo0_wi0_r0_wa2_eq          ; yes                                                              ; yes                                        ;
; decimation_filter_FilterSystem_DecimatingFIR1:theDecimatingFIR1|u0_m0_wo0_wi0_r0_ra2_count0_i[1] ; yes                                                              ; yes                                        ;
; decimation_filter_FilterSystem_DecimatingFIR1:theDecimatingFIR1|u0_m0_wo0_wi0_r0_ra2_count0_i[0] ; yes                                                              ; yes                                        ;
; decimation_filter_FilterSystem_DecimatingFIR1:theDecimatingFIR1|u0_m0_wo0_wi0_r0_ra2_count0_i[2] ; yes                                                              ; yes                                        ;
; decimation_filter_FilterSystem_DecimatingFIR1:theDecimatingFIR1|u0_m0_wo0_wi0_r0_ra2_count0_i[3] ; yes                                                              ; yes                                        ;
; decimation_filter_FilterSystem_DecimatingFIR1:theDecimatingFIR1|u0_m0_wo0_wi0_r0_ra3_count0_i[0] ; yes                                                              ; yes                                        ;
; decimation_filter_FilterSystem_DecimatingFIR1:theDecimatingFIR1|u0_m0_wo0_wi0_r0_ra3_count0_i[1] ; yes                                                              ; yes                                        ;
; decimation_filter_FilterSystem_DecimatingFIR1:theDecimatingFIR1|u0_m0_wo0_wi0_r0_ra3_count0_i[2] ; yes                                                              ; yes                                        ;
; decimation_filter_FilterSystem_DecimatingFIR1:theDecimatingFIR1|u0_m0_wo0_wi0_r0_ra3_count0_i[3] ; yes                                                              ; yes                                        ;
; decimation_filter_FilterSystem_DecimatingFIR1:theDecimatingFIR1|u0_m0_wo0_wi0_r0_ra1_count0_eq   ; yes                                                              ; yes                                        ;
; decimation_filter_FilterSystem_DecimatingFIR1:theDecimatingFIR1|u0_m0_wo0_wi0_r0_ra2_count0_eq   ; yes                                                              ; yes                                        ;
; decimation_filter_FilterSystem_DecimatingFIR1:theDecimatingFIR1|u0_m0_wo0_wi0_r0_ra3_count0_eq   ; yes                                                              ; yes                                        ;
; Total number of protected registers is 44                                                        ;                                                                  ;                                            ;
+--------------------------------------------------------------------------------------------------+------------------------------------------------------------------+--------------------------------------------+


+--------------------------------------------------------------------------------------------------------------------------------------------------------------------------------------------------------------------------------------------------------+
; Registers Removed During Synthesis                                                                                                                                                                                                                     ;
+--------------------------------------------------------------------------------------------------------------------+-----------------------------------------------------------------------------------------------------------------------------------+
; Register name                                                                                                      ; Reason for Removal                                                                                                                ;
+--------------------------------------------------------------------------------------------------------------------+-----------------------------------------------------------------------------------------------------------------------------------+
; decimation_filter_FilterSystem_Scale3:theScale3|dspba_delay_ver:redist1_xIn_c_1|delays[0][0]                       ; Stuck at GND due to stuck port data_in                                                                                            ;
; decimation_filter_FilterSystem_Scale3:theScale3|dspba_delay_ver:redist1_xIn_c_1|delays[0][7]                       ; Stuck at GND due to stuck port data_in                                                                                            ;
; decimation_filter_FilterSystem_Scale3:theScale3|dspba_delay_ver:redist1_xIn_c_1|delays[0][6]                       ; Stuck at GND due to stuck port data_in                                                                                            ;
; decimation_filter_FilterSystem_Scale3:theScale3|dspba_delay_ver:redist1_xIn_c_1|delays[0][5]                       ; Stuck at GND due to stuck port data_in                                                                                            ;
; decimation_filter_FilterSystem_Scale3:theScale3|dspba_delay_ver:redist1_xIn_c_1|delays[0][4]                       ; Stuck at GND due to stuck port data_in                                                                                            ;
; decimation_filter_FilterSystem_Scale3:theScale3|dspba_delay_ver:redist1_xIn_c_1|delays[0][3]                       ; Stuck at GND due to stuck port data_in                                                                                            ;
; decimation_filter_FilterSystem_Scale3:theScale3|dspba_delay_ver:redist1_xIn_c_1|delays[0][2]                       ; Stuck at GND due to stuck port data_in                                                                                            ;
; decimation_filter_FilterSystem_Scale3:theScale3|dspba_delay_ver:redist1_xIn_c_1|delays[0][1]                       ; Stuck at GND due to stuck port data_in                                                                                            ;
; decimation_filter_FilterSystem_DecimatingFIR2:theDecimatingFIR2|u0_m0_wo0_dec3_q[1]                                ; Stuck at VCC due to stuck port data_in                                                                                            ;
; decimation_filter_FilterSystem_DecimatingFIR1:theDecimatingFIR1|u0_m0_wo0_aseq_q[0]                                ; Merged with decimation_filter_FilterSystem_DecimatingFIR1:theDecimatingFIR1|u0_m0_wo0_aseq_c[3]                                   ;
; decimation_filter_FilterSystem_DecimatingFIR1:theDecimatingFIR1|u0_m0_wo0_symSuppress_1_seq_q[0]                   ; Merged with decimation_filter_FilterSystem_DecimatingFIR1:theDecimatingFIR1|u0_m0_wo0_symSuppress_1_seq_c[3]                      ;
; decimation_filter_FilterSystem_DecimatingFIR1:theDecimatingFIR1|u0_m0_wo0_oseq_q[0]                                ; Merged with decimation_filter_FilterSystem_DecimatingFIR1:theDecimatingFIR1|u0_m0_wo0_oseq_c[3]                                   ;
; decimation_filter_FilterSystem_DecimatingFIR1:theDecimatingFIR1|dspba_delay_ver:u0_m0_wo0_compute|delays[0][0]     ; Merged with decimation_filter_FilterSystem_DecimatingFIR1:theDecimatingFIR1|dspba_delay_ver:d_u0_m0_wo0_memread_q_13|delays[0][0] ;
; decimation_filter_FilterSystem_DecimatingFIR2:theDecimatingFIR2|u0_m0_wo0_aseq_q[0]                                ; Merged with decimation_filter_FilterSystem_DecimatingFIR2:theDecimatingFIR2|u0_m0_wo0_aseq_c[4]                                   ;
; decimation_filter_FilterSystem_DecimatingFIR2:theDecimatingFIR2|u0_m0_wo0_symSuppress_3_seq_q[0]                   ; Merged with decimation_filter_FilterSystem_DecimatingFIR2:theDecimatingFIR2|u0_m0_wo0_symSuppress_3_seq_c[4]                      ;
; decimation_filter_FilterSystem_DecimatingFIR2:theDecimatingFIR2|u0_m0_wo0_oseq_q[0]                                ; Merged with decimation_filter_FilterSystem_DecimatingFIR2:theDecimatingFIR2|u0_m0_wo0_oseq_c[4]                                   ;
; decimation_filter_FilterSystem_DecimatingFIR2:theDecimatingFIR2|dspba_delay_ver:u0_m0_wo0_compute|delays[0][0]     ; Merged with decimation_filter_FilterSystem_DecimatingFIR2:theDecimatingFIR2|dspba_delay_ver:d_u0_m0_wo0_memread_q_13|delays[0][0] ;
; decimation_filter_FilterSystem_DecimatingFIR2:theDecimatingFIR2|dspba_delay_ver:d_busIn_read_12|delays[1][0]       ; Merged with decimation_filter_FilterSystem_DecimatingFIR1:theDecimatingFIR1|dspba_delay_ver:d_busIn_read_12|delays[1][0]          ;
; dspba_delay_ver:decimation_filter_FilterSystem_readDelayed|delays[1][0]                                            ; Merged with decimation_filter_FilterSystem_DecimatingFIR1:theDecimatingFIR1|dspba_delay_ver:d_busIn_read_12|delays[1][0]          ;
; decimation_filter_FilterSystem_DecimatingFIR2:theDecimatingFIR2|dspba_delay_ver:d_busIn_writedata_11|delays[0][0]  ; Merged with decimation_filter_FilterSystem_DecimatingFIR1:theDecimatingFIR1|dspba_delay_ver:d_busIn_writedata_11|delays[0][0]     ;
; decimation_filter_FilterSystem_DecimatingFIR2:theDecimatingFIR2|dspba_delay_ver:d_busIn_writedata_11|delays[0][1]  ; Merged with decimation_filter_FilterSystem_DecimatingFIR1:theDecimatingFIR1|dspba_delay_ver:d_busIn_writedata_11|delays[0][1]     ;
; decimation_filter_FilterSystem_DecimatingFIR2:theDecimatingFIR2|dspba_delay_ver:d_busIn_writedata_11|delays[0][2]  ; Merged with decimation_filter_FilterSystem_DecimatingFIR1:theDecimatingFIR1|dspba_delay_ver:d_busIn_writedata_11|delays[0][2]     ;
; decimation_filter_FilterSystem_DecimatingFIR2:theDecimatingFIR2|dspba_delay_ver:d_busIn_writedata_11|delays[0][3]  ; Merged with decimation_filter_FilterSystem_DecimatingFIR1:theDecimatingFIR1|dspba_delay_ver:d_busIn_writedata_11|delays[0][3]     ;
; decimation_filter_FilterSystem_DecimatingFIR2:theDecimatingFIR2|dspba_delay_ver:d_busIn_writedata_11|delays[0][4]  ; Merged with decimation_filter_FilterSystem_DecimatingFIR1:theDecimatingFIR1|dspba_delay_ver:d_busIn_writedata_11|delays[0][4]     ;
; decimation_filter_FilterSystem_DecimatingFIR2:theDecimatingFIR2|dspba_delay_ver:d_busIn_writedata_11|delays[0][5]  ; Merged with decimation_filter_FilterSystem_DecimatingFIR1:theDecimatingFIR1|dspba_delay_ver:d_busIn_writedata_11|delays[0][5]     ;
; decimation_filter_FilterSystem_DecimatingFIR2:theDecimatingFIR2|dspba_delay_ver:d_busIn_writedata_11|delays[0][6]  ; Merged with decimation_filter_FilterSystem_DecimatingFIR1:theDecimatingFIR1|dspba_delay_ver:d_busIn_writedata_11|delays[0][6]     ;
; decimation_filter_FilterSystem_DecimatingFIR2:theDecimatingFIR2|dspba_delay_ver:d_busIn_writedata_11|delays[0][7]  ; Merged with decimation_filter_FilterSystem_DecimatingFIR1:theDecimatingFIR1|dspba_delay_ver:d_busIn_writedata_11|delays[0][7]     ;
; decimation_filter_FilterSystem_DecimatingFIR2:theDecimatingFIR2|dspba_delay_ver:d_busIn_writedata_11|delays[0][8]  ; Merged with decimation_filter_FilterSystem_DecimatingFIR1:theDecimatingFIR1|dspba_delay_ver:d_busIn_writedata_11|delays[0][8]     ;
; decimation_filter_FilterSystem_DecimatingFIR2:theDecimatingFIR2|dspba_delay_ver:d_busIn_writedata_11|delays[0][9]  ; Merged with decimation_filter_FilterSystem_DecimatingFIR1:theDecimatingFIR1|dspba_delay_ver:d_busIn_writedata_11|delays[0][9]     ;
; decimation_filter_FilterSystem_DecimatingFIR2:theDecimatingFIR2|dspba_delay_ver:d_busIn_writedata_11|delays[0][10] ; Merged with decimation_filter_FilterSystem_DecimatingFIR1:theDecimatingFIR1|dspba_delay_ver:d_busIn_writedata_11|delays[0][10]    ;
; decimation_filter_FilterSystem_DecimatingFIR2:theDecimatingFIR2|dspba_delay_ver:d_busIn_writedata_11|delays[0][11] ; Merged with decimation_filter_FilterSystem_DecimatingFIR1:theDecimatingFIR1|dspba_delay_ver:d_busIn_writedata_11|delays[0][11]    ;
; decimation_filter_FilterSystem_DecimatingFIR2:theDecimatingFIR2|dspba_delay_ver:d_busIn_writedata_11|delays[0][12] ; Merged with decimation_filter_FilterSystem_DecimatingFIR1:theDecimatingFIR1|dspba_delay_ver:d_busIn_writedata_11|delays[0][12]    ;
; decimation_filter_FilterSystem_DecimatingFIR2:theDecimatingFIR2|dspba_delay_ver:d_busIn_writedata_11|delays[0][13] ; Merged with decimation_filter_FilterSystem_DecimatingFIR1:theDecimatingFIR1|dspba_delay_ver:d_busIn_writedata_11|delays[0][13]    ;
; decimation_filter_FilterSystem_DecimatingFIR2:theDecimatingFIR2|dspba_delay_ver:d_busIn_writedata_11|delays[0][14] ; Merged with decimation_filter_FilterSystem_DecimatingFIR1:theDecimatingFIR1|dspba_delay_ver:d_busIn_writedata_11|delays[0][14]    ;
; decimation_filter_FilterSystem_DecimatingFIR2:theDecimatingFIR2|dspba_delay_ver:d_busIn_writedata_11|delays[0][15] ; Merged with decimation_filter_FilterSystem_DecimatingFIR1:theDecimatingFIR1|dspba_delay_ver:d_busIn_writedata_11|delays[0][15]    ;
; decimation_filter_FilterSystem_DecimatingFIR2:theDecimatingFIR2|dspba_delay_ver:d_busIn_read_12|delays[0][0]       ; Merged with decimation_filter_FilterSystem_DecimatingFIR1:theDecimatingFIR1|dspba_delay_ver:d_busIn_read_12|delays[0][0]          ;
; dspba_delay_ver:decimation_filter_FilterSystem_readDelayed|delays[0][0]                                            ; Merged with decimation_filter_FilterSystem_DecimatingFIR1:theDecimatingFIR1|dspba_delay_ver:d_busIn_read_12|delays[0][0]          ;
; decimation_filter_FilterSystem_DecimatingFIR2:theDecimatingFIR2|u0_m0_wo0_run_enable_c[2]                          ; Lost fanout                                                                                                                       ;
; decimation_filter_FilterSystem_DecimatingFIR1:theDecimatingFIR1|u0_m0_wo0_wi0_r0_wa3_1_q~16                        ; Lost fanout                                                                                                                       ;
; decimation_filter_FilterSystem_DecimatingFIR1:theDecimatingFIR1|u0_m0_wo0_wi0_r0_wa3_1_q~17                        ; Lost fanout                                                                                                                       ;
; decimation_filter_FilterSystem_DecimatingFIR1:theDecimatingFIR1|u0_m0_wo0_wi0_r0_wa3_1_q~18                        ; Lost fanout                                                                                                                       ;
; decimation_filter_FilterSystem_DecimatingFIR1:theDecimatingFIR1|u0_m0_wo0_wi0_r0_wa3_1_q~19                        ; Lost fanout                                                                                                                       ;
; Total Number of Removed Registers = 42                                                                             ;                                                                                                                                   ;
+--------------------------------------------------------------------------------------------------------------------+-----------------------------------------------------------------------------------------------------------------------------------+


+------------------------------------------------------+
; General Register Statistics                          ;
+----------------------------------------------+-------+
; Statistic                                    ; Value ;
+----------------------------------------------+-------+
; Total registers                              ; 1084  ;
; Number of registers using Synchronous Clear  ; 0     ;
; Number of registers using Synchronous Load   ; 111   ;
; Number of registers using Asynchronous Clear ; 1084  ;
; Number of registers using Asynchronous Load  ; 0     ;
; Number of registers using Clock Enable       ; 561   ;
; Number of registers using Preset             ; 0     ;
+----------------------------------------------+-------+


+-------------------------------------------------------------------------------------------------------------------+
; Inverted Register Statistics                                                                                      ;
+---------------------------------------------------------------------------------------------------------+---------+
; Inverted Register                                                                                       ; Fan out ;
+---------------------------------------------------------------------------------------------------------+---------+
; decimation_filter_FilterSystem_DecimatingFIR2:theDecimatingFIR2|u0_m0_wo0_oseq_c[1]                     ; 2       ;
; decimation_filter_FilterSystem_DecimatingFIR2:theDecimatingFIR2|u0_m0_wo0_oseq_c[0]                     ; 2       ;
; decimation_filter_FilterSystem_DecimatingFIR2:theDecimatingFIR2|u0_m0_wo0_symSuppress_3_seq_c[1]        ; 2       ;
; decimation_filter_FilterSystem_DecimatingFIR1:theDecimatingFIR1|u0_m0_wo0_wi0_r0_wa2_i[3]               ; 3       ;
; decimation_filter_FilterSystem_DecimatingFIR2:theDecimatingFIR2|u0_m0_wo0_dec3_q[0]                     ; 1       ;
; decimation_filter_FilterSystem_DecimatingFIR2:theDecimatingFIR2|u0_m0_wo0_dec2_q[1]                     ; 1       ;
; decimation_filter_FilterSystem_DecimatingFIR2:theDecimatingFIR2|u0_m0_wo0_dec1_q[0]                     ; 1       ;
; decimation_filter_FilterSystem_DecimatingFIR2:theDecimatingFIR2|u0_m0_wo0_dec1_q[1]                     ; 1       ;
; decimation_filter_FilterSystem_DecimatingFIR2:theDecimatingFIR2|u0_m0_wo0_dec0_q[0]                     ; 1       ;
; decimation_filter_FilterSystem_DecimatingFIR2:theDecimatingFIR2|u0_m0_wo0_dec0_q[1]                     ; 1       ;
; decimation_filter_FilterSystem_DecimatingFIR2:theDecimatingFIR2|u0_m0_wo0_wi0_r0_wa4_i[0]               ; 5       ;
; decimation_filter_FilterSystem_DecimatingFIR2:theDecimatingFIR2|u0_m0_wo0_wi0_r0_wa4_i[3]               ; 2       ;
; decimation_filter_FilterSystem_DecimatingFIR2:theDecimatingFIR2|u0_m0_wo0_wi0_r0_ra4_count0_lutreg_q[0] ; 1       ;
; decimation_filter_FilterSystem_DecimatingFIR2:theDecimatingFIR2|u0_m0_wo0_wi0_r0_ra4_count0_lutreg_q[2] ; 1       ;
; decimation_filter_FilterSystem_DecimatingFIR2:theDecimatingFIR2|u0_m0_wo0_wi0_r0_wa0_i[2]               ; 2       ;
; decimation_filter_FilterSystem_DecimatingFIR2:theDecimatingFIR2|u0_m0_wo0_wi0_r0_ra0_count0_i[0]        ; 4       ;
; decimation_filter_FilterSystem_DecimatingFIR2:theDecimatingFIR2|u0_m0_wo0_wi0_r0_ra4_count0_i[0]        ; 5       ;
; decimation_filter_FilterSystem_DecimatingFIR2:theDecimatingFIR2|u0_m0_wo0_run_enable_c[1]               ; 2       ;
; decimation_filter_FilterSystem_DecimatingFIR1:theDecimatingFIR1|u0_m0_wo0_oseq_c[1]                     ; 4       ;
; decimation_filter_FilterSystem_DecimatingFIR1:theDecimatingFIR1|u0_m0_wo0_dec1_q[0]                     ; 1       ;
; decimation_filter_FilterSystem_DecimatingFIR1:theDecimatingFIR1|u0_m0_wo0_dec0_q[1]                     ; 1       ;
; decimation_filter_FilterSystem_DecimatingFIR1:theDecimatingFIR1|u0_m0_wo0_wi0_r0_ra1_count0_lutreg_q[0] ; 1       ;
; decimation_filter_FilterSystem_DecimatingFIR1:theDecimatingFIR1|u0_m0_wo0_wi0_r0_ra1_count0_lutreg_q[1] ; 1       ;
; decimation_filter_FilterSystem_DecimatingFIR1:theDecimatingFIR1|u0_m0_wo0_wi0_r0_ra2_count0_lutreg_q[0] ; 1       ;
; decimation_filter_FilterSystem_DecimatingFIR1:theDecimatingFIR1|u0_m0_wo0_wi0_r0_ra2_count0_lutreg_q[1] ; 1       ;
; decimation_filter_FilterSystem_DecimatingFIR1:theDecimatingFIR1|u0_m0_wo0_wi0_r0_wa0_i[0]               ; 4       ;
; decimation_filter_FilterSystem_DecimatingFIR1:theDecimatingFIR1|u0_m0_wo0_wi0_r0_wa0_i[2]               ; 2       ;
; decimation_filter_FilterSystem_DecimatingFIR1:theDecimatingFIR1|u0_m0_wo0_wi0_r0_ra3_count0_lutreg_q[0] ; 1       ;
; decimation_filter_FilterSystem_DecimatingFIR1:theDecimatingFIR1|u0_m0_wo0_wi0_r0_ra3_count0_lutreg_q[1] ; 1       ;
; decimation_filter_FilterSystem_DecimatingFIR1:theDecimatingFIR1|u0_m0_wo0_wi0_r0_ra1_count0_i[0]        ; 7       ;
; decimation_filter_FilterSystem_DecimatingFIR1:theDecimatingFIR1|u0_m0_wo0_wi0_r0_ra2_count0_i[0]        ; 7       ;
; decimation_filter_FilterSystem_DecimatingFIR1:theDecimatingFIR1|u0_m0_wo0_wi0_r0_ra3_count0_i[0]        ; 6       ;
; decimation_filter_FilterSystem_DecimatingFIR1:theDecimatingFIR1|u0_m0_wo0_run_enable_c[0]               ; 3       ;
; Total number of inverted registers = 33                                                                 ;         ;
+---------------------------------------------------------------------------------------------------------+---------+


+-----------------------------------------------------------------------------------------------------------------------------------------------------------------------------------------------------------+
; Multiplexer Restructuring Statistics (Restructuring Performed)                                                                                                                                            ;
+--------------------+-----------+---------------+----------------------+------------------------+------------+---------------------------------------------------------------------------------------------+
; Multiplexer Inputs ; Bus Width ; Baseline Area ; Area if Restructured ; Saving if Restructured ; Registered ; Example Multiplexer Output                                                                  ;
+--------------------+-----------+---------------+----------------------+------------------------+------------+---------------------------------------------------------------------------------------------+
; 3:1                ; 16 bits   ; 32 LEs        ; 32 LEs               ; 0 LEs                  ; Yes        ; |decimation_filter_FilterSystem|bus_selector_q[12]                                          ;
; 3:1                ; 17 bits   ; 34 LEs        ; 34 LEs               ; 0 LEs                  ; Yes        ; |decimation_filter_FilterSystem|decimation_filter_FilterSystem_Scale3:theScale3|u0_mux_q[7] ;
; 3:1                ; 17 bits   ; 34 LEs        ; 34 LEs               ; 0 LEs                  ; Yes        ; |decimation_filter_FilterSystem|decimation_filter_FilterSystem_Scale2:theScale2|u0_mux_q[1] ;
+--------------------+-----------+---------------+----------------------+------------------------+------------+---------------------------------------------------------------------------------------------+


+--------------------------------------------------------------------------+
; Source assignments for Top-level Entity: |decimation_filter_FilterSystem ;
+-----------------------------------------+--------+------+----------------+
; Assignment                              ; Value  ; From ; To             ;
+-----------------------------------------+--------+------+----------------+
; AUTO_SHIFT_REGISTER_RECOGNITION         ; OFF    ; -    ; -              ;
; PHYSICAL_SYNTHESIS_REGISTER_DUPLICATION ; ON     ; -    ; -              ;
; MESSAGE_DISABLE                         ; 10036  ; -    ; -              ;
; MESSAGE_DISABLE                         ; 10037  ; -    ; -              ;
; MESSAGE_DISABLE                         ; 14130  ; -    ; -              ;
; MESSAGE_DISABLE                         ; 14320  ; -    ; -              ;
; MESSAGE_DISABLE                         ; 15400  ; -    ; -              ;
; MESSAGE_DISABLE                         ; 14130  ; -    ; -              ;
; MESSAGE_DISABLE                         ; 10036  ; -    ; -              ;
; MESSAGE_DISABLE                         ; 12020  ; -    ; -              ;
; MESSAGE_DISABLE                         ; 12030  ; -    ; -              ;
; MESSAGE_DISABLE                         ; 12010  ; -    ; -              ;
; MESSAGE_DISABLE                         ; 12110  ; -    ; -              ;
; MESSAGE_DISABLE                         ; 14320  ; -    ; -              ;
; MESSAGE_DISABLE                         ; 13410  ; -    ; -              ;
; MESSAGE_DISABLE                         ; 113007 ; -    ; -              ;
; MESSAGE_DISABLE                         ; 10958  ; -    ; -              ;
+-----------------------------------------+--------+------+----------------+


+------------------------------------------------------------------------+
; Source assignments for decimation_filter_FilterSystem_Scale2:theScale2 ;
+-----------------------------------------+--------+------+--------------+
; Assignment                              ; Value  ; From ; To           ;
+-----------------------------------------+--------+------+--------------+
; AUTO_SHIFT_REGISTER_RECOGNITION         ; OFF    ; -    ; -            ;
; PHYSICAL_SYNTHESIS_REGISTER_DUPLICATION ; ON     ; -    ; -            ;
; MESSAGE_DISABLE                         ; 10036  ; -    ; -            ;
; MESSAGE_DISABLE                         ; 10037  ; -    ; -            ;
; MESSAGE_DISABLE                         ; 14130  ; -    ; -            ;
; MESSAGE_DISABLE                         ; 14320  ; -    ; -            ;
; MESSAGE_DISABLE                         ; 15400  ; -    ; -            ;
; MESSAGE_DISABLE                         ; 14130  ; -    ; -            ;
; MESSAGE_DISABLE                         ; 10036  ; -    ; -            ;
; MESSAGE_DISABLE                         ; 12020  ; -    ; -            ;
; MESSAGE_DISABLE                         ; 12030  ; -    ; -            ;
; MESSAGE_DISABLE                         ; 12010  ; -    ; -            ;
; MESSAGE_DISABLE                         ; 12110  ; -    ; -            ;
; MESSAGE_DISABLE                         ; 14320  ; -    ; -            ;
; MESSAGE_DISABLE                         ; 13410  ; -    ; -            ;
; MESSAGE_DISABLE                         ; 113007 ; -    ; -            ;
; MESSAGE_DISABLE                         ; 10958  ; -    ; -            ;
+-----------------------------------------+--------+------+--------------+


+--------------------------------------------------------------------------------------------+
; Source assignments for decimation_filter_FilterSystem_DecimatingFIR2:theDecimatingFIR2     ;
+-----------------------------------------+--------+------+----------------------------------+
; Assignment                              ; Value  ; From ; To                               ;
+-----------------------------------------+--------+------+----------------------------------+
; AUTO_SHIFT_REGISTER_RECOGNITION         ; OFF    ; -    ; -                                ;
; PHYSICAL_SYNTHESIS_REGISTER_DUPLICATION ; ON     ; -    ; -                                ;
; MESSAGE_DISABLE                         ; 10036  ; -    ; -                                ;
; MESSAGE_DISABLE                         ; 10037  ; -    ; -                                ;
; MESSAGE_DISABLE                         ; 14130  ; -    ; -                                ;
; MESSAGE_DISABLE                         ; 14320  ; -    ; -                                ;
; MESSAGE_DISABLE                         ; 15400  ; -    ; -                                ;
; MESSAGE_DISABLE                         ; 14130  ; -    ; -                                ;
; MESSAGE_DISABLE                         ; 10036  ; -    ; -                                ;
; MESSAGE_DISABLE                         ; 12020  ; -    ; -                                ;
; MESSAGE_DISABLE                         ; 12030  ; -    ; -                                ;
; MESSAGE_DISABLE                         ; 12010  ; -    ; -                                ;
; MESSAGE_DISABLE                         ; 12110  ; -    ; -                                ;
; MESSAGE_DISABLE                         ; 14320  ; -    ; -                                ;
; MESSAGE_DISABLE                         ; 13410  ; -    ; -                                ;
; MESSAGE_DISABLE                         ; 113007 ; -    ; -                                ;
; MESSAGE_DISABLE                         ; 10958  ; -    ; -                                ;
; PRESERVE_REGISTER                       ; on     ; -    ; u0_m0_wo0_wi0_r0_ra4_count0_i[3] ;
; PRESERVE_REGISTER                       ; on     ; -    ; u0_m0_wo0_wi0_r0_ra4_count0_i[2] ;
; PRESERVE_REGISTER                       ; on     ; -    ; u0_m0_wo0_wi0_r0_ra4_count0_i[1] ;
; PRESERVE_REGISTER                       ; on     ; -    ; u0_m0_wo0_wi0_r0_ra4_count0_i[0] ;
; PRESERVE_REGISTER                       ; on     ; -    ; u0_m0_wo0_wi0_r0_wa4_i[3]        ;
; PRESERVE_REGISTER                       ; on     ; -    ; u0_m0_wo0_wi0_r0_wa4_i[2]        ;
; PRESERVE_REGISTER                       ; on     ; -    ; u0_m0_wo0_wi0_r0_wa4_i[1]        ;
; PRESERVE_REGISTER                       ; on     ; -    ; u0_m0_wo0_wi0_r0_wa4_i[0]        ;
; PRESERVE_REGISTER                       ; on     ; -    ; u0_m0_wo0_wi0_r0_ra0_count0_i[2] ;
; PRESERVE_REGISTER                       ; on     ; -    ; u0_m0_wo0_wi0_r0_ra0_count0_i[1] ;
; PRESERVE_REGISTER                       ; on     ; -    ; u0_m0_wo0_wi0_r0_ra0_count0_i[0] ;
; PRESERVE_REGISTER                       ; on     ; -    ; u0_m0_wo0_wi0_r0_wa0_i[2]        ;
; PRESERVE_REGISTER                       ; on     ; -    ; u0_m0_wo0_wi0_r0_wa0_i[1]        ;
; PRESERVE_REGISTER                       ; on     ; -    ; u0_m0_wo0_wi0_r0_wa0_i[0]        ;
; PRESERVE_REGISTER                       ; on     ; -    ; u0_m0_wo0_ca3_i[1]               ;
; PRESERVE_REGISTER                       ; on     ; -    ; u0_m0_wo0_ca3_i[0]               ;
+-----------------------------------------+--------+------+----------------------------------+


+------------------------------------------------------------------------------------------------------------------------------------------+
; Source assignments for decimation_filter_FilterSystem_DecimatingFIR2:theDecimatingFIR2|altsyncram:rm_dmem|altsyncram_8cb1:auto_generated ;
+---------------------------------+--------------------+------+----------------------------------------------------------------------------+
; Assignment                      ; Value              ; From ; To                                                                         ;
+---------------------------------+--------------------+------+----------------------------------------------------------------------------+
; OPTIMIZE_POWER_DURING_SYNTHESIS ; NORMAL_COMPILATION ; -    ; -                                                                          ;
+---------------------------------+--------------------+------+----------------------------------------------------------------------------+


+--------------------------------------------------------------------------------------------------------------------------------------------------------------+
; Source assignments for decimation_filter_FilterSystem_DecimatingFIR2:theDecimatingFIR2|altsyncram:u0_m0_wo0_wi0_r0_memr4_dmem|altsyncram_t602:auto_generated ;
+---------------------------------+--------------------+------+------------------------------------------------------------------------------------------------+
; Assignment                      ; Value              ; From ; To                                                                                             ;
+---------------------------------+--------------------+------+------------------------------------------------------------------------------------------------+
; OPTIMIZE_POWER_DURING_SYNTHESIS ; NORMAL_COMPILATION ; -    ; -                                                                                              ;
+---------------------------------+--------------------+------+------------------------------------------------------------------------------------------------+


+--------------------------------------------------------------------------------------------------------------------------------------------------------------+
; Source assignments for decimation_filter_FilterSystem_DecimatingFIR2:theDecimatingFIR2|altsyncram:u0_m0_wo0_wi0_r0_memr0_dmem|altsyncram_t302:auto_generated ;
+---------------------------------+--------------------+------+------------------------------------------------------------------------------------------------+
; Assignment                      ; Value              ; From ; To                                                                                             ;
+---------------------------------+--------------------+------+------------------------------------------------------------------------------------------------+
; OPTIMIZE_POWER_DURING_SYNTHESIS ; NORMAL_COMPILATION ; -    ; -                                                                                              ;
+---------------------------------+--------------------+------+------------------------------------------------------------------------------------------------+


+-----------------------------------------------------------------------------------------------------------------------------------------------------+
; Source assignments for decimation_filter_FilterSystem_DecimatingFIR2:theDecimatingFIR2|altsyncram:u0_m0_wo0_cm0_dmem|altsyncram_6102:auto_generated ;
+---------------------------------+--------------------+------+---------------------------------------------------------------------------------------+
; Assignment                      ; Value              ; From ; To                                                                                    ;
+---------------------------------+--------------------+------+---------------------------------------------------------------------------------------+
; OPTIMIZE_POWER_DURING_SYNTHESIS ; NORMAL_COMPILATION ; -    ; -                                                                                     ;
+---------------------------------+--------------------+------+---------------------------------------------------------------------------------------+


+-----------------------------------------------------------------------------------------------------------------------------------------------------+
; Source assignments for decimation_filter_FilterSystem_DecimatingFIR2:theDecimatingFIR2|altsyncram:u0_m0_wo0_cm1_dmem|altsyncram_6102:auto_generated ;
+---------------------------------+--------------------+------+---------------------------------------------------------------------------------------+
; Assignment                      ; Value              ; From ; To                                                                                    ;
+---------------------------------+--------------------+------+---------------------------------------------------------------------------------------+
; OPTIMIZE_POWER_DURING_SYNTHESIS ; NORMAL_COMPILATION ; -    ; -                                                                                     ;
+---------------------------------+--------------------+------+---------------------------------------------------------------------------------------+


+-----------------------------------------------------------------------------------------------------------------------------------------------------+
; Source assignments for decimation_filter_FilterSystem_DecimatingFIR2:theDecimatingFIR2|altsyncram:u0_m0_wo0_cm2_dmem|altsyncram_6102:auto_generated ;
+---------------------------------+--------------------+------+---------------------------------------------------------------------------------------+
; Assignment                      ; Value              ; From ; To                                                                                    ;
+---------------------------------+--------------------+------+---------------------------------------------------------------------------------------+
; OPTIMIZE_POWER_DURING_SYNTHESIS ; NORMAL_COMPILATION ; -    ; -                                                                                     ;
+---------------------------------+--------------------+------+---------------------------------------------------------------------------------------+


+-----------------------------------------------------------------------------------------------------------------------------------------------------+
; Source assignments for decimation_filter_FilterSystem_DecimatingFIR2:theDecimatingFIR2|altsyncram:u0_m0_wo0_cm3_dmem|altsyncram_6102:auto_generated ;
+---------------------------------+--------------------+------+---------------------------------------------------------------------------------------+
; Assignment                      ; Value              ; From ; To                                                                                    ;
+---------------------------------+--------------------+------+---------------------------------------------------------------------------------------+
; OPTIMIZE_POWER_DURING_SYNTHESIS ; NORMAL_COMPILATION ; -    ; -                                                                                     ;
+---------------------------------+--------------------+------+---------------------------------------------------------------------------------------+


+--------------------------------------------------------------------------------------------+
; Source assignments for decimation_filter_FilterSystem_DecimatingFIR1:theDecimatingFIR1     ;
+-----------------------------------------+--------+------+----------------------------------+
; Assignment                              ; Value  ; From ; To                               ;
+-----------------------------------------+--------+------+----------------------------------+
; AUTO_SHIFT_REGISTER_RECOGNITION         ; OFF    ; -    ; -                                ;
; PHYSICAL_SYNTHESIS_REGISTER_DUPLICATION ; ON     ; -    ; -                                ;
; MESSAGE_DISABLE                         ; 10036  ; -    ; -                                ;
; MESSAGE_DISABLE                         ; 10037  ; -    ; -                                ;
; MESSAGE_DISABLE                         ; 14130  ; -    ; -                                ;
; MESSAGE_DISABLE                         ; 14320  ; -    ; -                                ;
; MESSAGE_DISABLE                         ; 15400  ; -    ; -                                ;
; MESSAGE_DISABLE                         ; 14130  ; -    ; -                                ;
; MESSAGE_DISABLE                         ; 10036  ; -    ; -                                ;
; MESSAGE_DISABLE                         ; 12020  ; -    ; -                                ;
; MESSAGE_DISABLE                         ; 12030  ; -    ; -                                ;
; MESSAGE_DISABLE                         ; 12010  ; -    ; -                                ;
; MESSAGE_DISABLE                         ; 12110  ; -    ; -                                ;
; MESSAGE_DISABLE                         ; 14320  ; -    ; -                                ;
; MESSAGE_DISABLE                         ; 13410  ; -    ; -                                ;
; MESSAGE_DISABLE                         ; 113007 ; -    ; -                                ;
; MESSAGE_DISABLE                         ; 10958  ; -    ; -                                ;
; PRESERVE_REGISTER                       ; on     ; -    ; u0_m0_wo0_wi0_r0_ra3_count0_i[3] ;
; PRESERVE_REGISTER                       ; on     ; -    ; u0_m0_wo0_wi0_r0_ra3_count0_i[2] ;
; PRESERVE_REGISTER                       ; on     ; -    ; u0_m0_wo0_wi0_r0_ra3_count0_i[1] ;
; PRESERVE_REGISTER                       ; on     ; -    ; u0_m0_wo0_wi0_r0_ra3_count0_i[0] ;
; PRESERVE_REGISTER                       ; on     ; -    ; u0_m0_wo0_wi0_r0_ra3_count0_eq   ;
; PRESERVE_REGISTER                       ; on     ; -    ; u0_m0_wo0_wi0_r0_ra1_count0_i[2] ;
; PRESERVE_REGISTER                       ; on     ; -    ; u0_m0_wo0_wi0_r0_ra1_count0_i[1] ;
; PRESERVE_REGISTER                       ; on     ; -    ; u0_m0_wo0_wi0_r0_ra1_count0_i[0] ;
; PRESERVE_REGISTER                       ; on     ; -    ; u0_m0_wo0_wi0_r0_ra1_count0_eq   ;
; PRESERVE_REGISTER                       ; on     ; -    ; u0_m0_wo0_wi0_r0_wa0_i[2]        ;
; PRESERVE_REGISTER                       ; on     ; -    ; u0_m0_wo0_wi0_r0_wa0_i[1]        ;
; PRESERVE_REGISTER                       ; on     ; -    ; u0_m0_wo0_wi0_r0_wa0_i[0]        ;
; PRESERVE_REGISTER                       ; on     ; -    ; u0_m0_wo0_ca1_i[1]               ;
; PRESERVE_REGISTER                       ; on     ; -    ; u0_m0_wo0_ca1_i[0]               ;
; PRESERVE_REGISTER                       ; on     ; -    ; u0_m0_wo0_ca1_eq                 ;
; PRESERVE_REGISTER                       ; on     ; -    ; u0_m0_wo0_wi0_r0_ra2_count0_i[3] ;
; PRESERVE_REGISTER                       ; on     ; -    ; u0_m0_wo0_wi0_r0_ra2_count0_i[2] ;
; PRESERVE_REGISTER                       ; on     ; -    ; u0_m0_wo0_wi0_r0_ra2_count0_i[1] ;
; PRESERVE_REGISTER                       ; on     ; -    ; u0_m0_wo0_wi0_r0_ra2_count0_i[0] ;
; PRESERVE_REGISTER                       ; on     ; -    ; u0_m0_wo0_wi0_r0_ra2_count0_eq   ;
; PRESERVE_REGISTER                       ; on     ; -    ; u0_m0_wo0_wi0_r0_wa2_i[3]        ;
; PRESERVE_REGISTER                       ; on     ; -    ; u0_m0_wo0_wi0_r0_wa2_i[2]        ;
; PRESERVE_REGISTER                       ; on     ; -    ; u0_m0_wo0_wi0_r0_wa2_i[1]        ;
; PRESERVE_REGISTER                       ; on     ; -    ; u0_m0_wo0_wi0_r0_wa2_i[0]        ;
; PRESERVE_REGISTER                       ; on     ; -    ; u0_m0_wo0_wi0_r0_wa2_eq          ;
; PRESERVE_REGISTER                       ; on     ; -    ; u0_m0_wo0_wi0_r0_wa1_i[2]        ;
; PRESERVE_REGISTER                       ; on     ; -    ; u0_m0_wo0_wi0_r0_wa1_i[1]        ;
; PRESERVE_REGISTER                       ; on     ; -    ; u0_m0_wo0_wi0_r0_wa1_i[0]        ;
+-----------------------------------------+--------+------+----------------------------------+


+------------------------------------------------------------------------------------------------------------------------------------------+
; Source assignments for decimation_filter_FilterSystem_DecimatingFIR1:theDecimatingFIR1|altsyncram:rm_dmem|altsyncram_oab1:auto_generated ;
+---------------------------------+--------------------+------+----------------------------------------------------------------------------+
; Assignment                      ; Value              ; From ; To                                                                         ;
+---------------------------------+--------------------+------+----------------------------------------------------------------------------+
; OPTIMIZE_POWER_DURING_SYNTHESIS ; NORMAL_COMPILATION ; -    ; -                                                                          ;
+---------------------------------+--------------------+------+----------------------------------------------------------------------------+


+--------------------------------------------------------------------------------------------------------------------------------------------------------------+
; Source assignments for decimation_filter_FilterSystem_DecimatingFIR1:theDecimatingFIR1|altsyncram:u0_m0_wo0_wi0_r0_memr3_dmem|altsyncram_l602:auto_generated ;
+---------------------------------+--------------------+------+------------------------------------------------------------------------------------------------+
; Assignment                      ; Value              ; From ; To                                                                                             ;
+---------------------------------+--------------------+------+------------------------------------------------------------------------------------------------+
; OPTIMIZE_POWER_DURING_SYNTHESIS ; NORMAL_COMPILATION ; -    ; -                                                                                              ;
+---------------------------------+--------------------+------+------------------------------------------------------------------------------------------------+


+--------------------------------------------------------------------------------------------------------------------------------------------------------------+
; Source assignments for decimation_filter_FilterSystem_DecimatingFIR1:theDecimatingFIR1|altsyncram:u0_m0_wo0_wi0_r0_memr0_dmem|altsyncram_t302:auto_generated ;
+---------------------------------+--------------------+------+------------------------------------------------------------------------------------------------+
; Assignment                      ; Value              ; From ; To                                                                                             ;
+---------------------------------+--------------------+------+------------------------------------------------------------------------------------------------+
; OPTIMIZE_POWER_DURING_SYNTHESIS ; NORMAL_COMPILATION ; -    ; -                                                                                              ;
+---------------------------------+--------------------+------+------------------------------------------------------------------------------------------------+


+-----------------------------------------------------------------------------------------------------------------------------------------------------+
; Source assignments for decimation_filter_FilterSystem_DecimatingFIR1:theDecimatingFIR1|altsyncram:u0_m0_wo0_cm0_dmem|altsyncram_6102:auto_generated ;
+---------------------------------+--------------------+------+---------------------------------------------------------------------------------------+
; Assignment                      ; Value              ; From ; To                                                                                    ;
+---------------------------------+--------------------+------+---------------------------------------------------------------------------------------+
; OPTIMIZE_POWER_DURING_SYNTHESIS ; NORMAL_COMPILATION ; -    ; -                                                                                     ;
+---------------------------------+--------------------+------+---------------------------------------------------------------------------------------+


+--------------------------------------------------------------------------------------------------------------------------------------------------------------+
; Source assignments for decimation_filter_FilterSystem_DecimatingFIR1:theDecimatingFIR1|altsyncram:u0_m0_wo0_wi0_r0_memr2_dmem|altsyncram_l602:auto_generated ;
+---------------------------------+--------------------+------+------------------------------------------------------------------------------------------------+
; Assignment                      ; Value              ; From ; To                                                                                             ;
+---------------------------------+--------------------+------+------------------------------------------------------------------------------------------------+
; OPTIMIZE_POWER_DURING_SYNTHESIS ; NORMAL_COMPILATION ; -    ; -                                                                                              ;
+---------------------------------+--------------------+------+------------------------------------------------------------------------------------------------+


+--------------------------------------------------------------------------------------------------------------------------------------------------------------+
; Source assignments for decimation_filter_FilterSystem_DecimatingFIR1:theDecimatingFIR1|altsyncram:u0_m0_wo0_wi0_r0_memr1_dmem|altsyncram_t302:auto_generated ;
+---------------------------------+--------------------+------+------------------------------------------------------------------------------------------------+
; Assignment                      ; Value              ; From ; To                                                                                             ;
+---------------------------------+--------------------+------+------------------------------------------------------------------------------------------------+
; OPTIMIZE_POWER_DURING_SYNTHESIS ; NORMAL_COMPILATION ; -    ; -                                                                                              ;
+---------------------------------+--------------------+------+------------------------------------------------------------------------------------------------+


+-----------------------------------------------------------------------------------------------------------------------------------------------------+
; Source assignments for decimation_filter_FilterSystem_DecimatingFIR1:theDecimatingFIR1|altsyncram:u0_m0_wo0_cm1_dmem|altsyncram_6102:auto_generated ;
+---------------------------------+--------------------+------+---------------------------------------------------------------------------------------+
; Assignment                      ; Value              ; From ; To                                                                                    ;
+---------------------------------+--------------------+------+---------------------------------------------------------------------------------------+
; OPTIMIZE_POWER_DURING_SYNTHESIS ; NORMAL_COMPILATION ; -    ; -                                                                                     ;
+---------------------------------+--------------------+------+---------------------------------------------------------------------------------------+


+------------------------------------------------------------------------+
; Source assignments for decimation_filter_FilterSystem_Scale3:theScale3 ;
+-----------------------------------------+--------+------+--------------+
; Assignment                              ; Value  ; From ; To           ;
+-----------------------------------------+--------+------+--------------+
; AUTO_SHIFT_REGISTER_RECOGNITION         ; OFF    ; -    ; -            ;
; PHYSICAL_SYNTHESIS_REGISTER_DUPLICATION ; ON     ; -    ; -            ;
; MESSAGE_DISABLE                         ; 10036  ; -    ; -            ;
; MESSAGE_DISABLE                         ; 10037  ; -    ; -            ;
; MESSAGE_DISABLE                         ; 14130  ; -    ; -            ;
; MESSAGE_DISABLE                         ; 14320  ; -    ; -            ;
; MESSAGE_DISABLE                         ; 15400  ; -    ; -            ;
; MESSAGE_DISABLE                         ; 14130  ; -    ; -            ;
; MESSAGE_DISABLE                         ; 10036  ; -    ; -            ;
; MESSAGE_DISABLE                         ; 12020  ; -    ; -            ;
; MESSAGE_DISABLE                         ; 12030  ; -    ; -            ;
; MESSAGE_DISABLE                         ; 12010  ; -    ; -            ;
; MESSAGE_DISABLE                         ; 12110  ; -    ; -            ;
; MESSAGE_DISABLE                         ; 14320  ; -    ; -            ;
; MESSAGE_DISABLE                         ; 13410  ; -    ; -            ;
; MESSAGE_DISABLE                         ; 113007 ; -    ; -            ;
; MESSAGE_DISABLE                         ; 10958  ; -    ; -            ;
+-----------------------------------------+--------+------+--------------+


+------------------------------------------------------------------------------------------------------------------------------+
; Parameter Settings for User Entity Instance: decimation_filter_FilterSystem_Scale2:theScale2|dspba_delay_ver:redist1_xIn_c_1 ;
+----------------+-------+-----------------------------------------------------------------------------------------------------+
; Parameter Name ; Value ; Type                                                                                                ;
+----------------+-------+-----------------------------------------------------------------------------------------------------+
; width          ; 8     ; Signed Integer                                                                                      ;
; depth          ; 1     ; Signed Integer                                                                                      ;
; reset_high     ; 1     ; Unsigned Binary                                                                                     ;
; reset_kind     ; ASYNC ; String                                                                                              ;
+----------------+-------+-----------------------------------------------------------------------------------------------------+
Note: In order to hide this table in the UI and the text report file, please set the "Show Parameter Settings in Synthesis Report" option in "Analysis and Synthesis Settings -> More Settings" to "Off".


+------------------------------------------------------------------------------------------------------------------------------+
; Parameter Settings for User Entity Instance: decimation_filter_FilterSystem_Scale2:theScale2|dspba_delay_ver:redist0_xIn_v_1 ;
+----------------+-------+-----------------------------------------------------------------------------------------------------+
; Parameter Name ; Value ; Type                                                                                                ;
+----------------+-------+-----------------------------------------------------------------------------------------------------+
; width          ; 1     ; Signed Integer                                                                                      ;
; depth          ; 1     ; Signed Integer                                                                                      ;
; reset_high     ; 1     ; Unsigned Binary                                                                                     ;
; reset_kind     ; ASYNC ; String                                                                                              ;
+----------------+-------+-----------------------------------------------------------------------------------------------------+
Note: In order to hide this table in the UI and the text report file, please set the "Show Parameter Settings in Synthesis Report" option in "Analysis and Synthesis Settings -> More Settings" to "Off".


+---------------------------------------------------------------------------------------------------------------------------------------------------+
; Parameter Settings for User Entity Instance: decimation_filter_FilterSystem_DecimatingFIR2:theDecimatingFIR2|dspba_delay_ver:d_busIn_writedata_11 ;
+----------------+-------+--------------------------------------------------------------------------------------------------------------------------+
; Parameter Name ; Value ; Type                                                                                                                     ;
+----------------+-------+--------------------------------------------------------------------------------------------------------------------------+
; width          ; 16    ; Signed Integer                                                                                                           ;
; depth          ; 1     ; Signed Integer                                                                                                           ;
; reset_high     ; 1     ; Unsigned Binary                                                                                                          ;
; reset_kind     ; ASYNC ; String                                                                                                                   ;
+----------------+-------+--------------------------------------------------------------------------------------------------------------------------+
Note: In order to hide this table in the UI and the text report file, please set the "Show Parameter Settings in Synthesis Report" option in "Analysis and Synthesis Settings -> More Settings" to "Off".


+---------------------------------------------------------------------------------------------------------------------------------+
; Parameter Settings for User Entity Instance: decimation_filter_FilterSystem_DecimatingFIR2:theDecimatingFIR2|altsyncram:rm_dmem ;
+------------------------------------+----------------------+---------------------------------------------------------------------+
; Parameter Name                     ; Value                ; Type                                                                ;
+------------------------------------+----------------------+---------------------------------------------------------------------+
; BYTE_SIZE_BLOCK                    ; 8                    ; Untyped                                                             ;
; AUTO_CARRY_CHAINS                  ; ON                   ; AUTO_CARRY                                                          ;
; IGNORE_CARRY_BUFFERS               ; OFF                  ; IGNORE_CARRY                                                        ;
; AUTO_CASCADE_CHAINS                ; ON                   ; AUTO_CASCADE                                                        ;
; IGNORE_CASCADE_BUFFERS             ; OFF                  ; IGNORE_CASCADE                                                      ;
; WIDTH_BYTEENA                      ; 1                    ; Untyped                                                             ;
; OPERATION_MODE                     ; SINGLE_PORT          ; Untyped                                                             ;
; WIDTH_A                            ; 16                   ; Signed Integer                                                      ;
; WIDTHAD_A                          ; 4                    ; Signed Integer                                                      ;
; NUMWORDS_A                         ; 14                   ; Signed Integer                                                      ;
; OUTDATA_REG_A                      ; CLOCK0               ; Untyped                                                             ;
; ADDRESS_ACLR_A                     ; NONE                 ; Untyped                                                             ;
; OUTDATA_ACLR_A                     ; NONE                 ; Untyped                                                             ;
; WRCONTROL_ACLR_A                   ; NONE                 ; Untyped                                                             ;
; INDATA_ACLR_A                      ; NONE                 ; Untyped                                                             ;
; BYTEENA_ACLR_A                     ; NONE                 ; Untyped                                                             ;
; WIDTH_B                            ; 1                    ; Untyped                                                             ;
; WIDTHAD_B                          ; 1                    ; Untyped                                                             ;
; NUMWORDS_B                         ; 1                    ; Untyped                                                             ;
; INDATA_REG_B                       ; CLOCK1               ; Untyped                                                             ;
; WRCONTROL_WRADDRESS_REG_B          ; CLOCK1               ; Untyped                                                             ;
; RDCONTROL_REG_B                    ; CLOCK1               ; Untyped                                                             ;
; ADDRESS_REG_B                      ; CLOCK1               ; Untyped                                                             ;
; OUTDATA_REG_B                      ; UNREGISTERED         ; Untyped                                                             ;
; BYTEENA_REG_B                      ; CLOCK1               ; Untyped                                                             ;
; INDATA_ACLR_B                      ; NONE                 ; Untyped                                                             ;
; WRCONTROL_ACLR_B                   ; NONE                 ; Untyped                                                             ;
; ADDRESS_ACLR_B                     ; NONE                 ; Untyped                                                             ;
; OUTDATA_ACLR_B                     ; NONE                 ; Untyped                                                             ;
; RDCONTROL_ACLR_B                   ; NONE                 ; Untyped                                                             ;
; BYTEENA_ACLR_B                     ; NONE                 ; Untyped                                                             ;
; WIDTH_BYTEENA_A                    ; 1                    ; Signed Integer                                                      ;
; WIDTH_BYTEENA_B                    ; 1                    ; Untyped                                                             ;
; RAM_BLOCK_TYPE                     ; M9K                  ; Untyped                                                             ;
; BYTE_SIZE                          ; 8                    ; Untyped                                                             ;
; READ_DURING_WRITE_MODE_MIXED_PORTS ; DONT_CARE            ; Untyped                                                             ;
; READ_DURING_WRITE_MODE_PORT_A      ; NEW_DATA_NO_NBE_READ ; Untyped                                                             ;
; READ_DURING_WRITE_MODE_PORT_B      ; NEW_DATA_NO_NBE_READ ; Untyped                                                             ;
; INIT_FILE                          ; UNUSED               ; Untyped                                                             ;
; INIT_FILE_LAYOUT                   ; PORT_A               ; Untyped                                                             ;
; MAXIMUM_DEPTH                      ; 0                    ; Untyped                                                             ;
; CLOCK_ENABLE_INPUT_A               ; NORMAL               ; Untyped                                                             ;
; CLOCK_ENABLE_INPUT_B               ; NORMAL               ; Untyped                                                             ;
; CLOCK_ENABLE_OUTPUT_A              ; NORMAL               ; Untyped                                                             ;
; CLOCK_ENABLE_OUTPUT_B              ; NORMAL               ; Untyped                                                             ;
; CLOCK_ENABLE_CORE_A                ; USE_INPUT_CLKEN      ; Untyped                                                             ;
; CLOCK_ENABLE_CORE_B                ; USE_INPUT_CLKEN      ; Untyped                                                             ;
; ENABLE_ECC                         ; FALSE                ; Untyped                                                             ;
; ECC_PIPELINE_STAGE_ENABLED         ; FALSE                ; Untyped                                                             ;
; WIDTH_ECCSTATUS                    ; 3                    ; Untyped                                                             ;
; DEVICE_FAMILY                      ; MAX 10               ; Untyped                                                             ;
; CBXI_PARAMETER                     ; altsyncram_8cb1      ; Untyped                                                             ;
+------------------------------------+----------------------+---------------------------------------------------------------------+
Note: In order to hide this table in the UI and the text report file, please set the "Show Parameter Settings in Synthesis Report" option in "Analysis and Synthesis Settings -> More Settings" to "Off".


+----------------------------------------------------------------------------------------------------------------------------------------------+
; Parameter Settings for User Entity Instance: decimation_filter_FilterSystem_DecimatingFIR2:theDecimatingFIR2|dspba_delay_ver:d_busIn_read_12 ;
+----------------+-------+---------------------------------------------------------------------------------------------------------------------+
; Parameter Name ; Value ; Type                                                                                                                ;
+----------------+-------+---------------------------------------------------------------------------------------------------------------------+
; width          ; 1     ; Signed Integer                                                                                                      ;
; depth          ; 2     ; Signed Integer                                                                                                      ;
; reset_high     ; 1     ; Unsigned Binary                                                                                                     ;
; reset_kind     ; ASYNC ; String                                                                                                              ;
+----------------+-------+---------------------------------------------------------------------------------------------------------------------+
Note: In order to hide this table in the UI and the text report file, please set the "Show Parameter Settings in Synthesis Report" option in "Analysis and Synthesis Settings -> More Settings" to "Off".


+----------------------------------------------------------------------------------------------------------------------------------------------+
; Parameter Settings for User Entity Instance: decimation_filter_FilterSystem_DecimatingFIR2:theDecimatingFIR2|dspba_delay_ver:d_rblookup_h_12 ;
+----------------+-------+---------------------------------------------------------------------------------------------------------------------+
; Parameter Name ; Value ; Type                                                                                                                ;
+----------------+-------+---------------------------------------------------------------------------------------------------------------------+
; width          ; 1     ; Signed Integer                                                                                                      ;
; depth          ; 1     ; Signed Integer                                                                                                      ;
; reset_high     ; 1     ; Unsigned Binary                                                                                                     ;
; reset_kind     ; ASYNC ; String                                                                                                              ;
+----------------+-------+---------------------------------------------------------------------------------------------------------------------+
Note: In order to hide this table in the UI and the text report file, please set the "Show Parameter Settings in Synthesis Report" option in "Analysis and Synthesis Settings -> More Settings" to "Off".


+------------------------------------------------------------------------------------------------------------------------------------------------+
; Parameter Settings for User Entity Instance: decimation_filter_FilterSystem_DecimatingFIR2:theDecimatingFIR2|dspba_delay_ver:u0_m0_wo0_memread ;
+----------------+-------+-----------------------------------------------------------------------------------------------------------------------+
; Parameter Name ; Value ; Type                                                                                                                  ;
+----------------+-------+-----------------------------------------------------------------------------------------------------------------------+
; width          ; 1     ; Signed Integer                                                                                                        ;
; depth          ; 1     ; Signed Integer                                                                                                        ;
; reset_high     ; 1     ; Unsigned Binary                                                                                                       ;
; reset_kind     ; ASYNC ; String                                                                                                                ;
+----------------+-------+-----------------------------------------------------------------------------------------------------------------------+
Note: In order to hide this table in the UI and the text report file, please set the "Show Parameter Settings in Synthesis Report" option in "Analysis and Synthesis Settings -> More Settings" to "Off".


+------------------------------------------------------------------------------------------------------------------------------------------------+
; Parameter Settings for User Entity Instance: decimation_filter_FilterSystem_DecimatingFIR2:theDecimatingFIR2|dspba_delay_ver:u0_m0_wo0_compute ;
+----------------+-------+-----------------------------------------------------------------------------------------------------------------------+
; Parameter Name ; Value ; Type                                                                                                                  ;
+----------------+-------+-----------------------------------------------------------------------------------------------------------------------+
; width          ; 1     ; Signed Integer                                                                                                        ;
; depth          ; 2     ; Signed Integer                                                                                                        ;
; reset_high     ; 1     ; Unsigned Binary                                                                                                       ;
; reset_kind     ; ASYNC ; String                                                                                                                ;
+----------------+-------+-----------------------------------------------------------------------------------------------------------------------+
Note: In order to hide this table in the UI and the text report file, please set the "Show Parameter Settings in Synthesis Report" option in "Analysis and Synthesis Settings -> More Settings" to "Off".


+-------------------------------------------------------------------------------------------------------------------------------------------------------+
; Parameter Settings for User Entity Instance: decimation_filter_FilterSystem_DecimatingFIR2:theDecimatingFIR2|dspba_delay_ver:d_u0_m0_wo0_compute_q_13 ;
+----------------+-------+------------------------------------------------------------------------------------------------------------------------------+
; Parameter Name ; Value ; Type                                                                                                                         ;
+----------------+-------+------------------------------------------------------------------------------------------------------------------------------+
; width          ; 1     ; Signed Integer                                                                                                               ;
; depth          ; 1     ; Signed Integer                                                                                                               ;
; reset_high     ; 1     ; Unsigned Binary                                                                                                              ;
; reset_kind     ; ASYNC ; String                                                                                                                       ;
+----------------+-------+------------------------------------------------------------------------------------------------------------------------------+
Note: In order to hide this table in the UI and the text report file, please set the "Show Parameter Settings in Synthesis Report" option in "Analysis and Synthesis Settings -> More Settings" to "Off".


+-------------------------------------------------------------------------------------------------------------------------------------------------------+
; Parameter Settings for User Entity Instance: decimation_filter_FilterSystem_DecimatingFIR2:theDecimatingFIR2|dspba_delay_ver:d_u0_m0_wo0_compute_q_17 ;
+----------------+-------+------------------------------------------------------------------------------------------------------------------------------+
; Parameter Name ; Value ; Type                                                                                                                         ;
+----------------+-------+------------------------------------------------------------------------------------------------------------------------------+
; width          ; 1     ; Signed Integer                                                                                                               ;
; depth          ; 4     ; Signed Integer                                                                                                               ;
; reset_high     ; 1     ; Unsigned Binary                                                                                                              ;
; reset_kind     ; ASYNC ; String                                                                                                                       ;
+----------------+-------+------------------------------------------------------------------------------------------------------------------------------+
Note: In order to hide this table in the UI and the text report file, please set the "Show Parameter Settings in Synthesis Report" option in "Analysis and Synthesis Settings -> More Settings" to "Off".


+-------------------------------------------------------------------------------------------------------------------------------------------------------+
; Parameter Settings for User Entity Instance: decimation_filter_FilterSystem_DecimatingFIR2:theDecimatingFIR2|dspba_delay_ver:d_u0_m0_wo0_compute_q_18 ;
+----------------+-------+------------------------------------------------------------------------------------------------------------------------------+
; Parameter Name ; Value ; Type                                                                                                                         ;
+----------------+-------+------------------------------------------------------------------------------------------------------------------------------+
; width          ; 1     ; Signed Integer                                                                                                               ;
; depth          ; 1     ; Signed Integer                                                                                                               ;
; reset_high     ; 1     ; Unsigned Binary                                                                                                              ;
; reset_kind     ; ASYNC ; String                                                                                                                       ;
+----------------+-------+------------------------------------------------------------------------------------------------------------------------------+
Note: In order to hide this table in the UI and the text report file, please set the "Show Parameter Settings in Synthesis Report" option in "Analysis and Synthesis Settings -> More Settings" to "Off".


+-------------------------------------------------------------------------------------------------------------------------------------------------------+
; Parameter Settings for User Entity Instance: decimation_filter_FilterSystem_DecimatingFIR2:theDecimatingFIR2|dspba_delay_ver:d_u0_m0_wo0_memread_q_13 ;
+----------------+-------+------------------------------------------------------------------------------------------------------------------------------+
; Parameter Name ; Value ; Type                                                                                                                         ;
+----------------+-------+------------------------------------------------------------------------------------------------------------------------------+
; width          ; 1     ; Signed Integer                                                                                                               ;
; depth          ; 1     ; Signed Integer                                                                                                               ;
; reset_high     ; 1     ; Unsigned Binary                                                                                                              ;
; reset_kind     ; ASYNC ; String                                                                                                                       ;
+----------------+-------+------------------------------------------------------------------------------------------------------------------------------+
Note: In order to hide this table in the UI and the text report file, please set the "Show Parameter Settings in Synthesis Report" option in "Analysis and Synthesis Settings -> More Settings" to "Off".


+-------------------------------------------------------------------------------------------------------------------------------------------------------+
; Parameter Settings for User Entity Instance: decimation_filter_FilterSystem_DecimatingFIR2:theDecimatingFIR2|dspba_delay_ver:u0_m0_wo0_wi0_r0_delayr1 ;
+----------------+-------+------------------------------------------------------------------------------------------------------------------------------+
; Parameter Name ; Value ; Type                                                                                                                         ;
+----------------+-------+------------------------------------------------------------------------------------------------------------------------------+
; width          ; 17    ; Signed Integer                                                                                                               ;
; depth          ; 4     ; Signed Integer                                                                                                               ;
; reset_high     ; 1     ; Unsigned Binary                                                                                                              ;
; reset_kind     ; ASYNC ; String                                                                                                                       ;
+----------------+-------+------------------------------------------------------------------------------------------------------------------------------+
Note: In order to hide this table in the UI and the text report file, please set the "Show Parameter Settings in Synthesis Report" option in "Analysis and Synthesis Settings -> More Settings" to "Off".


+-----------------------------------------------------------------------------------------------------------------------------------------------------+
; Parameter Settings for User Entity Instance: decimation_filter_FilterSystem_DecimatingFIR2:theDecimatingFIR2|altsyncram:u0_m0_wo0_wi0_r0_memr4_dmem ;
+------------------------------------+----------------------+-----------------------------------------------------------------------------------------+
; Parameter Name                     ; Value                ; Type                                                                                    ;
+------------------------------------+----------------------+-----------------------------------------------------------------------------------------+
; BYTE_SIZE_BLOCK                    ; 8                    ; Untyped                                                                                 ;
; AUTO_CARRY_CHAINS                  ; ON                   ; AUTO_CARRY                                                                              ;
; IGNORE_CARRY_BUFFERS               ; OFF                  ; IGNORE_CARRY                                                                            ;
; AUTO_CASCADE_CHAINS                ; ON                   ; AUTO_CASCADE                                                                            ;
; IGNORE_CASCADE_BUFFERS             ; OFF                  ; IGNORE_CASCADE                                                                          ;
; WIDTH_BYTEENA                      ; 1                    ; Untyped                                                                                 ;
; OPERATION_MODE                     ; DUAL_PORT            ; Untyped                                                                                 ;
; WIDTH_A                            ; 17                   ; Signed Integer                                                                          ;
; WIDTHAD_A                          ; 4                    ; Signed Integer                                                                          ;
; NUMWORDS_A                         ; 16                   ; Signed Integer                                                                          ;
; OUTDATA_REG_A                      ; UNREGISTERED         ; Untyped                                                                                 ;
; ADDRESS_ACLR_A                     ; NONE                 ; Untyped                                                                                 ;
; OUTDATA_ACLR_A                     ; NONE                 ; Untyped                                                                                 ;
; WRCONTROL_ACLR_A                   ; NONE                 ; Untyped                                                                                 ;
; INDATA_ACLR_A                      ; NONE                 ; Untyped                                                                                 ;
; BYTEENA_ACLR_A                     ; NONE                 ; Untyped                                                                                 ;
; WIDTH_B                            ; 17                   ; Signed Integer                                                                          ;
; WIDTHAD_B                          ; 4                    ; Signed Integer                                                                          ;
; NUMWORDS_B                         ; 16                   ; Signed Integer                                                                          ;
; INDATA_REG_B                       ; CLOCK0               ; Untyped                                                                                 ;
; WRCONTROL_WRADDRESS_REG_B          ; CLOCK0               ; Untyped                                                                                 ;
; RDCONTROL_REG_B                    ; CLOCK0               ; Untyped                                                                                 ;
; ADDRESS_REG_B                      ; CLOCK0               ; Untyped                                                                                 ;
; OUTDATA_REG_B                      ; CLOCK0               ; Untyped                                                                                 ;
; BYTEENA_REG_B                      ; CLOCK0               ; Untyped                                                                                 ;
; INDATA_ACLR_B                      ; NONE                 ; Untyped                                                                                 ;
; WRCONTROL_ACLR_B                   ; NONE                 ; Untyped                                                                                 ;
; ADDRESS_ACLR_B                     ; NONE                 ; Untyped                                                                                 ;
; OUTDATA_ACLR_B                     ; NONE                 ; Untyped                                                                                 ;
; RDCONTROL_ACLR_B                   ; NONE                 ; Untyped                                                                                 ;
; BYTEENA_ACLR_B                     ; NONE                 ; Untyped                                                                                 ;
; WIDTH_BYTEENA_A                    ; 1                    ; Signed Integer                                                                          ;
; WIDTH_BYTEENA_B                    ; 1                    ; Untyped                                                                                 ;
; RAM_BLOCK_TYPE                     ; M9K                  ; Untyped                                                                                 ;
; BYTE_SIZE                          ; 8                    ; Untyped                                                                                 ;
; READ_DURING_WRITE_MODE_MIXED_PORTS ; DONT_CARE            ; Untyped                                                                                 ;
; READ_DURING_WRITE_MODE_PORT_A      ; NEW_DATA_NO_NBE_READ ; Untyped                                                                                 ;
; READ_DURING_WRITE_MODE_PORT_B      ; NEW_DATA_NO_NBE_READ ; Untyped                                                                                 ;
; INIT_FILE                          ; UNUSED               ; Untyped                                                                                 ;
; INIT_FILE_LAYOUT                   ; PORT_A               ; Untyped                                                                                 ;
; MAXIMUM_DEPTH                      ; 0                    ; Untyped                                                                                 ;
; CLOCK_ENABLE_INPUT_A               ; NORMAL               ; Untyped                                                                                 ;
; CLOCK_ENABLE_INPUT_B               ; NORMAL               ; Untyped                                                                                 ;
; CLOCK_ENABLE_OUTPUT_A              ; NORMAL               ; Untyped                                                                                 ;
; CLOCK_ENABLE_OUTPUT_B              ; NORMAL               ; Untyped                                                                                 ;
; CLOCK_ENABLE_CORE_A                ; USE_INPUT_CLKEN      ; Untyped                                                                                 ;
; CLOCK_ENABLE_CORE_B                ; USE_INPUT_CLKEN      ; Untyped                                                                                 ;
; ENABLE_ECC                         ; FALSE                ; Untyped                                                                                 ;
; ECC_PIPELINE_STAGE_ENABLED         ; FALSE                ; Untyped                                                                                 ;
; WIDTH_ECCSTATUS                    ; 3                    ; Untyped                                                                                 ;
; DEVICE_FAMILY                      ; MAX 10               ; Untyped                                                                                 ;
; CBXI_PARAMETER                     ; altsyncram_t602      ; Untyped                                                                                 ;
+------------------------------------+----------------------+-----------------------------------------------------------------------------------------+
Note: In order to hide this table in the UI and the text report file, please set the "Show Parameter Settings in Synthesis Report" option in "Analysis and Synthesis Settings -> More Settings" to "Off".


+-------------------------------------------------------------------------------------------------------------------------------------------------------+
; Parameter Settings for User Entity Instance: decimation_filter_FilterSystem_DecimatingFIR2:theDecimatingFIR2|dspba_delay_ver:u0_m0_wo0_wi0_r0_delayr5 ;
+----------------+-------+------------------------------------------------------------------------------------------------------------------------------+
; Parameter Name ; Value ; Type                                                                                                                         ;
+----------------+-------+------------------------------------------------------------------------------------------------------------------------------+
; width          ; 17    ; Signed Integer                                                                                                               ;
; depth          ; 4     ; Signed Integer                                                                                                               ;
; reset_high     ; 1     ; Unsigned Binary                                                                                                              ;
; reset_kind     ; ASYNC ; String                                                                                                                       ;
+----------------+-------+------------------------------------------------------------------------------------------------------------------------------+
Note: In order to hide this table in the UI and the text report file, please set the "Show Parameter Settings in Synthesis Report" option in "Analysis and Synthesis Settings -> More Settings" to "Off".


+-------------------------------------------------------------------------------------------------------------------------------------------------------+
; Parameter Settings for User Entity Instance: decimation_filter_FilterSystem_DecimatingFIR2:theDecimatingFIR2|dspba_delay_ver:u0_m0_wo0_wi0_r0_delayr6 ;
+----------------+-------+------------------------------------------------------------------------------------------------------------------------------+
; Parameter Name ; Value ; Type                                                                                                                         ;
+----------------+-------+------------------------------------------------------------------------------------------------------------------------------+
; width          ; 17    ; Signed Integer                                                                                                               ;
; depth          ; 4     ; Signed Integer                                                                                                               ;
; reset_high     ; 1     ; Unsigned Binary                                                                                                              ;
; reset_kind     ; ASYNC ; String                                                                                                                       ;
+----------------+-------+------------------------------------------------------------------------------------------------------------------------------+
Note: In order to hide this table in the UI and the text report file, please set the "Show Parameter Settings in Synthesis Report" option in "Analysis and Synthesis Settings -> More Settings" to "Off".


+-------------------------------------------------------------------------------------------------------------------------------------------------------+
; Parameter Settings for User Entity Instance: decimation_filter_FilterSystem_DecimatingFIR2:theDecimatingFIR2|dspba_delay_ver:u0_m0_wo0_wi0_r0_delayr7 ;
+----------------+-------+------------------------------------------------------------------------------------------------------------------------------+
; Parameter Name ; Value ; Type                                                                                                                         ;
+----------------+-------+------------------------------------------------------------------------------------------------------------------------------+
; width          ; 17    ; Signed Integer                                                                                                               ;
; depth          ; 4     ; Signed Integer                                                                                                               ;
; reset_high     ; 1     ; Unsigned Binary                                                                                                              ;
; reset_kind     ; ASYNC ; String                                                                                                                       ;
+----------------+-------+------------------------------------------------------------------------------------------------------------------------------+
Note: In order to hide this table in the UI and the text report file, please set the "Show Parameter Settings in Synthesis Report" option in "Analysis and Synthesis Settings -> More Settings" to "Off".


+-----------------------------------------------------------------------------------------------------------------------------------------+
; Parameter Settings for User Entity Instance: decimation_filter_FilterSystem_DecimatingFIR2:theDecimatingFIR2|dspba_delay_ver:d_xIn_0_13 ;
+----------------+-------+----------------------------------------------------------------------------------------------------------------+
; Parameter Name ; Value ; Type                                                                                                           ;
+----------------+-------+----------------------------------------------------------------------------------------------------------------+
; width          ; 17    ; Signed Integer                                                                                                 ;
; depth          ; 3     ; Signed Integer                                                                                                 ;
; reset_high     ; 1     ; Unsigned Binary                                                                                                ;
; reset_kind     ; ASYNC ; String                                                                                                         ;
+----------------+-------+----------------------------------------------------------------------------------------------------------------+
Note: In order to hide this table in the UI and the text report file, please set the "Show Parameter Settings in Synthesis Report" option in "Analysis and Synthesis Settings -> More Settings" to "Off".


+---------------------------------------------------------------------------------------------------------------------------------------------------------------+
; Parameter Settings for User Entity Instance: decimation_filter_FilterSystem_DecimatingFIR2:theDecimatingFIR2|dspba_delay_ver:d_in0_m0_wi0_wo0_assign_id1_q_13 ;
+----------------+-------+--------------------------------------------------------------------------------------------------------------------------------------+
; Parameter Name ; Value ; Type                                                                                                                                 ;
+----------------+-------+--------------------------------------------------------------------------------------------------------------------------------------+
; width          ; 1     ; Signed Integer                                                                                                                       ;
; depth          ; 3     ; Signed Integer                                                                                                                       ;
; reset_high     ; 1     ; Unsigned Binary                                                                                                                      ;
; reset_kind     ; ASYNC ; String                                                                                                                               ;
+----------------+-------+--------------------------------------------------------------------------------------------------------------------------------------+
Note: In order to hide this table in the UI and the text report file, please set the "Show Parameter Settings in Synthesis Report" option in "Analysis and Synthesis Settings -> More Settings" to "Off".


+-----------------------------------------------------------------------------------------------------------------------------------------------------+
; Parameter Settings for User Entity Instance: decimation_filter_FilterSystem_DecimatingFIR2:theDecimatingFIR2|altsyncram:u0_m0_wo0_wi0_r0_memr0_dmem ;
+------------------------------------+----------------------+-----------------------------------------------------------------------------------------+
; Parameter Name                     ; Value                ; Type                                                                                    ;
+------------------------------------+----------------------+-----------------------------------------------------------------------------------------+
; BYTE_SIZE_BLOCK                    ; 8                    ; Untyped                                                                                 ;
; AUTO_CARRY_CHAINS                  ; ON                   ; AUTO_CARRY                                                                              ;
; IGNORE_CARRY_BUFFERS               ; OFF                  ; IGNORE_CARRY                                                                            ;
; AUTO_CASCADE_CHAINS                ; ON                   ; AUTO_CASCADE                                                                            ;
; IGNORE_CASCADE_BUFFERS             ; OFF                  ; IGNORE_CASCADE                                                                          ;
; WIDTH_BYTEENA                      ; 1                    ; Untyped                                                                                 ;
; OPERATION_MODE                     ; DUAL_PORT            ; Untyped                                                                                 ;
; WIDTH_A                            ; 17                   ; Signed Integer                                                                          ;
; WIDTHAD_A                          ; 3                    ; Signed Integer                                                                          ;
; NUMWORDS_A                         ; 8                    ; Signed Integer                                                                          ;
; OUTDATA_REG_A                      ; UNREGISTERED         ; Untyped                                                                                 ;
; ADDRESS_ACLR_A                     ; NONE                 ; Untyped                                                                                 ;
; OUTDATA_ACLR_A                     ; NONE                 ; Untyped                                                                                 ;
; WRCONTROL_ACLR_A                   ; NONE                 ; Untyped                                                                                 ;
; INDATA_ACLR_A                      ; NONE                 ; Untyped                                                                                 ;
; BYTEENA_ACLR_A                     ; NONE                 ; Untyped                                                                                 ;
; WIDTH_B                            ; 17                   ; Signed Integer                                                                          ;
; WIDTHAD_B                          ; 3                    ; Signed Integer                                                                          ;
; NUMWORDS_B                         ; 8                    ; Signed Integer                                                                          ;
; INDATA_REG_B                       ; CLOCK0               ; Untyped                                                                                 ;
; WRCONTROL_WRADDRESS_REG_B          ; CLOCK0               ; Untyped                                                                                 ;
; RDCONTROL_REG_B                    ; CLOCK0               ; Untyped                                                                                 ;
; ADDRESS_REG_B                      ; CLOCK0               ; Untyped                                                                                 ;
; OUTDATA_REG_B                      ; CLOCK0               ; Untyped                                                                                 ;
; BYTEENA_REG_B                      ; CLOCK0               ; Untyped                                                                                 ;
; INDATA_ACLR_B                      ; NONE                 ; Untyped                                                                                 ;
; WRCONTROL_ACLR_B                   ; NONE                 ; Untyped                                                                                 ;
; ADDRESS_ACLR_B                     ; NONE                 ; Untyped                                                                                 ;
; OUTDATA_ACLR_B                     ; NONE                 ; Untyped                                                                                 ;
; RDCONTROL_ACLR_B                   ; NONE                 ; Untyped                                                                                 ;
; BYTEENA_ACLR_B                     ; NONE                 ; Untyped                                                                                 ;
; WIDTH_BYTEENA_A                    ; 1                    ; Signed Integer                                                                          ;
; WIDTH_BYTEENA_B                    ; 1                    ; Untyped                                                                                 ;
; RAM_BLOCK_TYPE                     ; M9K                  ; Untyped                                                                                 ;
; BYTE_SIZE                          ; 8                    ; Untyped                                                                                 ;
; READ_DURING_WRITE_MODE_MIXED_PORTS ; DONT_CARE            ; Untyped                                                                                 ;
; READ_DURING_WRITE_MODE_PORT_A      ; NEW_DATA_NO_NBE_READ ; Untyped                                                                                 ;
; READ_DURING_WRITE_MODE_PORT_B      ; NEW_DATA_NO_NBE_READ ; Untyped                                                                                 ;
; INIT_FILE                          ; UNUSED               ; Untyped                                                                                 ;
; INIT_FILE_LAYOUT                   ; PORT_A               ; Untyped                                                                                 ;
; MAXIMUM_DEPTH                      ; 0                    ; Untyped                                                                                 ;
; CLOCK_ENABLE_INPUT_A               ; NORMAL               ; Untyped                                                                                 ;
; CLOCK_ENABLE_INPUT_B               ; NORMAL               ; Untyped                                                                                 ;
; CLOCK_ENABLE_OUTPUT_A              ; NORMAL               ; Untyped                                                                                 ;
; CLOCK_ENABLE_OUTPUT_B              ; NORMAL               ; Untyped                                                                                 ;
; CLOCK_ENABLE_CORE_A                ; USE_INPUT_CLKEN      ; Untyped                                                                                 ;
; CLOCK_ENABLE_CORE_B                ; USE_INPUT_CLKEN      ; Untyped                                                                                 ;
; ENABLE_ECC                         ; FALSE                ; Untyped                                                                                 ;
; ECC_PIPELINE_STAGE_ENABLED         ; FALSE                ; Untyped                                                                                 ;
; WIDTH_ECCSTATUS                    ; 3                    ; Untyped                                                                                 ;
; DEVICE_FAMILY                      ; MAX 10               ; Untyped                                                                                 ;
; CBXI_PARAMETER                     ; altsyncram_t302      ; Untyped                                                                                 ;
+------------------------------------+----------------------+-----------------------------------------------------------------------------------------+
Note: In order to hide this table in the UI and the text report file, please set the "Show Parameter Settings in Synthesis Report" option in "Analysis and Synthesis Settings -> More Settings" to "Off".


+--------------------------------------------------------------------------------------------------------------------------------------------+
; Parameter Settings for User Entity Instance: decimation_filter_FilterSystem_DecimatingFIR2:theDecimatingFIR2|altsyncram:u0_m0_wo0_cm0_dmem ;
+------------------------------------+----------------------+--------------------------------------------------------------------------------+
; Parameter Name                     ; Value                ; Type                                                                           ;
+------------------------------------+----------------------+--------------------------------------------------------------------------------+
; BYTE_SIZE_BLOCK                    ; 8                    ; Untyped                                                                        ;
; AUTO_CARRY_CHAINS                  ; ON                   ; AUTO_CARRY                                                                     ;
; IGNORE_CARRY_BUFFERS               ; OFF                  ; IGNORE_CARRY                                                                   ;
; AUTO_CASCADE_CHAINS                ; ON                   ; AUTO_CASCADE                                                                   ;
; IGNORE_CASCADE_BUFFERS             ; OFF                  ; IGNORE_CASCADE                                                                 ;
; WIDTH_BYTEENA                      ; 1                    ; Untyped                                                                        ;
; OPERATION_MODE                     ; DUAL_PORT            ; Untyped                                                                        ;
; WIDTH_A                            ; 16                   ; Signed Integer                                                                 ;
; WIDTHAD_A                          ; 2                    ; Signed Integer                                                                 ;
; NUMWORDS_A                         ; 4                    ; Signed Integer                                                                 ;
; OUTDATA_REG_A                      ; UNREGISTERED         ; Untyped                                                                        ;
; ADDRESS_ACLR_A                     ; NONE                 ; Untyped                                                                        ;
; OUTDATA_ACLR_A                     ; NONE                 ; Untyped                                                                        ;
; WRCONTROL_ACLR_A                   ; NONE                 ; Untyped                                                                        ;
; INDATA_ACLR_A                      ; NONE                 ; Untyped                                                                        ;
; BYTEENA_ACLR_A                     ; NONE                 ; Untyped                                                                        ;
; WIDTH_B                            ; 16                   ; Signed Integer                                                                 ;
; WIDTHAD_B                          ; 2                    ; Signed Integer                                                                 ;
; NUMWORDS_B                         ; 4                    ; Signed Integer                                                                 ;
; INDATA_REG_B                       ; CLOCK0               ; Untyped                                                                        ;
; WRCONTROL_WRADDRESS_REG_B          ; CLOCK0               ; Untyped                                                                        ;
; RDCONTROL_REG_B                    ; CLOCK0               ; Untyped                                                                        ;
; ADDRESS_REG_B                      ; CLOCK0               ; Untyped                                                                        ;
; OUTDATA_REG_B                      ; CLOCK0               ; Untyped                                                                        ;
; BYTEENA_REG_B                      ; CLOCK0               ; Untyped                                                                        ;
; INDATA_ACLR_B                      ; NONE                 ; Untyped                                                                        ;
; WRCONTROL_ACLR_B                   ; NONE                 ; Untyped                                                                        ;
; ADDRESS_ACLR_B                     ; NONE                 ; Untyped                                                                        ;
; OUTDATA_ACLR_B                     ; NONE                 ; Untyped                                                                        ;
; RDCONTROL_ACLR_B                   ; NONE                 ; Untyped                                                                        ;
; BYTEENA_ACLR_B                     ; NONE                 ; Untyped                                                                        ;
; WIDTH_BYTEENA_A                    ; 1                    ; Signed Integer                                                                 ;
; WIDTH_BYTEENA_B                    ; 1                    ; Untyped                                                                        ;
; RAM_BLOCK_TYPE                     ; M9K                  ; Untyped                                                                        ;
; BYTE_SIZE                          ; 8                    ; Untyped                                                                        ;
; READ_DURING_WRITE_MODE_MIXED_PORTS ; DONT_CARE            ; Untyped                                                                        ;
; READ_DURING_WRITE_MODE_PORT_A      ; NEW_DATA_NO_NBE_READ ; Untyped                                                                        ;
; READ_DURING_WRITE_MODE_PORT_B      ; NEW_DATA_NO_NBE_READ ; Untyped                                                                        ;
; INIT_FILE                          ; UNUSED               ; Untyped                                                                        ;
; INIT_FILE_LAYOUT                   ; PORT_A               ; Untyped                                                                        ;
; MAXIMUM_DEPTH                      ; 0                    ; Untyped                                                                        ;
; CLOCK_ENABLE_INPUT_A               ; NORMAL               ; Untyped                                                                        ;
; CLOCK_ENABLE_INPUT_B               ; NORMAL               ; Untyped                                                                        ;
; CLOCK_ENABLE_OUTPUT_A              ; NORMAL               ; Untyped                                                                        ;
; CLOCK_ENABLE_OUTPUT_B              ; NORMAL               ; Untyped                                                                        ;
; CLOCK_ENABLE_CORE_A                ; USE_INPUT_CLKEN      ; Untyped                                                                        ;
; CLOCK_ENABLE_CORE_B                ; USE_INPUT_CLKEN      ; Untyped                                                                        ;
; ENABLE_ECC                         ; FALSE                ; Untyped                                                                        ;
; ECC_PIPELINE_STAGE_ENABLED         ; FALSE                ; Untyped                                                                        ;
; WIDTH_ECCSTATUS                    ; 3                    ; Untyped                                                                        ;
; DEVICE_FAMILY                      ; MAX 10               ; Untyped                                                                        ;
; CBXI_PARAMETER                     ; altsyncram_6102      ; Untyped                                                                        ;
+------------------------------------+----------------------+--------------------------------------------------------------------------------+
Note: In order to hide this table in the UI and the text report file, please set the "Show Parameter Settings in Synthesis Report" option in "Analysis and Synthesis Settings -> More Settings" to "Off".


+---------------------------------------------------------------------------------------------------------------------------------------------------------+
; Parameter Settings for User Entity Instance: decimation_filter_FilterSystem_DecimatingFIR2:theDecimatingFIR2|lpm_mult:u0_m0_wo0_mtree_mult1_3_component ;
+------------------------------------------------+----------+---------------------------------------------------------------------------------------------+
; Parameter Name                                 ; Value    ; Type                                                                                        ;
+------------------------------------------------+----------+---------------------------------------------------------------------------------------------+
; AUTO_CARRY_CHAINS                              ; ON       ; AUTO_CARRY                                                                                  ;
; IGNORE_CARRY_BUFFERS                           ; OFF      ; IGNORE_CARRY                                                                                ;
; AUTO_CASCADE_CHAINS                            ; ON       ; AUTO_CASCADE                                                                                ;
; IGNORE_CASCADE_BUFFERS                         ; OFF      ; IGNORE_CASCADE                                                                              ;
; LPM_WIDTHA                                     ; 16       ; Signed Integer                                                                              ;
; LPM_WIDTHB                                     ; 18       ; Signed Integer                                                                              ;
; LPM_WIDTHP                                     ; 34       ; Signed Integer                                                                              ;
; LPM_WIDTHR                                     ; 0        ; Untyped                                                                                     ;
; LPM_WIDTHS                                     ; 1        ; Signed Integer                                                                              ;
; LPM_REPRESENTATION                             ; SIGNED   ; Untyped                                                                                     ;
; LPM_PIPELINE                                   ; 2        ; Signed Integer                                                                              ;
; LATENCY                                        ; 0        ; Untyped                                                                                     ;
; INPUT_A_IS_CONSTANT                            ; NO       ; Untyped                                                                                     ;
; INPUT_B_IS_CONSTANT                            ; NO       ; Untyped                                                                                     ;
; USE_EAB                                        ; OFF      ; Untyped                                                                                     ;
; MAXIMIZE_SPEED                                 ; 5        ; Untyped                                                                                     ;
; DEVICE_FAMILY                                  ; MAX 10   ; Untyped                                                                                     ;
; CARRY_CHAIN                                    ; MANUAL   ; Untyped                                                                                     ;
; APEX20K_TECHNOLOGY_MAPPER                      ; LUT      ; TECH_MAPPER_APEX20K                                                                         ;
; DEDICATED_MULTIPLIER_CIRCUITRY                 ; YES      ; Untyped                                                                                     ;
; DEDICATED_MULTIPLIER_MIN_INPUT_WIDTH_FOR_AUTO  ; 0        ; Untyped                                                                                     ;
; DEDICATED_MULTIPLIER_MIN_OUTPUT_WIDTH_FOR_AUTO ; 0        ; Untyped                                                                                     ;
; CBXI_PARAMETER                                 ; mult_vot ; Untyped                                                                                     ;
; INPUT_A_FIXED_VALUE                            ; Bx       ; Untyped                                                                                     ;
; INPUT_B_FIXED_VALUE                            ; Bx       ; Untyped                                                                                     ;
; USE_AHDL_IMPLEMENTATION                        ; OFF      ; Untyped                                                                                     ;
+------------------------------------------------+----------+---------------------------------------------------------------------------------------------+
Note: In order to hide this table in the UI and the text report file, please set the "Show Parameter Settings in Synthesis Report" option in "Analysis and Synthesis Settings -> More Settings" to "Off".


+--------------------------------------------------------------------------------------------------------------------------------------------+
; Parameter Settings for User Entity Instance: decimation_filter_FilterSystem_DecimatingFIR2:theDecimatingFIR2|altsyncram:u0_m0_wo0_cm1_dmem ;
+------------------------------------+----------------------+--------------------------------------------------------------------------------+
; Parameter Name                     ; Value                ; Type                                                                           ;
+------------------------------------+----------------------+--------------------------------------------------------------------------------+
; BYTE_SIZE_BLOCK                    ; 8                    ; Untyped                                                                        ;
; AUTO_CARRY_CHAINS                  ; ON                   ; AUTO_CARRY                                                                     ;
; IGNORE_CARRY_BUFFERS               ; OFF                  ; IGNORE_CARRY                                                                   ;
; AUTO_CASCADE_CHAINS                ; ON                   ; AUTO_CASCADE                                                                   ;
; IGNORE_CASCADE_BUFFERS             ; OFF                  ; IGNORE_CASCADE                                                                 ;
; WIDTH_BYTEENA                      ; 1                    ; Untyped                                                                        ;
; OPERATION_MODE                     ; DUAL_PORT            ; Untyped                                                                        ;
; WIDTH_A                            ; 16                   ; Signed Integer                                                                 ;
; WIDTHAD_A                          ; 2                    ; Signed Integer                                                                 ;
; NUMWORDS_A                         ; 4                    ; Signed Integer                                                                 ;
; OUTDATA_REG_A                      ; UNREGISTERED         ; Untyped                                                                        ;
; ADDRESS_ACLR_A                     ; NONE                 ; Untyped                                                                        ;
; OUTDATA_ACLR_A                     ; NONE                 ; Untyped                                                                        ;
; WRCONTROL_ACLR_A                   ; NONE                 ; Untyped                                                                        ;
; INDATA_ACLR_A                      ; NONE                 ; Untyped                                                                        ;
; BYTEENA_ACLR_A                     ; NONE                 ; Untyped                                                                        ;
; WIDTH_B                            ; 16                   ; Signed Integer                                                                 ;
; WIDTHAD_B                          ; 2                    ; Signed Integer                                                                 ;
; NUMWORDS_B                         ; 4                    ; Signed Integer                                                                 ;
; INDATA_REG_B                       ; CLOCK0               ; Untyped                                                                        ;
; WRCONTROL_WRADDRESS_REG_B          ; CLOCK0               ; Untyped                                                                        ;
; RDCONTROL_REG_B                    ; CLOCK0               ; Untyped                                                                        ;
; ADDRESS_REG_B                      ; CLOCK0               ; Untyped                                                                        ;
; OUTDATA_REG_B                      ; CLOCK0               ; Untyped                                                                        ;
; BYTEENA_REG_B                      ; CLOCK0               ; Untyped                                                                        ;
; INDATA_ACLR_B                      ; NONE                 ; Untyped                                                                        ;
; WRCONTROL_ACLR_B                   ; NONE                 ; Untyped                                                                        ;
; ADDRESS_ACLR_B                     ; NONE                 ; Untyped                                                                        ;
; OUTDATA_ACLR_B                     ; NONE                 ; Untyped                                                                        ;
; RDCONTROL_ACLR_B                   ; NONE                 ; Untyped                                                                        ;
; BYTEENA_ACLR_B                     ; NONE                 ; Untyped                                                                        ;
; WIDTH_BYTEENA_A                    ; 1                    ; Signed Integer                                                                 ;
; WIDTH_BYTEENA_B                    ; 1                    ; Untyped                                                                        ;
; RAM_BLOCK_TYPE                     ; M9K                  ; Untyped                                                                        ;
; BYTE_SIZE                          ; 8                    ; Untyped                                                                        ;
; READ_DURING_WRITE_MODE_MIXED_PORTS ; DONT_CARE            ; Untyped                                                                        ;
; READ_DURING_WRITE_MODE_PORT_A      ; NEW_DATA_NO_NBE_READ ; Untyped                                                                        ;
; READ_DURING_WRITE_MODE_PORT_B      ; NEW_DATA_NO_NBE_READ ; Untyped                                                                        ;
; INIT_FILE                          ; UNUSED               ; Untyped                                                                        ;
; INIT_FILE_LAYOUT                   ; PORT_A               ; Untyped                                                                        ;
; MAXIMUM_DEPTH                      ; 0                    ; Untyped                                                                        ;
; CLOCK_ENABLE_INPUT_A               ; NORMAL               ; Untyped                                                                        ;
; CLOCK_ENABLE_INPUT_B               ; NORMAL               ; Untyped                                                                        ;
; CLOCK_ENABLE_OUTPUT_A              ; NORMAL               ; Untyped                                                                        ;
; CLOCK_ENABLE_OUTPUT_B              ; NORMAL               ; Untyped                                                                        ;
; CLOCK_ENABLE_CORE_A                ; USE_INPUT_CLKEN      ; Untyped                                                                        ;
; CLOCK_ENABLE_CORE_B                ; USE_INPUT_CLKEN      ; Untyped                                                                        ;
; ENABLE_ECC                         ; FALSE                ; Untyped                                                                        ;
; ECC_PIPELINE_STAGE_ENABLED         ; FALSE                ; Untyped                                                                        ;
; WIDTH_ECCSTATUS                    ; 3                    ; Untyped                                                                        ;
; DEVICE_FAMILY                      ; MAX 10               ; Untyped                                                                        ;
; CBXI_PARAMETER                     ; altsyncram_6102      ; Untyped                                                                        ;
+------------------------------------+----------------------+--------------------------------------------------------------------------------+
Note: In order to hide this table in the UI and the text report file, please set the "Show Parameter Settings in Synthesis Report" option in "Analysis and Synthesis Settings -> More Settings" to "Off".


+---------------------------------------------------------------------------------------------------------------------------------------------------------+
; Parameter Settings for User Entity Instance: decimation_filter_FilterSystem_DecimatingFIR2:theDecimatingFIR2|lpm_mult:u0_m0_wo0_mtree_mult1_2_component ;
+------------------------------------------------+----------+---------------------------------------------------------------------------------------------+
; Parameter Name                                 ; Value    ; Type                                                                                        ;
+------------------------------------------------+----------+---------------------------------------------------------------------------------------------+
; AUTO_CARRY_CHAINS                              ; ON       ; AUTO_CARRY                                                                                  ;
; IGNORE_CARRY_BUFFERS                           ; OFF      ; IGNORE_CARRY                                                                                ;
; AUTO_CASCADE_CHAINS                            ; ON       ; AUTO_CASCADE                                                                                ;
; IGNORE_CASCADE_BUFFERS                         ; OFF      ; IGNORE_CASCADE                                                                              ;
; LPM_WIDTHA                                     ; 16       ; Signed Integer                                                                              ;
; LPM_WIDTHB                                     ; 18       ; Signed Integer                                                                              ;
; LPM_WIDTHP                                     ; 34       ; Signed Integer                                                                              ;
; LPM_WIDTHR                                     ; 0        ; Untyped                                                                                     ;
; LPM_WIDTHS                                     ; 1        ; Signed Integer                                                                              ;
; LPM_REPRESENTATION                             ; SIGNED   ; Untyped                                                                                     ;
; LPM_PIPELINE                                   ; 2        ; Signed Integer                                                                              ;
; LATENCY                                        ; 0        ; Untyped                                                                                     ;
; INPUT_A_IS_CONSTANT                            ; NO       ; Untyped                                                                                     ;
; INPUT_B_IS_CONSTANT                            ; NO       ; Untyped                                                                                     ;
; USE_EAB                                        ; OFF      ; Untyped                                                                                     ;
; MAXIMIZE_SPEED                                 ; 5        ; Untyped                                                                                     ;
; DEVICE_FAMILY                                  ; MAX 10   ; Untyped                                                                                     ;
; CARRY_CHAIN                                    ; MANUAL   ; Untyped                                                                                     ;
; APEX20K_TECHNOLOGY_MAPPER                      ; LUT      ; TECH_MAPPER_APEX20K                                                                         ;
; DEDICATED_MULTIPLIER_CIRCUITRY                 ; YES      ; Untyped                                                                                     ;
; DEDICATED_MULTIPLIER_MIN_INPUT_WIDTH_FOR_AUTO  ; 0        ; Untyped                                                                                     ;
; DEDICATED_MULTIPLIER_MIN_OUTPUT_WIDTH_FOR_AUTO ; 0        ; Untyped                                                                                     ;
; CBXI_PARAMETER                                 ; mult_vot ; Untyped                                                                                     ;
; INPUT_A_FIXED_VALUE                            ; Bx       ; Untyped                                                                                     ;
; INPUT_B_FIXED_VALUE                            ; Bx       ; Untyped                                                                                     ;
; USE_AHDL_IMPLEMENTATION                        ; OFF      ; Untyped                                                                                     ;
+------------------------------------------------+----------+---------------------------------------------------------------------------------------------+
Note: In order to hide this table in the UI and the text report file, please set the "Show Parameter Settings in Synthesis Report" option in "Analysis and Synthesis Settings -> More Settings" to "Off".


+-------------------------------------------------------------------------------------------------------------------------------------------------------+
; Parameter Settings for User Entity Instance: decimation_filter_FilterSystem_DecimatingFIR2:theDecimatingFIR2|dspba_delay_ver:u0_m0_wo0_wi0_r0_delayr2 ;
+----------------+-------+------------------------------------------------------------------------------------------------------------------------------+
; Parameter Name ; Value ; Type                                                                                                                         ;
+----------------+-------+------------------------------------------------------------------------------------------------------------------------------+
; width          ; 17    ; Signed Integer                                                                                                               ;
; depth          ; 4     ; Signed Integer                                                                                                               ;
; reset_high     ; 1     ; Unsigned Binary                                                                                                              ;
; reset_kind     ; ASYNC ; String                                                                                                                       ;
+----------------+-------+------------------------------------------------------------------------------------------------------------------------------+
Note: In order to hide this table in the UI and the text report file, please set the "Show Parameter Settings in Synthesis Report" option in "Analysis and Synthesis Settings -> More Settings" to "Off".


+--------------------------------------------------------------------------------------------------------------------------------------------+
; Parameter Settings for User Entity Instance: decimation_filter_FilterSystem_DecimatingFIR2:theDecimatingFIR2|altsyncram:u0_m0_wo0_cm2_dmem ;
+------------------------------------+----------------------+--------------------------------------------------------------------------------+
; Parameter Name                     ; Value                ; Type                                                                           ;
+------------------------------------+----------------------+--------------------------------------------------------------------------------+
; BYTE_SIZE_BLOCK                    ; 8                    ; Untyped                                                                        ;
; AUTO_CARRY_CHAINS                  ; ON                   ; AUTO_CARRY                                                                     ;
; IGNORE_CARRY_BUFFERS               ; OFF                  ; IGNORE_CARRY                                                                   ;
; AUTO_CASCADE_CHAINS                ; ON                   ; AUTO_CASCADE                                                                   ;
; IGNORE_CASCADE_BUFFERS             ; OFF                  ; IGNORE_CASCADE                                                                 ;
; WIDTH_BYTEENA                      ; 1                    ; Untyped                                                                        ;
; OPERATION_MODE                     ; DUAL_PORT            ; Untyped                                                                        ;
; WIDTH_A                            ; 16                   ; Signed Integer                                                                 ;
; WIDTHAD_A                          ; 2                    ; Signed Integer                                                                 ;
; NUMWORDS_A                         ; 4                    ; Signed Integer                                                                 ;
; OUTDATA_REG_A                      ; UNREGISTERED         ; Untyped                                                                        ;
; ADDRESS_ACLR_A                     ; NONE                 ; Untyped                                                                        ;
; OUTDATA_ACLR_A                     ; NONE                 ; Untyped                                                                        ;
; WRCONTROL_ACLR_A                   ; NONE                 ; Untyped                                                                        ;
; INDATA_ACLR_A                      ; NONE                 ; Untyped                                                                        ;
; BYTEENA_ACLR_A                     ; NONE                 ; Untyped                                                                        ;
; WIDTH_B                            ; 16                   ; Signed Integer                                                                 ;
; WIDTHAD_B                          ; 2                    ; Signed Integer                                                                 ;
; NUMWORDS_B                         ; 4                    ; Signed Integer                                                                 ;
; INDATA_REG_B                       ; CLOCK0               ; Untyped                                                                        ;
; WRCONTROL_WRADDRESS_REG_B          ; CLOCK0               ; Untyped                                                                        ;
; RDCONTROL_REG_B                    ; CLOCK0               ; Untyped                                                                        ;
; ADDRESS_REG_B                      ; CLOCK0               ; Untyped                                                                        ;
; OUTDATA_REG_B                      ; CLOCK0               ; Untyped                                                                        ;
; BYTEENA_REG_B                      ; CLOCK0               ; Untyped                                                                        ;
; INDATA_ACLR_B                      ; NONE                 ; Untyped                                                                        ;
; WRCONTROL_ACLR_B                   ; NONE                 ; Untyped                                                                        ;
; ADDRESS_ACLR_B                     ; NONE                 ; Untyped                                                                        ;
; OUTDATA_ACLR_B                     ; NONE                 ; Untyped                                                                        ;
; RDCONTROL_ACLR_B                   ; NONE                 ; Untyped                                                                        ;
; BYTEENA_ACLR_B                     ; NONE                 ; Untyped                                                                        ;
; WIDTH_BYTEENA_A                    ; 1                    ; Signed Integer                                                                 ;
; WIDTH_BYTEENA_B                    ; 1                    ; Untyped                                                                        ;
; RAM_BLOCK_TYPE                     ; M9K                  ; Untyped                                                                        ;
; BYTE_SIZE                          ; 8                    ; Untyped                                                                        ;
; READ_DURING_WRITE_MODE_MIXED_PORTS ; DONT_CARE            ; Untyped                                                                        ;
; READ_DURING_WRITE_MODE_PORT_A      ; NEW_DATA_NO_NBE_READ ; Untyped                                                                        ;
; READ_DURING_WRITE_MODE_PORT_B      ; NEW_DATA_NO_NBE_READ ; Untyped                                                                        ;
; INIT_FILE                          ; UNUSED               ; Untyped                                                                        ;
; INIT_FILE_LAYOUT                   ; PORT_A               ; Untyped                                                                        ;
; MAXIMUM_DEPTH                      ; 0                    ; Untyped                                                                        ;
; CLOCK_ENABLE_INPUT_A               ; NORMAL               ; Untyped                                                                        ;
; CLOCK_ENABLE_INPUT_B               ; NORMAL               ; Untyped                                                                        ;
; CLOCK_ENABLE_OUTPUT_A              ; NORMAL               ; Untyped                                                                        ;
; CLOCK_ENABLE_OUTPUT_B              ; NORMAL               ; Untyped                                                                        ;
; CLOCK_ENABLE_CORE_A                ; USE_INPUT_CLKEN      ; Untyped                                                                        ;
; CLOCK_ENABLE_CORE_B                ; USE_INPUT_CLKEN      ; Untyped                                                                        ;
; ENABLE_ECC                         ; FALSE                ; Untyped                                                                        ;
; ECC_PIPELINE_STAGE_ENABLED         ; FALSE                ; Untyped                                                                        ;
; WIDTH_ECCSTATUS                    ; 3                    ; Untyped                                                                        ;
; DEVICE_FAMILY                      ; MAX 10               ; Untyped                                                                        ;
; CBXI_PARAMETER                     ; altsyncram_6102      ; Untyped                                                                        ;
+------------------------------------+----------------------+--------------------------------------------------------------------------------+
Note: In order to hide this table in the UI and the text report file, please set the "Show Parameter Settings in Synthesis Report" option in "Analysis and Synthesis Settings -> More Settings" to "Off".


+---------------------------------------------------------------------------------------------------------------------------------------------------------+
; Parameter Settings for User Entity Instance: decimation_filter_FilterSystem_DecimatingFIR2:theDecimatingFIR2|lpm_mult:u0_m0_wo0_mtree_mult1_1_component ;
+------------------------------------------------+----------+---------------------------------------------------------------------------------------------+
; Parameter Name                                 ; Value    ; Type                                                                                        ;
+------------------------------------------------+----------+---------------------------------------------------------------------------------------------+
; AUTO_CARRY_CHAINS                              ; ON       ; AUTO_CARRY                                                                                  ;
; IGNORE_CARRY_BUFFERS                           ; OFF      ; IGNORE_CARRY                                                                                ;
; AUTO_CASCADE_CHAINS                            ; ON       ; AUTO_CASCADE                                                                                ;
; IGNORE_CASCADE_BUFFERS                         ; OFF      ; IGNORE_CASCADE                                                                              ;
; LPM_WIDTHA                                     ; 16       ; Signed Integer                                                                              ;
; LPM_WIDTHB                                     ; 18       ; Signed Integer                                                                              ;
; LPM_WIDTHP                                     ; 34       ; Signed Integer                                                                              ;
; LPM_WIDTHR                                     ; 0        ; Untyped                                                                                     ;
; LPM_WIDTHS                                     ; 1        ; Signed Integer                                                                              ;
; LPM_REPRESENTATION                             ; SIGNED   ; Untyped                                                                                     ;
; LPM_PIPELINE                                   ; 2        ; Signed Integer                                                                              ;
; LATENCY                                        ; 0        ; Untyped                                                                                     ;
; INPUT_A_IS_CONSTANT                            ; NO       ; Untyped                                                                                     ;
; INPUT_B_IS_CONSTANT                            ; NO       ; Untyped                                                                                     ;
; USE_EAB                                        ; OFF      ; Untyped                                                                                     ;
; MAXIMIZE_SPEED                                 ; 5        ; Untyped                                                                                     ;
; DEVICE_FAMILY                                  ; MAX 10   ; Untyped                                                                                     ;
; CARRY_CHAIN                                    ; MANUAL   ; Untyped                                                                                     ;
; APEX20K_TECHNOLOGY_MAPPER                      ; LUT      ; TECH_MAPPER_APEX20K                                                                         ;
; DEDICATED_MULTIPLIER_CIRCUITRY                 ; YES      ; Untyped                                                                                     ;
; DEDICATED_MULTIPLIER_MIN_INPUT_WIDTH_FOR_AUTO  ; 0        ; Untyped                                                                                     ;
; DEDICATED_MULTIPLIER_MIN_OUTPUT_WIDTH_FOR_AUTO ; 0        ; Untyped                                                                                     ;
; CBXI_PARAMETER                                 ; mult_vot ; Untyped                                                                                     ;
; INPUT_A_FIXED_VALUE                            ; Bx       ; Untyped                                                                                     ;
; INPUT_B_FIXED_VALUE                            ; Bx       ; Untyped                                                                                     ;
; USE_AHDL_IMPLEMENTATION                        ; OFF      ; Untyped                                                                                     ;
+------------------------------------------------+----------+---------------------------------------------------------------------------------------------+
Note: In order to hide this table in the UI and the text report file, please set the "Show Parameter Settings in Synthesis Report" option in "Analysis and Synthesis Settings -> More Settings" to "Off".


+-------------------------------------------------------------------------------------------------------------------------------------------------------+
; Parameter Settings for User Entity Instance: decimation_filter_FilterSystem_DecimatingFIR2:theDecimatingFIR2|dspba_delay_ver:u0_m0_wo0_wi0_r0_delayr3 ;
+----------------+-------+------------------------------------------------------------------------------------------------------------------------------+
; Parameter Name ; Value ; Type                                                                                                                         ;
+----------------+-------+------------------------------------------------------------------------------------------------------------------------------+
; width          ; 17    ; Signed Integer                                                                                                               ;
; depth          ; 4     ; Signed Integer                                                                                                               ;
; reset_high     ; 1     ; Unsigned Binary                                                                                                              ;
; reset_kind     ; ASYNC ; String                                                                                                                       ;
+----------------+-------+------------------------------------------------------------------------------------------------------------------------------+
Note: In order to hide this table in the UI and the text report file, please set the "Show Parameter Settings in Synthesis Report" option in "Analysis and Synthesis Settings -> More Settings" to "Off".


+--------------------------------------------------------------------------------------------------------------------------------------------+
; Parameter Settings for User Entity Instance: decimation_filter_FilterSystem_DecimatingFIR2:theDecimatingFIR2|altsyncram:u0_m0_wo0_cm3_dmem ;
+------------------------------------+----------------------+--------------------------------------------------------------------------------+
; Parameter Name                     ; Value                ; Type                                                                           ;
+------------------------------------+----------------------+--------------------------------------------------------------------------------+
; BYTE_SIZE_BLOCK                    ; 8                    ; Untyped                                                                        ;
; AUTO_CARRY_CHAINS                  ; ON                   ; AUTO_CARRY                                                                     ;
; IGNORE_CARRY_BUFFERS               ; OFF                  ; IGNORE_CARRY                                                                   ;
; AUTO_CASCADE_CHAINS                ; ON                   ; AUTO_CASCADE                                                                   ;
; IGNORE_CASCADE_BUFFERS             ; OFF                  ; IGNORE_CASCADE                                                                 ;
; WIDTH_BYTEENA                      ; 1                    ; Untyped                                                                        ;
; OPERATION_MODE                     ; DUAL_PORT            ; Untyped                                                                        ;
; WIDTH_A                            ; 16                   ; Signed Integer                                                                 ;
; WIDTHAD_A                          ; 2                    ; Signed Integer                                                                 ;
; NUMWORDS_A                         ; 4                    ; Signed Integer                                                                 ;
; OUTDATA_REG_A                      ; UNREGISTERED         ; Untyped                                                                        ;
; ADDRESS_ACLR_A                     ; NONE                 ; Untyped                                                                        ;
; OUTDATA_ACLR_A                     ; NONE                 ; Untyped                                                                        ;
; WRCONTROL_ACLR_A                   ; NONE                 ; Untyped                                                                        ;
; INDATA_ACLR_A                      ; NONE                 ; Untyped                                                                        ;
; BYTEENA_ACLR_A                     ; NONE                 ; Untyped                                                                        ;
; WIDTH_B                            ; 16                   ; Signed Integer                                                                 ;
; WIDTHAD_B                          ; 2                    ; Signed Integer                                                                 ;
; NUMWORDS_B                         ; 4                    ; Signed Integer                                                                 ;
; INDATA_REG_B                       ; CLOCK0               ; Untyped                                                                        ;
; WRCONTROL_WRADDRESS_REG_B          ; CLOCK0               ; Untyped                                                                        ;
; RDCONTROL_REG_B                    ; CLOCK0               ; Untyped                                                                        ;
; ADDRESS_REG_B                      ; CLOCK0               ; Untyped                                                                        ;
; OUTDATA_REG_B                      ; CLOCK0               ; Untyped                                                                        ;
; BYTEENA_REG_B                      ; CLOCK0               ; Untyped                                                                        ;
; INDATA_ACLR_B                      ; NONE                 ; Untyped                                                                        ;
; WRCONTROL_ACLR_B                   ; NONE                 ; Untyped                                                                        ;
; ADDRESS_ACLR_B                     ; NONE                 ; Untyped                                                                        ;
; OUTDATA_ACLR_B                     ; NONE                 ; Untyped                                                                        ;
; RDCONTROL_ACLR_B                   ; NONE                 ; Untyped                                                                        ;
; BYTEENA_ACLR_B                     ; NONE                 ; Untyped                                                                        ;
; WIDTH_BYTEENA_A                    ; 1                    ; Signed Integer                                                                 ;
; WIDTH_BYTEENA_B                    ; 1                    ; Untyped                                                                        ;
; RAM_BLOCK_TYPE                     ; M9K                  ; Untyped                                                                        ;
; BYTE_SIZE                          ; 8                    ; Untyped                                                                        ;
; READ_DURING_WRITE_MODE_MIXED_PORTS ; DONT_CARE            ; Untyped                                                                        ;
; READ_DURING_WRITE_MODE_PORT_A      ; NEW_DATA_NO_NBE_READ ; Untyped                                                                        ;
; READ_DURING_WRITE_MODE_PORT_B      ; NEW_DATA_NO_NBE_READ ; Untyped                                                                        ;
; INIT_FILE                          ; UNUSED               ; Untyped                                                                        ;
; INIT_FILE_LAYOUT                   ; PORT_A               ; Untyped                                                                        ;
; MAXIMUM_DEPTH                      ; 0                    ; Untyped                                                                        ;
; CLOCK_ENABLE_INPUT_A               ; NORMAL               ; Untyped                                                                        ;
; CLOCK_ENABLE_INPUT_B               ; NORMAL               ; Untyped                                                                        ;
; CLOCK_ENABLE_OUTPUT_A              ; NORMAL               ; Untyped                                                                        ;
; CLOCK_ENABLE_OUTPUT_B              ; NORMAL               ; Untyped                                                                        ;
; CLOCK_ENABLE_CORE_A                ; USE_INPUT_CLKEN      ; Untyped                                                                        ;
; CLOCK_ENABLE_CORE_B                ; USE_INPUT_CLKEN      ; Untyped                                                                        ;
; ENABLE_ECC                         ; FALSE                ; Untyped                                                                        ;
; ECC_PIPELINE_STAGE_ENABLED         ; FALSE                ; Untyped                                                                        ;
; WIDTH_ECCSTATUS                    ; 3                    ; Untyped                                                                        ;
; DEVICE_FAMILY                      ; MAX 10               ; Untyped                                                                        ;
; CBXI_PARAMETER                     ; altsyncram_6102      ; Untyped                                                                        ;
+------------------------------------+----------------------+--------------------------------------------------------------------------------+
Note: In order to hide this table in the UI and the text report file, please set the "Show Parameter Settings in Synthesis Report" option in "Analysis and Synthesis Settings -> More Settings" to "Off".


+---------------------------------------------------------------------------------------------------------------------------------------------------------+
; Parameter Settings for User Entity Instance: decimation_filter_FilterSystem_DecimatingFIR2:theDecimatingFIR2|lpm_mult:u0_m0_wo0_mtree_mult1_0_component ;
+------------------------------------------------+----------+---------------------------------------------------------------------------------------------+
; Parameter Name                                 ; Value    ; Type                                                                                        ;
+------------------------------------------------+----------+---------------------------------------------------------------------------------------------+
; AUTO_CARRY_CHAINS                              ; ON       ; AUTO_CARRY                                                                                  ;
; IGNORE_CARRY_BUFFERS                           ; OFF      ; IGNORE_CARRY                                                                                ;
; AUTO_CASCADE_CHAINS                            ; ON       ; AUTO_CASCADE                                                                                ;
; IGNORE_CASCADE_BUFFERS                         ; OFF      ; IGNORE_CASCADE                                                                              ;
; LPM_WIDTHA                                     ; 16       ; Signed Integer                                                                              ;
; LPM_WIDTHB                                     ; 18       ; Signed Integer                                                                              ;
; LPM_WIDTHP                                     ; 34       ; Signed Integer                                                                              ;
; LPM_WIDTHR                                     ; 0        ; Untyped                                                                                     ;
; LPM_WIDTHS                                     ; 1        ; Signed Integer                                                                              ;
; LPM_REPRESENTATION                             ; SIGNED   ; Untyped                                                                                     ;
; LPM_PIPELINE                                   ; 2        ; Signed Integer                                                                              ;
; LATENCY                                        ; 0        ; Untyped                                                                                     ;
; INPUT_A_IS_CONSTANT                            ; NO       ; Untyped                                                                                     ;
; INPUT_B_IS_CONSTANT                            ; NO       ; Untyped                                                                                     ;
; USE_EAB                                        ; OFF      ; Untyped                                                                                     ;
; MAXIMIZE_SPEED                                 ; 5        ; Untyped                                                                                     ;
; DEVICE_FAMILY                                  ; MAX 10   ; Untyped                                                                                     ;
; CARRY_CHAIN                                    ; MANUAL   ; Untyped                                                                                     ;
; APEX20K_TECHNOLOGY_MAPPER                      ; LUT      ; TECH_MAPPER_APEX20K                                                                         ;
; DEDICATED_MULTIPLIER_CIRCUITRY                 ; YES      ; Untyped                                                                                     ;
; DEDICATED_MULTIPLIER_MIN_INPUT_WIDTH_FOR_AUTO  ; 0        ; Untyped                                                                                     ;
; DEDICATED_MULTIPLIER_MIN_OUTPUT_WIDTH_FOR_AUTO ; 0        ; Untyped                                                                                     ;
; CBXI_PARAMETER                                 ; mult_vot ; Untyped                                                                                     ;
; INPUT_A_FIXED_VALUE                            ; Bx       ; Untyped                                                                                     ;
; INPUT_B_FIXED_VALUE                            ; Bx       ; Untyped                                                                                     ;
; USE_AHDL_IMPLEMENTATION                        ; OFF      ; Untyped                                                                                     ;
+------------------------------------------------+----------+---------------------------------------------------------------------------------------------+
Note: In order to hide this table in the UI and the text report file, please set the "Show Parameter Settings in Synthesis Report" option in "Analysis and Synthesis Settings -> More Settings" to "Off".


+---------------------------------------------------------------------------------------------------------------------------------------------------+
; Parameter Settings for User Entity Instance: decimation_filter_FilterSystem_DecimatingFIR1:theDecimatingFIR1|dspba_delay_ver:d_busIn_writedata_11 ;
+----------------+-------+--------------------------------------------------------------------------------------------------------------------------+
; Parameter Name ; Value ; Type                                                                                                                     ;
+----------------+-------+--------------------------------------------------------------------------------------------------------------------------+
; width          ; 16    ; Signed Integer                                                                                                           ;
; depth          ; 1     ; Signed Integer                                                                                                           ;
; reset_high     ; 1     ; Unsigned Binary                                                                                                          ;
; reset_kind     ; ASYNC ; String                                                                                                                   ;
+----------------+-------+--------------------------------------------------------------------------------------------------------------------------+
Note: In order to hide this table in the UI and the text report file, please set the "Show Parameter Settings in Synthesis Report" option in "Analysis and Synthesis Settings -> More Settings" to "Off".


+---------------------------------------------------------------------------------------------------------------------------------+
; Parameter Settings for User Entity Instance: decimation_filter_FilterSystem_DecimatingFIR1:theDecimatingFIR1|altsyncram:rm_dmem ;
+------------------------------------+----------------------+---------------------------------------------------------------------+
; Parameter Name                     ; Value                ; Type                                                                ;
+------------------------------------+----------------------+---------------------------------------------------------------------+
; BYTE_SIZE_BLOCK                    ; 8                    ; Untyped                                                             ;
; AUTO_CARRY_CHAINS                  ; ON                   ; AUTO_CARRY                                                          ;
; IGNORE_CARRY_BUFFERS               ; OFF                  ; IGNORE_CARRY                                                        ;
; AUTO_CASCADE_CHAINS                ; ON                   ; AUTO_CASCADE                                                        ;
; IGNORE_CASCADE_BUFFERS             ; OFF                  ; IGNORE_CASCADE                                                      ;
; WIDTH_BYTEENA                      ; 1                    ; Untyped                                                             ;
; OPERATION_MODE                     ; SINGLE_PORT          ; Untyped                                                             ;
; WIDTH_A                            ; 16                   ; Signed Integer                                                      ;
; WIDTHAD_A                          ; 3                    ; Signed Integer                                                      ;
; NUMWORDS_A                         ; 6                    ; Signed Integer                                                      ;
; OUTDATA_REG_A                      ; CLOCK0               ; Untyped                                                             ;
; ADDRESS_ACLR_A                     ; NONE                 ; Untyped                                                             ;
; OUTDATA_ACLR_A                     ; NONE                 ; Untyped                                                             ;
; WRCONTROL_ACLR_A                   ; NONE                 ; Untyped                                                             ;
; INDATA_ACLR_A                      ; NONE                 ; Untyped                                                             ;
; BYTEENA_ACLR_A                     ; NONE                 ; Untyped                                                             ;
; WIDTH_B                            ; 1                    ; Untyped                                                             ;
; WIDTHAD_B                          ; 1                    ; Untyped                                                             ;
; NUMWORDS_B                         ; 1                    ; Untyped                                                             ;
; INDATA_REG_B                       ; CLOCK1               ; Untyped                                                             ;
; WRCONTROL_WRADDRESS_REG_B          ; CLOCK1               ; Untyped                                                             ;
; RDCONTROL_REG_B                    ; CLOCK1               ; Untyped                                                             ;
; ADDRESS_REG_B                      ; CLOCK1               ; Untyped                                                             ;
; OUTDATA_REG_B                      ; UNREGISTERED         ; Untyped                                                             ;
; BYTEENA_REG_B                      ; CLOCK1               ; Untyped                                                             ;
; INDATA_ACLR_B                      ; NONE                 ; Untyped                                                             ;
; WRCONTROL_ACLR_B                   ; NONE                 ; Untyped                                                             ;
; ADDRESS_ACLR_B                     ; NONE                 ; Untyped                                                             ;
; OUTDATA_ACLR_B                     ; NONE                 ; Untyped                                                             ;
; RDCONTROL_ACLR_B                   ; NONE                 ; Untyped                                                             ;
; BYTEENA_ACLR_B                     ; NONE                 ; Untyped                                                             ;
; WIDTH_BYTEENA_A                    ; 1                    ; Signed Integer                                                      ;
; WIDTH_BYTEENA_B                    ; 1                    ; Untyped                                                             ;
; RAM_BLOCK_TYPE                     ; M9K                  ; Untyped                                                             ;
; BYTE_SIZE                          ; 8                    ; Untyped                                                             ;
; READ_DURING_WRITE_MODE_MIXED_PORTS ; DONT_CARE            ; Untyped                                                             ;
; READ_DURING_WRITE_MODE_PORT_A      ; NEW_DATA_NO_NBE_READ ; Untyped                                                             ;
; READ_DURING_WRITE_MODE_PORT_B      ; NEW_DATA_NO_NBE_READ ; Untyped                                                             ;
; INIT_FILE                          ; UNUSED               ; Untyped                                                             ;
; INIT_FILE_LAYOUT                   ; PORT_A               ; Untyped                                                             ;
; MAXIMUM_DEPTH                      ; 0                    ; Untyped                                                             ;
; CLOCK_ENABLE_INPUT_A               ; NORMAL               ; Untyped                                                             ;
; CLOCK_ENABLE_INPUT_B               ; NORMAL               ; Untyped                                                             ;
; CLOCK_ENABLE_OUTPUT_A              ; NORMAL               ; Untyped                                                             ;
; CLOCK_ENABLE_OUTPUT_B              ; NORMAL               ; Untyped                                                             ;
; CLOCK_ENABLE_CORE_A                ; USE_INPUT_CLKEN      ; Untyped                                                             ;
; CLOCK_ENABLE_CORE_B                ; USE_INPUT_CLKEN      ; Untyped                                                             ;
; ENABLE_ECC                         ; FALSE                ; Untyped                                                             ;
; ECC_PIPELINE_STAGE_ENABLED         ; FALSE                ; Untyped                                                             ;
; WIDTH_ECCSTATUS                    ; 3                    ; Untyped                                                             ;
; DEVICE_FAMILY                      ; MAX 10               ; Untyped                                                             ;
; CBXI_PARAMETER                     ; altsyncram_oab1      ; Untyped                                                             ;
+------------------------------------+----------------------+---------------------------------------------------------------------+
Note: In order to hide this table in the UI and the text report file, please set the "Show Parameter Settings in Synthesis Report" option in "Analysis and Synthesis Settings -> More Settings" to "Off".


+----------------------------------------------------------------------------------------------------------------------------------------------+
; Parameter Settings for User Entity Instance: decimation_filter_FilterSystem_DecimatingFIR1:theDecimatingFIR1|dspba_delay_ver:d_busIn_read_12 ;
+----------------+-------+---------------------------------------------------------------------------------------------------------------------+
; Parameter Name ; Value ; Type                                                                                                                ;
+----------------+-------+---------------------------------------------------------------------------------------------------------------------+
; width          ; 1     ; Signed Integer                                                                                                      ;
; depth          ; 2     ; Signed Integer                                                                                                      ;
; reset_high     ; 1     ; Unsigned Binary                                                                                                     ;
; reset_kind     ; ASYNC ; String                                                                                                              ;
+----------------+-------+---------------------------------------------------------------------------------------------------------------------+
Note: In order to hide this table in the UI and the text report file, please set the "Show Parameter Settings in Synthesis Report" option in "Analysis and Synthesis Settings -> More Settings" to "Off".


+----------------------------------------------------------------------------------------------------------------------------------------------+
; Parameter Settings for User Entity Instance: decimation_filter_FilterSystem_DecimatingFIR1:theDecimatingFIR1|dspba_delay_ver:d_rblookup_h_12 ;
+----------------+-------+---------------------------------------------------------------------------------------------------------------------+
; Parameter Name ; Value ; Type                                                                                                                ;
+----------------+-------+---------------------------------------------------------------------------------------------------------------------+
; width          ; 1     ; Signed Integer                                                                                                      ;
; depth          ; 1     ; Signed Integer                                                                                                      ;
; reset_high     ; 1     ; Unsigned Binary                                                                                                     ;
; reset_kind     ; ASYNC ; String                                                                                                              ;
+----------------+-------+---------------------------------------------------------------------------------------------------------------------+
Note: In order to hide this table in the UI and the text report file, please set the "Show Parameter Settings in Synthesis Report" option in "Analysis and Synthesis Settings -> More Settings" to "Off".


+------------------------------------------------------------------------------------------------------------------------------------------------+
; Parameter Settings for User Entity Instance: decimation_filter_FilterSystem_DecimatingFIR1:theDecimatingFIR1|dspba_delay_ver:u0_m0_wo0_memread ;
+----------------+-------+-----------------------------------------------------------------------------------------------------------------------+
; Parameter Name ; Value ; Type                                                                                                                  ;
+----------------+-------+-----------------------------------------------------------------------------------------------------------------------+
; width          ; 1     ; Signed Integer                                                                                                        ;
; depth          ; 1     ; Signed Integer                                                                                                        ;
; reset_high     ; 1     ; Unsigned Binary                                                                                                       ;
; reset_kind     ; ASYNC ; String                                                                                                                ;
+----------------+-------+-----------------------------------------------------------------------------------------------------------------------+
Note: In order to hide this table in the UI and the text report file, please set the "Show Parameter Settings in Synthesis Report" option in "Analysis and Synthesis Settings -> More Settings" to "Off".


+------------------------------------------------------------------------------------------------------------------------------------------------+
; Parameter Settings for User Entity Instance: decimation_filter_FilterSystem_DecimatingFIR1:theDecimatingFIR1|dspba_delay_ver:u0_m0_wo0_compute ;
+----------------+-------+-----------------------------------------------------------------------------------------------------------------------+
; Parameter Name ; Value ; Type                                                                                                                  ;
+----------------+-------+-----------------------------------------------------------------------------------------------------------------------+
; width          ; 1     ; Signed Integer                                                                                                        ;
; depth          ; 2     ; Signed Integer                                                                                                        ;
; reset_high     ; 1     ; Unsigned Binary                                                                                                       ;
; reset_kind     ; ASYNC ; String                                                                                                                ;
+----------------+-------+-----------------------------------------------------------------------------------------------------------------------+
Note: In order to hide this table in the UI and the text report file, please set the "Show Parameter Settings in Synthesis Report" option in "Analysis and Synthesis Settings -> More Settings" to "Off".


+-------------------------------------------------------------------------------------------------------------------------------------------------------+
; Parameter Settings for User Entity Instance: decimation_filter_FilterSystem_DecimatingFIR1:theDecimatingFIR1|dspba_delay_ver:d_u0_m0_wo0_compute_q_13 ;
+----------------+-------+------------------------------------------------------------------------------------------------------------------------------+
; Parameter Name ; Value ; Type                                                                                                                         ;
+----------------+-------+------------------------------------------------------------------------------------------------------------------------------+
; width          ; 1     ; Signed Integer                                                                                                               ;
; depth          ; 1     ; Signed Integer                                                                                                               ;
; reset_high     ; 1     ; Unsigned Binary                                                                                                              ;
; reset_kind     ; ASYNC ; String                                                                                                                       ;
+----------------+-------+------------------------------------------------------------------------------------------------------------------------------+
Note: In order to hide this table in the UI and the text report file, please set the "Show Parameter Settings in Synthesis Report" option in "Analysis and Synthesis Settings -> More Settings" to "Off".


+-------------------------------------------------------------------------------------------------------------------------------------------------------+
; Parameter Settings for User Entity Instance: decimation_filter_FilterSystem_DecimatingFIR1:theDecimatingFIR1|dspba_delay_ver:d_u0_m0_wo0_compute_q_16 ;
+----------------+-------+------------------------------------------------------------------------------------------------------------------------------+
; Parameter Name ; Value ; Type                                                                                                                         ;
+----------------+-------+------------------------------------------------------------------------------------------------------------------------------+
; width          ; 1     ; Signed Integer                                                                                                               ;
; depth          ; 3     ; Signed Integer                                                                                                               ;
; reset_high     ; 1     ; Unsigned Binary                                                                                                              ;
; reset_kind     ; ASYNC ; String                                                                                                                       ;
+----------------+-------+------------------------------------------------------------------------------------------------------------------------------+
Note: In order to hide this table in the UI and the text report file, please set the "Show Parameter Settings in Synthesis Report" option in "Analysis and Synthesis Settings -> More Settings" to "Off".


+-------------------------------------------------------------------------------------------------------------------------------------------------------+
; Parameter Settings for User Entity Instance: decimation_filter_FilterSystem_DecimatingFIR1:theDecimatingFIR1|dspba_delay_ver:d_u0_m0_wo0_compute_q_17 ;
+----------------+-------+------------------------------------------------------------------------------------------------------------------------------+
; Parameter Name ; Value ; Type                                                                                                                         ;
+----------------+-------+------------------------------------------------------------------------------------------------------------------------------+
; width          ; 1     ; Signed Integer                                                                                                               ;
; depth          ; 1     ; Signed Integer                                                                                                               ;
; reset_high     ; 1     ; Unsigned Binary                                                                                                              ;
; reset_kind     ; ASYNC ; String                                                                                                                       ;
+----------------+-------+------------------------------------------------------------------------------------------------------------------------------+
Note: In order to hide this table in the UI and the text report file, please set the "Show Parameter Settings in Synthesis Report" option in "Analysis and Synthesis Settings -> More Settings" to "Off".


+-------------------------------------------------------------------------------------------------------------------------------------------------------+
; Parameter Settings for User Entity Instance: decimation_filter_FilterSystem_DecimatingFIR1:theDecimatingFIR1|dspba_delay_ver:d_u0_m0_wo0_memread_q_13 ;
+----------------+-------+------------------------------------------------------------------------------------------------------------------------------+
; Parameter Name ; Value ; Type                                                                                                                         ;
+----------------+-------+------------------------------------------------------------------------------------------------------------------------------+
; width          ; 1     ; Signed Integer                                                                                                               ;
; depth          ; 1     ; Signed Integer                                                                                                               ;
; reset_high     ; 1     ; Unsigned Binary                                                                                                              ;
; reset_kind     ; ASYNC ; String                                                                                                                       ;
+----------------+-------+------------------------------------------------------------------------------------------------------------------------------+
Note: In order to hide this table in the UI and the text report file, please set the "Show Parameter Settings in Synthesis Report" option in "Analysis and Synthesis Settings -> More Settings" to "Off".


+-----------------------------------------------------------------------------------------------------------------------------------------------------+
; Parameter Settings for User Entity Instance: decimation_filter_FilterSystem_DecimatingFIR1:theDecimatingFIR1|altsyncram:u0_m0_wo0_wi0_r0_memr3_dmem ;
+------------------------------------+----------------------+-----------------------------------------------------------------------------------------+
; Parameter Name                     ; Value                ; Type                                                                                    ;
+------------------------------------+----------------------+-----------------------------------------------------------------------------------------+
; BYTE_SIZE_BLOCK                    ; 8                    ; Untyped                                                                                 ;
; AUTO_CARRY_CHAINS                  ; ON                   ; AUTO_CARRY                                                                              ;
; IGNORE_CARRY_BUFFERS               ; OFF                  ; IGNORE_CARRY                                                                            ;
; AUTO_CASCADE_CHAINS                ; ON                   ; AUTO_CASCADE                                                                            ;
; IGNORE_CASCADE_BUFFERS             ; OFF                  ; IGNORE_CASCADE                                                                          ;
; WIDTH_BYTEENA                      ; 1                    ; Untyped                                                                                 ;
; OPERATION_MODE                     ; DUAL_PORT            ; Untyped                                                                                 ;
; WIDTH_A                            ; 17                   ; Signed Integer                                                                          ;
; WIDTHAD_A                          ; 4                    ; Signed Integer                                                                          ;
; NUMWORDS_A                         ; 12                   ; Signed Integer                                                                          ;
; OUTDATA_REG_A                      ; UNREGISTERED         ; Untyped                                                                                 ;
; ADDRESS_ACLR_A                     ; NONE                 ; Untyped                                                                                 ;
; OUTDATA_ACLR_A                     ; NONE                 ; Untyped                                                                                 ;
; WRCONTROL_ACLR_A                   ; NONE                 ; Untyped                                                                                 ;
; INDATA_ACLR_A                      ; NONE                 ; Untyped                                                                                 ;
; BYTEENA_ACLR_A                     ; NONE                 ; Untyped                                                                                 ;
; WIDTH_B                            ; 17                   ; Signed Integer                                                                          ;
; WIDTHAD_B                          ; 4                    ; Signed Integer                                                                          ;
; NUMWORDS_B                         ; 12                   ; Signed Integer                                                                          ;
; INDATA_REG_B                       ; CLOCK0               ; Untyped                                                                                 ;
; WRCONTROL_WRADDRESS_REG_B          ; CLOCK0               ; Untyped                                                                                 ;
; RDCONTROL_REG_B                    ; CLOCK0               ; Untyped                                                                                 ;
; ADDRESS_REG_B                      ; CLOCK0               ; Untyped                                                                                 ;
; OUTDATA_REG_B                      ; CLOCK0               ; Untyped                                                                                 ;
; BYTEENA_REG_B                      ; CLOCK0               ; Untyped                                                                                 ;
; INDATA_ACLR_B                      ; NONE                 ; Untyped                                                                                 ;
; WRCONTROL_ACLR_B                   ; NONE                 ; Untyped                                                                                 ;
; ADDRESS_ACLR_B                     ; NONE                 ; Untyped                                                                                 ;
; OUTDATA_ACLR_B                     ; NONE                 ; Untyped                                                                                 ;
; RDCONTROL_ACLR_B                   ; NONE                 ; Untyped                                                                                 ;
; BYTEENA_ACLR_B                     ; NONE                 ; Untyped                                                                                 ;
; WIDTH_BYTEENA_A                    ; 1                    ; Signed Integer                                                                          ;
; WIDTH_BYTEENA_B                    ; 1                    ; Untyped                                                                                 ;
; RAM_BLOCK_TYPE                     ; M9K                  ; Untyped                                                                                 ;
; BYTE_SIZE                          ; 8                    ; Untyped                                                                                 ;
; READ_DURING_WRITE_MODE_MIXED_PORTS ; DONT_CARE            ; Untyped                                                                                 ;
; READ_DURING_WRITE_MODE_PORT_A      ; NEW_DATA_NO_NBE_READ ; Untyped                                                                                 ;
; READ_DURING_WRITE_MODE_PORT_B      ; NEW_DATA_NO_NBE_READ ; Untyped                                                                                 ;
; INIT_FILE                          ; UNUSED               ; Untyped                                                                                 ;
; INIT_FILE_LAYOUT                   ; PORT_A               ; Untyped                                                                                 ;
; MAXIMUM_DEPTH                      ; 0                    ; Untyped                                                                                 ;
; CLOCK_ENABLE_INPUT_A               ; NORMAL               ; Untyped                                                                                 ;
; CLOCK_ENABLE_INPUT_B               ; NORMAL               ; Untyped                                                                                 ;
; CLOCK_ENABLE_OUTPUT_A              ; NORMAL               ; Untyped                                                                                 ;
; CLOCK_ENABLE_OUTPUT_B              ; NORMAL               ; Untyped                                                                                 ;
; CLOCK_ENABLE_CORE_A                ; USE_INPUT_CLKEN      ; Untyped                                                                                 ;
; CLOCK_ENABLE_CORE_B                ; USE_INPUT_CLKEN      ; Untyped                                                                                 ;
; ENABLE_ECC                         ; FALSE                ; Untyped                                                                                 ;
; ECC_PIPELINE_STAGE_ENABLED         ; FALSE                ; Untyped                                                                                 ;
; WIDTH_ECCSTATUS                    ; 3                    ; Untyped                                                                                 ;
; DEVICE_FAMILY                      ; MAX 10               ; Untyped                                                                                 ;
; CBXI_PARAMETER                     ; altsyncram_l602      ; Untyped                                                                                 ;
+------------------------------------+----------------------+-----------------------------------------------------------------------------------------+
Note: In order to hide this table in the UI and the text report file, please set the "Show Parameter Settings in Synthesis Report" option in "Analysis and Synthesis Settings -> More Settings" to "Off".


+-----------------------------------------------------------------------------------------------------------------------------------------+
; Parameter Settings for User Entity Instance: decimation_filter_FilterSystem_DecimatingFIR1:theDecimatingFIR1|dspba_delay_ver:d_xIn_0_13 ;
+----------------+-------+----------------------------------------------------------------------------------------------------------------+
; Parameter Name ; Value ; Type                                                                                                           ;
+----------------+-------+----------------------------------------------------------------------------------------------------------------+
; width          ; 17    ; Signed Integer                                                                                                 ;
; depth          ; 3     ; Signed Integer                                                                                                 ;
; reset_high     ; 1     ; Unsigned Binary                                                                                                ;
; reset_kind     ; ASYNC ; String                                                                                                         ;
+----------------+-------+----------------------------------------------------------------------------------------------------------------+
Note: In order to hide this table in the UI and the text report file, please set the "Show Parameter Settings in Synthesis Report" option in "Analysis and Synthesis Settings -> More Settings" to "Off".


+---------------------------------------------------------------------------------------------------------------------------------------------------------------+
; Parameter Settings for User Entity Instance: decimation_filter_FilterSystem_DecimatingFIR1:theDecimatingFIR1|dspba_delay_ver:d_in0_m0_wi0_wo0_assign_id1_q_13 ;
+----------------+-------+--------------------------------------------------------------------------------------------------------------------------------------+
; Parameter Name ; Value ; Type                                                                                                                                 ;
+----------------+-------+--------------------------------------------------------------------------------------------------------------------------------------+
; width          ; 1     ; Signed Integer                                                                                                                       ;
; depth          ; 3     ; Signed Integer                                                                                                                       ;
; reset_high     ; 1     ; Unsigned Binary                                                                                                                      ;
; reset_kind     ; ASYNC ; String                                                                                                                               ;
+----------------+-------+--------------------------------------------------------------------------------------------------------------------------------------+
Note: In order to hide this table in the UI and the text report file, please set the "Show Parameter Settings in Synthesis Report" option in "Analysis and Synthesis Settings -> More Settings" to "Off".


+-----------------------------------------------------------------------------------------------------------------------------------------------------+
; Parameter Settings for User Entity Instance: decimation_filter_FilterSystem_DecimatingFIR1:theDecimatingFIR1|altsyncram:u0_m0_wo0_wi0_r0_memr0_dmem ;
+------------------------------------+----------------------+-----------------------------------------------------------------------------------------+
; Parameter Name                     ; Value                ; Type                                                                                    ;
+------------------------------------+----------------------+-----------------------------------------------------------------------------------------+
; BYTE_SIZE_BLOCK                    ; 8                    ; Untyped                                                                                 ;
; AUTO_CARRY_CHAINS                  ; ON                   ; AUTO_CARRY                                                                              ;
; IGNORE_CARRY_BUFFERS               ; OFF                  ; IGNORE_CARRY                                                                            ;
; AUTO_CASCADE_CHAINS                ; ON                   ; AUTO_CASCADE                                                                            ;
; IGNORE_CASCADE_BUFFERS             ; OFF                  ; IGNORE_CASCADE                                                                          ;
; WIDTH_BYTEENA                      ; 1                    ; Untyped                                                                                 ;
; OPERATION_MODE                     ; DUAL_PORT            ; Untyped                                                                                 ;
; WIDTH_A                            ; 17                   ; Signed Integer                                                                          ;
; WIDTHAD_A                          ; 3                    ; Signed Integer                                                                          ;
; NUMWORDS_A                         ; 8                    ; Signed Integer                                                                          ;
; OUTDATA_REG_A                      ; UNREGISTERED         ; Untyped                                                                                 ;
; ADDRESS_ACLR_A                     ; NONE                 ; Untyped                                                                                 ;
; OUTDATA_ACLR_A                     ; NONE                 ; Untyped                                                                                 ;
; WRCONTROL_ACLR_A                   ; NONE                 ; Untyped                                                                                 ;
; INDATA_ACLR_A                      ; NONE                 ; Untyped                                                                                 ;
; BYTEENA_ACLR_A                     ; NONE                 ; Untyped                                                                                 ;
; WIDTH_B                            ; 17                   ; Signed Integer                                                                          ;
; WIDTHAD_B                          ; 3                    ; Signed Integer                                                                          ;
; NUMWORDS_B                         ; 8                    ; Signed Integer                                                                          ;
; INDATA_REG_B                       ; CLOCK0               ; Untyped                                                                                 ;
; WRCONTROL_WRADDRESS_REG_B          ; CLOCK0               ; Untyped                                                                                 ;
; RDCONTROL_REG_B                    ; CLOCK0               ; Untyped                                                                                 ;
; ADDRESS_REG_B                      ; CLOCK0               ; Untyped                                                                                 ;
; OUTDATA_REG_B                      ; CLOCK0               ; Untyped                                                                                 ;
; BYTEENA_REG_B                      ; CLOCK0               ; Untyped                                                                                 ;
; INDATA_ACLR_B                      ; NONE                 ; Untyped                                                                                 ;
; WRCONTROL_ACLR_B                   ; NONE                 ; Untyped                                                                                 ;
; ADDRESS_ACLR_B                     ; NONE                 ; Untyped                                                                                 ;
; OUTDATA_ACLR_B                     ; NONE                 ; Untyped                                                                                 ;
; RDCONTROL_ACLR_B                   ; NONE                 ; Untyped                                                                                 ;
; BYTEENA_ACLR_B                     ; NONE                 ; Untyped                                                                                 ;
; WIDTH_BYTEENA_A                    ; 1                    ; Signed Integer                                                                          ;
; WIDTH_BYTEENA_B                    ; 1                    ; Untyped                                                                                 ;
; RAM_BLOCK_TYPE                     ; M9K                  ; Untyped                                                                                 ;
; BYTE_SIZE                          ; 8                    ; Untyped                                                                                 ;
; READ_DURING_WRITE_MODE_MIXED_PORTS ; DONT_CARE            ; Untyped                                                                                 ;
; READ_DURING_WRITE_MODE_PORT_A      ; NEW_DATA_NO_NBE_READ ; Untyped                                                                                 ;
; READ_DURING_WRITE_MODE_PORT_B      ; NEW_DATA_NO_NBE_READ ; Untyped                                                                                 ;
; INIT_FILE                          ; UNUSED               ; Untyped                                                                                 ;
; INIT_FILE_LAYOUT                   ; PORT_A               ; Untyped                                                                                 ;
; MAXIMUM_DEPTH                      ; 0                    ; Untyped                                                                                 ;
; CLOCK_ENABLE_INPUT_A               ; NORMAL               ; Untyped                                                                                 ;
; CLOCK_ENABLE_INPUT_B               ; NORMAL               ; Untyped                                                                                 ;
; CLOCK_ENABLE_OUTPUT_A              ; NORMAL               ; Untyped                                                                                 ;
; CLOCK_ENABLE_OUTPUT_B              ; NORMAL               ; Untyped                                                                                 ;
; CLOCK_ENABLE_CORE_A                ; USE_INPUT_CLKEN      ; Untyped                                                                                 ;
; CLOCK_ENABLE_CORE_B                ; USE_INPUT_CLKEN      ; Untyped                                                                                 ;
; ENABLE_ECC                         ; FALSE                ; Untyped                                                                                 ;
; ECC_PIPELINE_STAGE_ENABLED         ; FALSE                ; Untyped                                                                                 ;
; WIDTH_ECCSTATUS                    ; 3                    ; Untyped                                                                                 ;
; DEVICE_FAMILY                      ; MAX 10               ; Untyped                                                                                 ;
; CBXI_PARAMETER                     ; altsyncram_t302      ; Untyped                                                                                 ;
+------------------------------------+----------------------+-----------------------------------------------------------------------------------------+
Note: In order to hide this table in the UI and the text report file, please set the "Show Parameter Settings in Synthesis Report" option in "Analysis and Synthesis Settings -> More Settings" to "Off".


+--------------------------------------------------------------------------------------------------------------------------------------------+
; Parameter Settings for User Entity Instance: decimation_filter_FilterSystem_DecimatingFIR1:theDecimatingFIR1|altsyncram:u0_m0_wo0_cm0_dmem ;
+------------------------------------+----------------------+--------------------------------------------------------------------------------+
; Parameter Name                     ; Value                ; Type                                                                           ;
+------------------------------------+----------------------+--------------------------------------------------------------------------------+
; BYTE_SIZE_BLOCK                    ; 8                    ; Untyped                                                                        ;
; AUTO_CARRY_CHAINS                  ; ON                   ; AUTO_CARRY                                                                     ;
; IGNORE_CARRY_BUFFERS               ; OFF                  ; IGNORE_CARRY                                                                   ;
; AUTO_CASCADE_CHAINS                ; ON                   ; AUTO_CASCADE                                                                   ;
; IGNORE_CASCADE_BUFFERS             ; OFF                  ; IGNORE_CASCADE                                                                 ;
; WIDTH_BYTEENA                      ; 1                    ; Untyped                                                                        ;
; OPERATION_MODE                     ; DUAL_PORT            ; Untyped                                                                        ;
; WIDTH_A                            ; 16                   ; Signed Integer                                                                 ;
; WIDTHAD_A                          ; 2                    ; Signed Integer                                                                 ;
; NUMWORDS_A                         ; 4                    ; Signed Integer                                                                 ;
; OUTDATA_REG_A                      ; UNREGISTERED         ; Untyped                                                                        ;
; ADDRESS_ACLR_A                     ; NONE                 ; Untyped                                                                        ;
; OUTDATA_ACLR_A                     ; NONE                 ; Untyped                                                                        ;
; WRCONTROL_ACLR_A                   ; NONE                 ; Untyped                                                                        ;
; INDATA_ACLR_A                      ; NONE                 ; Untyped                                                                        ;
; BYTEENA_ACLR_A                     ; NONE                 ; Untyped                                                                        ;
; WIDTH_B                            ; 16                   ; Signed Integer                                                                 ;
; WIDTHAD_B                          ; 2                    ; Signed Integer                                                                 ;
; NUMWORDS_B                         ; 4                    ; Signed Integer                                                                 ;
; INDATA_REG_B                       ; CLOCK0               ; Untyped                                                                        ;
; WRCONTROL_WRADDRESS_REG_B          ; CLOCK0               ; Untyped                                                                        ;
; RDCONTROL_REG_B                    ; CLOCK0               ; Untyped                                                                        ;
; ADDRESS_REG_B                      ; CLOCK0               ; Untyped                                                                        ;
; OUTDATA_REG_B                      ; CLOCK0               ; Untyped                                                                        ;
; BYTEENA_REG_B                      ; CLOCK0               ; Untyped                                                                        ;
; INDATA_ACLR_B                      ; NONE                 ; Untyped                                                                        ;
; WRCONTROL_ACLR_B                   ; NONE                 ; Untyped                                                                        ;
; ADDRESS_ACLR_B                     ; NONE                 ; Untyped                                                                        ;
; OUTDATA_ACLR_B                     ; NONE                 ; Untyped                                                                        ;
; RDCONTROL_ACLR_B                   ; NONE                 ; Untyped                                                                        ;
; BYTEENA_ACLR_B                     ; NONE                 ; Untyped                                                                        ;
; WIDTH_BYTEENA_A                    ; 1                    ; Signed Integer                                                                 ;
; WIDTH_BYTEENA_B                    ; 1                    ; Untyped                                                                        ;
; RAM_BLOCK_TYPE                     ; M9K                  ; Untyped                                                                        ;
; BYTE_SIZE                          ; 8                    ; Untyped                                                                        ;
; READ_DURING_WRITE_MODE_MIXED_PORTS ; DONT_CARE            ; Untyped                                                                        ;
; READ_DURING_WRITE_MODE_PORT_A      ; NEW_DATA_NO_NBE_READ ; Untyped                                                                        ;
; READ_DURING_WRITE_MODE_PORT_B      ; NEW_DATA_NO_NBE_READ ; Untyped                                                                        ;
; INIT_FILE                          ; UNUSED               ; Untyped                                                                        ;
; INIT_FILE_LAYOUT                   ; PORT_A               ; Untyped                                                                        ;
; MAXIMUM_DEPTH                      ; 0                    ; Untyped                                                                        ;
; CLOCK_ENABLE_INPUT_A               ; NORMAL               ; Untyped                                                                        ;
; CLOCK_ENABLE_INPUT_B               ; NORMAL               ; Untyped                                                                        ;
; CLOCK_ENABLE_OUTPUT_A              ; NORMAL               ; Untyped                                                                        ;
; CLOCK_ENABLE_OUTPUT_B              ; NORMAL               ; Untyped                                                                        ;
; CLOCK_ENABLE_CORE_A                ; USE_INPUT_CLKEN      ; Untyped                                                                        ;
; CLOCK_ENABLE_CORE_B                ; USE_INPUT_CLKEN      ; Untyped                                                                        ;
; ENABLE_ECC                         ; FALSE                ; Untyped                                                                        ;
; ECC_PIPELINE_STAGE_ENABLED         ; FALSE                ; Untyped                                                                        ;
; WIDTH_ECCSTATUS                    ; 3                    ; Untyped                                                                        ;
; DEVICE_FAMILY                      ; MAX 10               ; Untyped                                                                        ;
; CBXI_PARAMETER                     ; altsyncram_6102      ; Untyped                                                                        ;
+------------------------------------+----------------------+--------------------------------------------------------------------------------+
Note: In order to hide this table in the UI and the text report file, please set the "Show Parameter Settings in Synthesis Report" option in "Analysis and Synthesis Settings -> More Settings" to "Off".


+---------------------------------------------------------------------------------------------------------------------------------------------------------+
; Parameter Settings for User Entity Instance: decimation_filter_FilterSystem_DecimatingFIR1:theDecimatingFIR1|lpm_mult:u0_m0_wo0_mtree_mult1_1_component ;
+------------------------------------------------+----------+---------------------------------------------------------------------------------------------+
; Parameter Name                                 ; Value    ; Type                                                                                        ;
+------------------------------------------------+----------+---------------------------------------------------------------------------------------------+
; AUTO_CARRY_CHAINS                              ; ON       ; AUTO_CARRY                                                                                  ;
; IGNORE_CARRY_BUFFERS                           ; OFF      ; IGNORE_CARRY                                                                                ;
; AUTO_CASCADE_CHAINS                            ; ON       ; AUTO_CASCADE                                                                                ;
; IGNORE_CASCADE_BUFFERS                         ; OFF      ; IGNORE_CASCADE                                                                              ;
; LPM_WIDTHA                                     ; 16       ; Signed Integer                                                                              ;
; LPM_WIDTHB                                     ; 18       ; Signed Integer                                                                              ;
; LPM_WIDTHP                                     ; 34       ; Signed Integer                                                                              ;
; LPM_WIDTHR                                     ; 0        ; Untyped                                                                                     ;
; LPM_WIDTHS                                     ; 1        ; Signed Integer                                                                              ;
; LPM_REPRESENTATION                             ; SIGNED   ; Untyped                                                                                     ;
; LPM_PIPELINE                                   ; 2        ; Signed Integer                                                                              ;
; LATENCY                                        ; 0        ; Untyped                                                                                     ;
; INPUT_A_IS_CONSTANT                            ; NO       ; Untyped                                                                                     ;
; INPUT_B_IS_CONSTANT                            ; NO       ; Untyped                                                                                     ;
; USE_EAB                                        ; OFF      ; Untyped                                                                                     ;
; MAXIMIZE_SPEED                                 ; 5        ; Untyped                                                                                     ;
; DEVICE_FAMILY                                  ; MAX 10   ; Untyped                                                                                     ;
; CARRY_CHAIN                                    ; MANUAL   ; Untyped                                                                                     ;
; APEX20K_TECHNOLOGY_MAPPER                      ; LUT      ; TECH_MAPPER_APEX20K                                                                         ;
; DEDICATED_MULTIPLIER_CIRCUITRY                 ; YES      ; Untyped                                                                                     ;
; DEDICATED_MULTIPLIER_MIN_INPUT_WIDTH_FOR_AUTO  ; 0        ; Untyped                                                                                     ;
; DEDICATED_MULTIPLIER_MIN_OUTPUT_WIDTH_FOR_AUTO ; 0        ; Untyped                                                                                     ;
; CBXI_PARAMETER                                 ; mult_vot ; Untyped                                                                                     ;
; INPUT_A_FIXED_VALUE                            ; Bx       ; Untyped                                                                                     ;
; INPUT_B_FIXED_VALUE                            ; Bx       ; Untyped                                                                                     ;
; USE_AHDL_IMPLEMENTATION                        ; OFF      ; Untyped                                                                                     ;
+------------------------------------------------+----------+---------------------------------------------------------------------------------------------+
Note: In order to hide this table in the UI and the text report file, please set the "Show Parameter Settings in Synthesis Report" option in "Analysis and Synthesis Settings -> More Settings" to "Off".


+-----------------------------------------------------------------------------------------------------------------------------------------------------+
; Parameter Settings for User Entity Instance: decimation_filter_FilterSystem_DecimatingFIR1:theDecimatingFIR1|altsyncram:u0_m0_wo0_wi0_r0_memr2_dmem ;
+------------------------------------+----------------------+-----------------------------------------------------------------------------------------+
; Parameter Name                     ; Value                ; Type                                                                                    ;
+------------------------------------+----------------------+-----------------------------------------------------------------------------------------+
; BYTE_SIZE_BLOCK                    ; 8                    ; Untyped                                                                                 ;
; AUTO_CARRY_CHAINS                  ; ON                   ; AUTO_CARRY                                                                              ;
; IGNORE_CARRY_BUFFERS               ; OFF                  ; IGNORE_CARRY                                                                            ;
; AUTO_CASCADE_CHAINS                ; ON                   ; AUTO_CASCADE                                                                            ;
; IGNORE_CASCADE_BUFFERS             ; OFF                  ; IGNORE_CASCADE                                                                          ;
; WIDTH_BYTEENA                      ; 1                    ; Untyped                                                                                 ;
; OPERATION_MODE                     ; DUAL_PORT            ; Untyped                                                                                 ;
; WIDTH_A                            ; 17                   ; Signed Integer                                                                          ;
; WIDTHAD_A                          ; 4                    ; Signed Integer                                                                          ;
; NUMWORDS_A                         ; 12                   ; Signed Integer                                                                          ;
; OUTDATA_REG_A                      ; UNREGISTERED         ; Untyped                                                                                 ;
; ADDRESS_ACLR_A                     ; NONE                 ; Untyped                                                                                 ;
; OUTDATA_ACLR_A                     ; NONE                 ; Untyped                                                                                 ;
; WRCONTROL_ACLR_A                   ; NONE                 ; Untyped                                                                                 ;
; INDATA_ACLR_A                      ; NONE                 ; Untyped                                                                                 ;
; BYTEENA_ACLR_A                     ; NONE                 ; Untyped                                                                                 ;
; WIDTH_B                            ; 17                   ; Signed Integer                                                                          ;
; WIDTHAD_B                          ; 4                    ; Signed Integer                                                                          ;
; NUMWORDS_B                         ; 12                   ; Signed Integer                                                                          ;
; INDATA_REG_B                       ; CLOCK0               ; Untyped                                                                                 ;
; WRCONTROL_WRADDRESS_REG_B          ; CLOCK0               ; Untyped                                                                                 ;
; RDCONTROL_REG_B                    ; CLOCK0               ; Untyped                                                                                 ;
; ADDRESS_REG_B                      ; CLOCK0               ; Untyped                                                                                 ;
; OUTDATA_REG_B                      ; CLOCK0               ; Untyped                                                                                 ;
; BYTEENA_REG_B                      ; CLOCK0               ; Untyped                                                                                 ;
; INDATA_ACLR_B                      ; NONE                 ; Untyped                                                                                 ;
; WRCONTROL_ACLR_B                   ; NONE                 ; Untyped                                                                                 ;
; ADDRESS_ACLR_B                     ; NONE                 ; Untyped                                                                                 ;
; OUTDATA_ACLR_B                     ; NONE                 ; Untyped                                                                                 ;
; RDCONTROL_ACLR_B                   ; NONE                 ; Untyped                                                                                 ;
; BYTEENA_ACLR_B                     ; NONE                 ; Untyped                                                                                 ;
; WIDTH_BYTEENA_A                    ; 1                    ; Signed Integer                                                                          ;
; WIDTH_BYTEENA_B                    ; 1                    ; Untyped                                                                                 ;
; RAM_BLOCK_TYPE                     ; M9K                  ; Untyped                                                                                 ;
; BYTE_SIZE                          ; 8                    ; Untyped                                                                                 ;
; READ_DURING_WRITE_MODE_MIXED_PORTS ; DONT_CARE            ; Untyped                                                                                 ;
; READ_DURING_WRITE_MODE_PORT_A      ; NEW_DATA_NO_NBE_READ ; Untyped                                                                                 ;
; READ_DURING_WRITE_MODE_PORT_B      ; NEW_DATA_NO_NBE_READ ; Untyped                                                                                 ;
; INIT_FILE                          ; UNUSED               ; Untyped                                                                                 ;
; INIT_FILE_LAYOUT                   ; PORT_A               ; Untyped                                                                                 ;
; MAXIMUM_DEPTH                      ; 0                    ; Untyped                                                                                 ;
; CLOCK_ENABLE_INPUT_A               ; NORMAL               ; Untyped                                                                                 ;
; CLOCK_ENABLE_INPUT_B               ; NORMAL               ; Untyped                                                                                 ;
; CLOCK_ENABLE_OUTPUT_A              ; NORMAL               ; Untyped                                                                                 ;
; CLOCK_ENABLE_OUTPUT_B              ; NORMAL               ; Untyped                                                                                 ;
; CLOCK_ENABLE_CORE_A                ; USE_INPUT_CLKEN      ; Untyped                                                                                 ;
; CLOCK_ENABLE_CORE_B                ; USE_INPUT_CLKEN      ; Untyped                                                                                 ;
; ENABLE_ECC                         ; FALSE                ; Untyped                                                                                 ;
; ECC_PIPELINE_STAGE_ENABLED         ; FALSE                ; Untyped                                                                                 ;
; WIDTH_ECCSTATUS                    ; 3                    ; Untyped                                                                                 ;
; DEVICE_FAMILY                      ; MAX 10               ; Untyped                                                                                 ;
; CBXI_PARAMETER                     ; altsyncram_l602      ; Untyped                                                                                 ;
+------------------------------------+----------------------+-----------------------------------------------------------------------------------------+
Note: In order to hide this table in the UI and the text report file, please set the "Show Parameter Settings in Synthesis Report" option in "Analysis and Synthesis Settings -> More Settings" to "Off".


+-----------------------------------------------------------------------------------------------------------------------------------------------------+
; Parameter Settings for User Entity Instance: decimation_filter_FilterSystem_DecimatingFIR1:theDecimatingFIR1|altsyncram:u0_m0_wo0_wi0_r0_memr1_dmem ;
+------------------------------------+----------------------+-----------------------------------------------------------------------------------------+
; Parameter Name                     ; Value                ; Type                                                                                    ;
+------------------------------------+----------------------+-----------------------------------------------------------------------------------------+
; BYTE_SIZE_BLOCK                    ; 8                    ; Untyped                                                                                 ;
; AUTO_CARRY_CHAINS                  ; ON                   ; AUTO_CARRY                                                                              ;
; IGNORE_CARRY_BUFFERS               ; OFF                  ; IGNORE_CARRY                                                                            ;
; AUTO_CASCADE_CHAINS                ; ON                   ; AUTO_CASCADE                                                                            ;
; IGNORE_CASCADE_BUFFERS             ; OFF                  ; IGNORE_CASCADE                                                                          ;
; WIDTH_BYTEENA                      ; 1                    ; Untyped                                                                                 ;
; OPERATION_MODE                     ; DUAL_PORT            ; Untyped                                                                                 ;
; WIDTH_A                            ; 17                   ; Signed Integer                                                                          ;
; WIDTHAD_A                          ; 3                    ; Signed Integer                                                                          ;
; NUMWORDS_A                         ; 8                    ; Signed Integer                                                                          ;
; OUTDATA_REG_A                      ; UNREGISTERED         ; Untyped                                                                                 ;
; ADDRESS_ACLR_A                     ; NONE                 ; Untyped                                                                                 ;
; OUTDATA_ACLR_A                     ; NONE                 ; Untyped                                                                                 ;
; WRCONTROL_ACLR_A                   ; NONE                 ; Untyped                                                                                 ;
; INDATA_ACLR_A                      ; NONE                 ; Untyped                                                                                 ;
; BYTEENA_ACLR_A                     ; NONE                 ; Untyped                                                                                 ;
; WIDTH_B                            ; 17                   ; Signed Integer                                                                          ;
; WIDTHAD_B                          ; 3                    ; Signed Integer                                                                          ;
; NUMWORDS_B                         ; 8                    ; Signed Integer                                                                          ;
; INDATA_REG_B                       ; CLOCK0               ; Untyped                                                                                 ;
; WRCONTROL_WRADDRESS_REG_B          ; CLOCK0               ; Untyped                                                                                 ;
; RDCONTROL_REG_B                    ; CLOCK0               ; Untyped                                                                                 ;
; ADDRESS_REG_B                      ; CLOCK0               ; Untyped                                                                                 ;
; OUTDATA_REG_B                      ; CLOCK0               ; Untyped                                                                                 ;
; BYTEENA_REG_B                      ; CLOCK0               ; Untyped                                                                                 ;
; INDATA_ACLR_B                      ; NONE                 ; Untyped                                                                                 ;
; WRCONTROL_ACLR_B                   ; NONE                 ; Untyped                                                                                 ;
; ADDRESS_ACLR_B                     ; NONE                 ; Untyped                                                                                 ;
; OUTDATA_ACLR_B                     ; NONE                 ; Untyped                                                                                 ;
; RDCONTROL_ACLR_B                   ; NONE                 ; Untyped                                                                                 ;
; BYTEENA_ACLR_B                     ; NONE                 ; Untyped                                                                                 ;
; WIDTH_BYTEENA_A                    ; 1                    ; Signed Integer                                                                          ;
; WIDTH_BYTEENA_B                    ; 1                    ; Untyped                                                                                 ;
; RAM_BLOCK_TYPE                     ; M9K                  ; Untyped                                                                                 ;
; BYTE_SIZE                          ; 8                    ; Untyped                                                                                 ;
; READ_DURING_WRITE_MODE_MIXED_PORTS ; DONT_CARE            ; Untyped                                                                                 ;
; READ_DURING_WRITE_MODE_PORT_A      ; NEW_DATA_NO_NBE_READ ; Untyped                                                                                 ;
; READ_DURING_WRITE_MODE_PORT_B      ; NEW_DATA_NO_NBE_READ ; Untyped                                                                                 ;
; INIT_FILE                          ; UNUSED               ; Untyped                                                                                 ;
; INIT_FILE_LAYOUT                   ; PORT_A               ; Untyped                                                                                 ;
; MAXIMUM_DEPTH                      ; 0                    ; Untyped                                                                                 ;
; CLOCK_ENABLE_INPUT_A               ; NORMAL               ; Untyped                                                                                 ;
; CLOCK_ENABLE_INPUT_B               ; NORMAL               ; Untyped                                                                                 ;
; CLOCK_ENABLE_OUTPUT_A              ; NORMAL               ; Untyped                                                                                 ;
; CLOCK_ENABLE_OUTPUT_B              ; NORMAL               ; Untyped                                                                                 ;
; CLOCK_ENABLE_CORE_A                ; USE_INPUT_CLKEN      ; Untyped                                                                                 ;
; CLOCK_ENABLE_CORE_B                ; USE_INPUT_CLKEN      ; Untyped                                                                                 ;
; ENABLE_ECC                         ; FALSE                ; Untyped                                                                                 ;
; ECC_PIPELINE_STAGE_ENABLED         ; FALSE                ; Untyped                                                                                 ;
; WIDTH_ECCSTATUS                    ; 3                    ; Untyped                                                                                 ;
; DEVICE_FAMILY                      ; MAX 10               ; Untyped                                                                                 ;
; CBXI_PARAMETER                     ; altsyncram_t302      ; Untyped                                                                                 ;
+------------------------------------+----------------------+-----------------------------------------------------------------------------------------+
Note: In order to hide this table in the UI and the text report file, please set the "Show Parameter Settings in Synthesis Report" option in "Analysis and Synthesis Settings -> More Settings" to "Off".


+--------------------------------------------------------------------------------------------------------------------------------------------+
; Parameter Settings for User Entity Instance: decimation_filter_FilterSystem_DecimatingFIR1:theDecimatingFIR1|altsyncram:u0_m0_wo0_cm1_dmem ;
+------------------------------------+----------------------+--------------------------------------------------------------------------------+
; Parameter Name                     ; Value                ; Type                                                                           ;
+------------------------------------+----------------------+--------------------------------------------------------------------------------+
; BYTE_SIZE_BLOCK                    ; 8                    ; Untyped                                                                        ;
; AUTO_CARRY_CHAINS                  ; ON                   ; AUTO_CARRY                                                                     ;
; IGNORE_CARRY_BUFFERS               ; OFF                  ; IGNORE_CARRY                                                                   ;
; AUTO_CASCADE_CHAINS                ; ON                   ; AUTO_CASCADE                                                                   ;
; IGNORE_CASCADE_BUFFERS             ; OFF                  ; IGNORE_CASCADE                                                                 ;
; WIDTH_BYTEENA                      ; 1                    ; Untyped                                                                        ;
; OPERATION_MODE                     ; DUAL_PORT            ; Untyped                                                                        ;
; WIDTH_A                            ; 16                   ; Signed Integer                                                                 ;
; WIDTHAD_A                          ; 2                    ; Signed Integer                                                                 ;
; NUMWORDS_A                         ; 4                    ; Signed Integer                                                                 ;
; OUTDATA_REG_A                      ; UNREGISTERED         ; Untyped                                                                        ;
; ADDRESS_ACLR_A                     ; NONE                 ; Untyped                                                                        ;
; OUTDATA_ACLR_A                     ; NONE                 ; Untyped                                                                        ;
; WRCONTROL_ACLR_A                   ; NONE                 ; Untyped                                                                        ;
; INDATA_ACLR_A                      ; NONE                 ; Untyped                                                                        ;
; BYTEENA_ACLR_A                     ; NONE                 ; Untyped                                                                        ;
; WIDTH_B                            ; 16                   ; Signed Integer                                                                 ;
; WIDTHAD_B                          ; 2                    ; Signed Integer                                                                 ;
; NUMWORDS_B                         ; 4                    ; Signed Integer                                                                 ;
; INDATA_REG_B                       ; CLOCK0               ; Untyped                                                                        ;
; WRCONTROL_WRADDRESS_REG_B          ; CLOCK0               ; Untyped                                                                        ;
; RDCONTROL_REG_B                    ; CLOCK0               ; Untyped                                                                        ;
; ADDRESS_REG_B                      ; CLOCK0               ; Untyped                                                                        ;
; OUTDATA_REG_B                      ; CLOCK0               ; Untyped                                                                        ;
; BYTEENA_REG_B                      ; CLOCK0               ; Untyped                                                                        ;
; INDATA_ACLR_B                      ; NONE                 ; Untyped                                                                        ;
; WRCONTROL_ACLR_B                   ; NONE                 ; Untyped                                                                        ;
; ADDRESS_ACLR_B                     ; NONE                 ; Untyped                                                                        ;
; OUTDATA_ACLR_B                     ; NONE                 ; Untyped                                                                        ;
; RDCONTROL_ACLR_B                   ; NONE                 ; Untyped                                                                        ;
; BYTEENA_ACLR_B                     ; NONE                 ; Untyped                                                                        ;
; WIDTH_BYTEENA_A                    ; 1                    ; Signed Integer                                                                 ;
; WIDTH_BYTEENA_B                    ; 1                    ; Untyped                                                                        ;
; RAM_BLOCK_TYPE                     ; M9K                  ; Untyped                                                                        ;
; BYTE_SIZE                          ; 8                    ; Untyped                                                                        ;
; READ_DURING_WRITE_MODE_MIXED_PORTS ; DONT_CARE            ; Untyped                                                                        ;
; READ_DURING_WRITE_MODE_PORT_A      ; NEW_DATA_NO_NBE_READ ; Untyped                                                                        ;
; READ_DURING_WRITE_MODE_PORT_B      ; NEW_DATA_NO_NBE_READ ; Untyped                                                                        ;
; INIT_FILE                          ; UNUSED               ; Untyped                                                                        ;
; INIT_FILE_LAYOUT                   ; PORT_A               ; Untyped                                                                        ;
; MAXIMUM_DEPTH                      ; 0                    ; Untyped                                                                        ;
; CLOCK_ENABLE_INPUT_A               ; NORMAL               ; Untyped                                                                        ;
; CLOCK_ENABLE_INPUT_B               ; NORMAL               ; Untyped                                                                        ;
; CLOCK_ENABLE_OUTPUT_A              ; NORMAL               ; Untyped                                                                        ;
; CLOCK_ENABLE_OUTPUT_B              ; NORMAL               ; Untyped                                                                        ;
; CLOCK_ENABLE_CORE_A                ; USE_INPUT_CLKEN      ; Untyped                                                                        ;
; CLOCK_ENABLE_CORE_B                ; USE_INPUT_CLKEN      ; Untyped                                                                        ;
; ENABLE_ECC                         ; FALSE                ; Untyped                                                                        ;
; ECC_PIPELINE_STAGE_ENABLED         ; FALSE                ; Untyped                                                                        ;
; WIDTH_ECCSTATUS                    ; 3                    ; Untyped                                                                        ;
; DEVICE_FAMILY                      ; MAX 10               ; Untyped                                                                        ;
; CBXI_PARAMETER                     ; altsyncram_6102      ; Untyped                                                                        ;
+------------------------------------+----------------------+--------------------------------------------------------------------------------+
Note: In order to hide this table in the UI and the text report file, please set the "Show Parameter Settings in Synthesis Report" option in "Analysis and Synthesis Settings -> More Settings" to "Off".


+---------------------------------------------------------------------------------------------------------------------------------------------------------+
; Parameter Settings for User Entity Instance: decimation_filter_FilterSystem_DecimatingFIR1:theDecimatingFIR1|lpm_mult:u0_m0_wo0_mtree_mult1_0_component ;
+------------------------------------------------+----------+---------------------------------------------------------------------------------------------+
; Parameter Name                                 ; Value    ; Type                                                                                        ;
+------------------------------------------------+----------+---------------------------------------------------------------------------------------------+
; AUTO_CARRY_CHAINS                              ; ON       ; AUTO_CARRY                                                                                  ;
; IGNORE_CARRY_BUFFERS                           ; OFF      ; IGNORE_CARRY                                                                                ;
; AUTO_CASCADE_CHAINS                            ; ON       ; AUTO_CASCADE                                                                                ;
; IGNORE_CASCADE_BUFFERS                         ; OFF      ; IGNORE_CASCADE                                                                              ;
; LPM_WIDTHA                                     ; 16       ; Signed Integer                                                                              ;
; LPM_WIDTHB                                     ; 18       ; Signed Integer                                                                              ;
; LPM_WIDTHP                                     ; 34       ; Signed Integer                                                                              ;
; LPM_WIDTHR                                     ; 0        ; Untyped                                                                                     ;
; LPM_WIDTHS                                     ; 1        ; Signed Integer                                                                              ;
; LPM_REPRESENTATION                             ; SIGNED   ; Untyped                                                                                     ;
; LPM_PIPELINE                                   ; 2        ; Signed Integer                                                                              ;
; LATENCY                                        ; 0        ; Untyped                                                                                     ;
; INPUT_A_IS_CONSTANT                            ; NO       ; Untyped                                                                                     ;
; INPUT_B_IS_CONSTANT                            ; NO       ; Untyped                                                                                     ;
; USE_EAB                                        ; OFF      ; Untyped                                                                                     ;
; MAXIMIZE_SPEED                                 ; 5        ; Untyped                                                                                     ;
; DEVICE_FAMILY                                  ; MAX 10   ; Untyped                                                                                     ;
; CARRY_CHAIN                                    ; MANUAL   ; Untyped                                                                                     ;
; APEX20K_TECHNOLOGY_MAPPER                      ; LUT      ; TECH_MAPPER_APEX20K                                                                         ;
; DEDICATED_MULTIPLIER_CIRCUITRY                 ; YES      ; Untyped                                                                                     ;
; DEDICATED_MULTIPLIER_MIN_INPUT_WIDTH_FOR_AUTO  ; 0        ; Untyped                                                                                     ;
; DEDICATED_MULTIPLIER_MIN_OUTPUT_WIDTH_FOR_AUTO ; 0        ; Untyped                                                                                     ;
; CBXI_PARAMETER                                 ; mult_vot ; Untyped                                                                                     ;
; INPUT_A_FIXED_VALUE                            ; Bx       ; Untyped                                                                                     ;
; INPUT_B_FIXED_VALUE                            ; Bx       ; Untyped                                                                                     ;
; USE_AHDL_IMPLEMENTATION                        ; OFF      ; Untyped                                                                                     ;
+------------------------------------------------+----------+---------------------------------------------------------------------------------------------+
Note: In order to hide this table in the UI and the text report file, please set the "Show Parameter Settings in Synthesis Report" option in "Analysis and Synthesis Settings -> More Settings" to "Off".


+---------------------------------------------------------------------------------------------------------+
; Parameter Settings for User Entity Instance: dspba_delay_ver:decimation_filter_FilterSystem_readDelayed ;
+----------------+-------+--------------------------------------------------------------------------------+
; Parameter Name ; Value ; Type                                                                           ;
+----------------+-------+--------------------------------------------------------------------------------+
; width          ; 1     ; Signed Integer                                                                 ;
; depth          ; 4     ; Signed Integer                                                                 ;
; reset_high     ; 1     ; Unsigned Binary                                                                ;
; reset_kind     ; ASYNC ; String                                                                         ;
+----------------+-------+--------------------------------------------------------------------------------+
Note: In order to hide this table in the UI and the text report file, please set the "Show Parameter Settings in Synthesis Report" option in "Analysis and Synthesis Settings -> More Settings" to "Off".


+------------------------------------------------------------------------------------------------------------------------------+
; Parameter Settings for User Entity Instance: decimation_filter_FilterSystem_Scale3:theScale3|dspba_delay_ver:redist1_xIn_c_1 ;
+----------------+-------+-----------------------------------------------------------------------------------------------------+
; Parameter Name ; Value ; Type                                                                                                ;
+----------------+-------+-----------------------------------------------------------------------------------------------------+
; width          ; 8     ; Signed Integer                                                                                      ;
; depth          ; 1     ; Signed Integer                                                                                      ;
; reset_high     ; 1     ; Unsigned Binary                                                                                     ;
; reset_kind     ; ASYNC ; String                                                                                              ;
+----------------+-------+-----------------------------------------------------------------------------------------------------+
Note: In order to hide this table in the UI and the text report file, please set the "Show Parameter Settings in Synthesis Report" option in "Analysis and Synthesis Settings -> More Settings" to "Off".


+------------------------------------------------------------------------------------------------------------------------------+
; Parameter Settings for User Entity Instance: decimation_filter_FilterSystem_Scale3:theScale3|dspba_delay_ver:redist0_xIn_v_1 ;
+----------------+-------+-----------------------------------------------------------------------------------------------------+
; Parameter Name ; Value ; Type                                                                                                ;
+----------------+-------+-----------------------------------------------------------------------------------------------------+
; width          ; 1     ; Signed Integer                                                                                      ;
; depth          ; 1     ; Signed Integer                                                                                      ;
; reset_high     ; 1     ; Unsigned Binary                                                                                     ;
; reset_kind     ; ASYNC ; String                                                                                              ;
+----------------+-------+-----------------------------------------------------------------------------------------------------+
Note: In order to hide this table in the UI and the text report file, please set the "Show Parameter Settings in Synthesis Report" option in "Analysis and Synthesis Settings -> More Settings" to "Off".


+----------------------------------------------------------------------------------------------------------------------------------------------------+
; altsyncram Parameter Settings by Entity Instance                                                                                                   ;
+-------------------------------------------+--------------------------------------------------------------------------------------------------------+
; Name                                      ; Value                                                                                                  ;
+-------------------------------------------+--------------------------------------------------------------------------------------------------------+
; Number of entity instances                ; 14                                                                                                     ;
; Entity Instance                           ; decimation_filter_FilterSystem_DecimatingFIR2:theDecimatingFIR2|altsyncram:rm_dmem                     ;
;     -- OPERATION_MODE                     ; SINGLE_PORT                                                                                            ;
;     -- WIDTH_A                            ; 16                                                                                                     ;
;     -- NUMWORDS_A                         ; 14                                                                                                     ;
;     -- OUTDATA_REG_A                      ; CLOCK0                                                                                                 ;
;     -- WIDTH_B                            ; 1                                                                                                      ;
;     -- NUMWORDS_B                         ; 1                                                                                                      ;
;     -- ADDRESS_REG_B                      ; CLOCK1                                                                                                 ;
;     -- OUTDATA_REG_B                      ; UNREGISTERED                                                                                           ;
;     -- RAM_BLOCK_TYPE                     ; M9K                                                                                                    ;
;     -- READ_DURING_WRITE_MODE_MIXED_PORTS ; DONT_CARE                                                                                              ;
; Entity Instance                           ; decimation_filter_FilterSystem_DecimatingFIR2:theDecimatingFIR2|altsyncram:u0_m0_wo0_wi0_r0_memr4_dmem ;
;     -- OPERATION_MODE                     ; DUAL_PORT                                                                                              ;
;     -- WIDTH_A                            ; 17                                                                                                     ;
;     -- NUMWORDS_A                         ; 16                                                                                                     ;
;     -- OUTDATA_REG_A                      ; UNREGISTERED                                                                                           ;
;     -- WIDTH_B                            ; 17                                                                                                     ;
;     -- NUMWORDS_B                         ; 16                                                                                                     ;
;     -- ADDRESS_REG_B                      ; CLOCK0                                                                                                 ;
;     -- OUTDATA_REG_B                      ; CLOCK0                                                                                                 ;
;     -- RAM_BLOCK_TYPE                     ; M9K                                                                                                    ;
;     -- READ_DURING_WRITE_MODE_MIXED_PORTS ; DONT_CARE                                                                                              ;
; Entity Instance                           ; decimation_filter_FilterSystem_DecimatingFIR2:theDecimatingFIR2|altsyncram:u0_m0_wo0_wi0_r0_memr0_dmem ;
;     -- OPERATION_MODE                     ; DUAL_PORT                                                                                              ;
;     -- WIDTH_A                            ; 17                                                                                                     ;
;     -- NUMWORDS_A                         ; 8                                                                                                      ;
;     -- OUTDATA_REG_A                      ; UNREGISTERED                                                                                           ;
;     -- WIDTH_B                            ; 17                                                                                                     ;
;     -- NUMWORDS_B                         ; 8                                                                                                      ;
;     -- ADDRESS_REG_B                      ; CLOCK0                                                                                                 ;
;     -- OUTDATA_REG_B                      ; CLOCK0                                                                                                 ;
;     -- RAM_BLOCK_TYPE                     ; M9K                                                                                                    ;
;     -- READ_DURING_WRITE_MODE_MIXED_PORTS ; DONT_CARE                                                                                              ;
; Entity Instance                           ; decimation_filter_FilterSystem_DecimatingFIR2:theDecimatingFIR2|altsyncram:u0_m0_wo0_cm0_dmem          ;
;     -- OPERATION_MODE                     ; DUAL_PORT                                                                                              ;
;     -- WIDTH_A                            ; 16                                                                                                     ;
;     -- NUMWORDS_A                         ; 4                                                                                                      ;
;     -- OUTDATA_REG_A                      ; UNREGISTERED                                                                                           ;
;     -- WIDTH_B                            ; 16                                                                                                     ;
;     -- NUMWORDS_B                         ; 4                                                                                                      ;
;     -- ADDRESS_REG_B                      ; CLOCK0                                                                                                 ;
;     -- OUTDATA_REG_B                      ; CLOCK0                                                                                                 ;
;     -- RAM_BLOCK_TYPE                     ; M9K                                                                                                    ;
;     -- READ_DURING_WRITE_MODE_MIXED_PORTS ; DONT_CARE                                                                                              ;
; Entity Instance                           ; decimation_filter_FilterSystem_DecimatingFIR2:theDecimatingFIR2|altsyncram:u0_m0_wo0_cm1_dmem          ;
;     -- OPERATION_MODE                     ; DUAL_PORT                                                                                              ;
;     -- WIDTH_A                            ; 16                                                                                                     ;
;     -- NUMWORDS_A                         ; 4                                                                                                      ;
;     -- OUTDATA_REG_A                      ; UNREGISTERED                                                                                           ;
;     -- WIDTH_B                            ; 16                                                                                                     ;
;     -- NUMWORDS_B                         ; 4                                                                                                      ;
;     -- ADDRESS_REG_B                      ; CLOCK0                                                                                                 ;
;     -- OUTDATA_REG_B                      ; CLOCK0                                                                                                 ;
;     -- RAM_BLOCK_TYPE                     ; M9K                                                                                                    ;
;     -- READ_DURING_WRITE_MODE_MIXED_PORTS ; DONT_CARE                                                                                              ;
; Entity Instance                           ; decimation_filter_FilterSystem_DecimatingFIR2:theDecimatingFIR2|altsyncram:u0_m0_wo0_cm2_dmem          ;
;     -- OPERATION_MODE                     ; DUAL_PORT                                                                                              ;
;     -- WIDTH_A                            ; 16                                                                                                     ;
;     -- NUMWORDS_A                         ; 4                                                                                                      ;
;     -- OUTDATA_REG_A                      ; UNREGISTERED                                                                                           ;
;     -- WIDTH_B                            ; 16                                                                                                     ;
;     -- NUMWORDS_B                         ; 4                                                                                                      ;
;     -- ADDRESS_REG_B                      ; CLOCK0                                                                                                 ;
;     -- OUTDATA_REG_B                      ; CLOCK0                                                                                                 ;
;     -- RAM_BLOCK_TYPE                     ; M9K                                                                                                    ;
;     -- READ_DURING_WRITE_MODE_MIXED_PORTS ; DONT_CARE                                                                                              ;
; Entity Instance                           ; decimation_filter_FilterSystem_DecimatingFIR2:theDecimatingFIR2|altsyncram:u0_m0_wo0_cm3_dmem          ;
;     -- OPERATION_MODE                     ; DUAL_PORT                                                                                              ;
;     -- WIDTH_A                            ; 16                                                                                                     ;
;     -- NUMWORDS_A                         ; 4                                                                                                      ;
;     -- OUTDATA_REG_A                      ; UNREGISTERED                                                                                           ;
;     -- WIDTH_B                            ; 16                                                                                                     ;
;     -- NUMWORDS_B                         ; 4                                                                                                      ;
;     -- ADDRESS_REG_B                      ; CLOCK0                                                                                                 ;
;     -- OUTDATA_REG_B                      ; CLOCK0                                                                                                 ;
;     -- RAM_BLOCK_TYPE                     ; M9K                                                                                                    ;
;     -- READ_DURING_WRITE_MODE_MIXED_PORTS ; DONT_CARE                                                                                              ;
; Entity Instance                           ; decimation_filter_FilterSystem_DecimatingFIR1:theDecimatingFIR1|altsyncram:rm_dmem                     ;
;     -- OPERATION_MODE                     ; SINGLE_PORT                                                                                            ;
;     -- WIDTH_A                            ; 16                                                                                                     ;
;     -- NUMWORDS_A                         ; 6                                                                                                      ;
;     -- OUTDATA_REG_A                      ; CLOCK0                                                                                                 ;
;     -- WIDTH_B                            ; 1                                                                                                      ;
;     -- NUMWORDS_B                         ; 1                                                                                                      ;
;     -- ADDRESS_REG_B                      ; CLOCK1                                                                                                 ;
;     -- OUTDATA_REG_B                      ; UNREGISTERED                                                                                           ;
;     -- RAM_BLOCK_TYPE                     ; M9K                                                                                                    ;
;     -- READ_DURING_WRITE_MODE_MIXED_PORTS ; DONT_CARE                                                                                              ;
; Entity Instance                           ; decimation_filter_FilterSystem_DecimatingFIR1:theDecimatingFIR1|altsyncram:u0_m0_wo0_wi0_r0_memr3_dmem ;
;     -- OPERATION_MODE                     ; DUAL_PORT                                                                                              ;
;     -- WIDTH_A                            ; 17                                                                                                     ;
;     -- NUMWORDS_A                         ; 12                                                                                                     ;
;     -- OUTDATA_REG_A                      ; UNREGISTERED                                                                                           ;
;     -- WIDTH_B                            ; 17                                                                                                     ;
;     -- NUMWORDS_B                         ; 12                                                                                                     ;
;     -- ADDRESS_REG_B                      ; CLOCK0                                                                                                 ;
;     -- OUTDATA_REG_B                      ; CLOCK0                                                                                                 ;
;     -- RAM_BLOCK_TYPE                     ; M9K                                                                                                    ;
;     -- READ_DURING_WRITE_MODE_MIXED_PORTS ; DONT_CARE                                                                                              ;
; Entity Instance                           ; decimation_filter_FilterSystem_DecimatingFIR1:theDecimatingFIR1|altsyncram:u0_m0_wo0_wi0_r0_memr0_dmem ;
;     -- OPERATION_MODE                     ; DUAL_PORT                                                                                              ;
;     -- WIDTH_A                            ; 17                                                                                                     ;
;     -- NUMWORDS_A                         ; 8                                                                                                      ;
;     -- OUTDATA_REG_A                      ; UNREGISTERED                                                                                           ;
;     -- WIDTH_B                            ; 17                                                                                                     ;
;     -- NUMWORDS_B                         ; 8                                                                                                      ;
;     -- ADDRESS_REG_B                      ; CLOCK0                                                                                                 ;
;     -- OUTDATA_REG_B                      ; CLOCK0                                                                                                 ;
;     -- RAM_BLOCK_TYPE                     ; M9K                                                                                                    ;
;     -- READ_DURING_WRITE_MODE_MIXED_PORTS ; DONT_CARE                                                                                              ;
; Entity Instance                           ; decimation_filter_FilterSystem_DecimatingFIR1:theDecimatingFIR1|altsyncram:u0_m0_wo0_cm0_dmem          ;
;     -- OPERATION_MODE                     ; DUAL_PORT                                                                                              ;
;     -- WIDTH_A                            ; 16                                                                                                     ;
;     -- NUMWORDS_A                         ; 4                                                                                                      ;
;     -- OUTDATA_REG_A                      ; UNREGISTERED                                                                                           ;
;     -- WIDTH_B                            ; 16                                                                                                     ;
;     -- NUMWORDS_B                         ; 4                                                                                                      ;
;     -- ADDRESS_REG_B                      ; CLOCK0                                                                                                 ;
;     -- OUTDATA_REG_B                      ; CLOCK0                                                                                                 ;
;     -- RAM_BLOCK_TYPE                     ; M9K                                                                                                    ;
;     -- READ_DURING_WRITE_MODE_MIXED_PORTS ; DONT_CARE                                                                                              ;
; Entity Instance                           ; decimation_filter_FilterSystem_DecimatingFIR1:theDecimatingFIR1|altsyncram:u0_m0_wo0_wi0_r0_memr2_dmem ;
;     -- OPERATION_MODE                     ; DUAL_PORT                                                                                              ;
;     -- WIDTH_A                            ; 17                                                                                                     ;
;     -- NUMWORDS_A                         ; 12                                                                                                     ;
;     -- OUTDATA_REG_A                      ; UNREGISTERED                                                                                           ;
;     -- WIDTH_B                            ; 17                                                                                                     ;
;     -- NUMWORDS_B                         ; 12                                                                                                     ;
;     -- ADDRESS_REG_B                      ; CLOCK0                                                                                                 ;
;     -- OUTDATA_REG_B                      ; CLOCK0                                                                                                 ;
;     -- RAM_BLOCK_TYPE                     ; M9K                                                                                                    ;
;     -- READ_DURING_WRITE_MODE_MIXED_PORTS ; DONT_CARE                                                                                              ;
; Entity Instance                           ; decimation_filter_FilterSystem_DecimatingFIR1:theDecimatingFIR1|altsyncram:u0_m0_wo0_wi0_r0_memr1_dmem ;
;     -- OPERATION_MODE                     ; DUAL_PORT                                                                                              ;
;     -- WIDTH_A                            ; 17                                                                                                     ;
;     -- NUMWORDS_A                         ; 8                                                                                                      ;
;     -- OUTDATA_REG_A                      ; UNREGISTERED                                                                                           ;
;     -- WIDTH_B                            ; 17                                                                                                     ;
;     -- NUMWORDS_B                         ; 8                                                                                                      ;
;     -- ADDRESS_REG_B                      ; CLOCK0                                                                                                 ;
;     -- OUTDATA_REG_B                      ; CLOCK0                                                                                                 ;
;     -- RAM_BLOCK_TYPE                     ; M9K                                                                                                    ;
;     -- READ_DURING_WRITE_MODE_MIXED_PORTS ; DONT_CARE                                                                                              ;
; Entity Instance                           ; decimation_filter_FilterSystem_DecimatingFIR1:theDecimatingFIR1|altsyncram:u0_m0_wo0_cm1_dmem          ;
;     -- OPERATION_MODE                     ; DUAL_PORT                                                                                              ;
;     -- WIDTH_A                            ; 16                                                                                                     ;
;     -- NUMWORDS_A                         ; 4                                                                                                      ;
;     -- OUTDATA_REG_A                      ; UNREGISTERED                                                                                           ;
;     -- WIDTH_B                            ; 16                                                                                                     ;
;     -- NUMWORDS_B                         ; 4                                                                                                      ;
;     -- ADDRESS_REG_B                      ; CLOCK0                                                                                                 ;
;     -- OUTDATA_REG_B                      ; CLOCK0                                                                                                 ;
;     -- RAM_BLOCK_TYPE                     ; M9K                                                                                                    ;
;     -- READ_DURING_WRITE_MODE_MIXED_PORTS ; DONT_CARE                                                                                              ;
+-------------------------------------------+--------------------------------------------------------------------------------------------------------+


+----------------------------------------------------------------------------------------------------------------------------------------------------+
; lpm_mult Parameter Settings by Entity Instance                                                                                                     ;
+---------------------------------------+------------------------------------------------------------------------------------------------------------+
; Name                                  ; Value                                                                                                      ;
+---------------------------------------+------------------------------------------------------------------------------------------------------------+
; Number of entity instances            ; 6                                                                                                          ;
; Entity Instance                       ; decimation_filter_FilterSystem_DecimatingFIR2:theDecimatingFIR2|lpm_mult:u0_m0_wo0_mtree_mult1_3_component ;
;     -- LPM_WIDTHA                     ; 16                                                                                                         ;
;     -- LPM_WIDTHB                     ; 18                                                                                                         ;
;     -- LPM_WIDTHP                     ; 34                                                                                                         ;
;     -- LPM_REPRESENTATION             ; SIGNED                                                                                                     ;
;     -- INPUT_A_IS_CONSTANT            ; NO                                                                                                         ;
;     -- INPUT_B_IS_CONSTANT            ; NO                                                                                                         ;
;     -- USE_EAB                        ; OFF                                                                                                        ;
;     -- DEDICATED_MULTIPLIER_CIRCUITRY ; YES                                                                                                        ;
;     -- INPUT_A_FIXED_VALUE            ; Bx                                                                                                         ;
;     -- INPUT_B_FIXED_VALUE            ; Bx                                                                                                         ;
; Entity Instance                       ; decimation_filter_FilterSystem_DecimatingFIR2:theDecimatingFIR2|lpm_mult:u0_m0_wo0_mtree_mult1_2_component ;
;     -- LPM_WIDTHA                     ; 16                                                                                                         ;
;     -- LPM_WIDTHB                     ; 18                                                                                                         ;
;     -- LPM_WIDTHP                     ; 34                                                                                                         ;
;     -- LPM_REPRESENTATION             ; SIGNED                                                                                                     ;
;     -- INPUT_A_IS_CONSTANT            ; NO                                                                                                         ;
;     -- INPUT_B_IS_CONSTANT            ; NO                                                                                                         ;
;     -- USE_EAB                        ; OFF                                                                                                        ;
;     -- DEDICATED_MULTIPLIER_CIRCUITRY ; YES                                                                                                        ;
;     -- INPUT_A_FIXED_VALUE            ; Bx                                                                                                         ;
;     -- INPUT_B_FIXED_VALUE            ; Bx                                                                                                         ;
; Entity Instance                       ; decimation_filter_FilterSystem_DecimatingFIR2:theDecimatingFIR2|lpm_mult:u0_m0_wo0_mtree_mult1_1_component ;
;     -- LPM_WIDTHA                     ; 16                                                                                                         ;
;     -- LPM_WIDTHB                     ; 18                                                                                                         ;
;     -- LPM_WIDTHP                     ; 34                                                                                                         ;
;     -- LPM_REPRESENTATION             ; SIGNED                                                                                                     ;
;     -- INPUT_A_IS_CONSTANT            ; NO                                                                                                         ;
;     -- INPUT_B_IS_CONSTANT            ; NO                                                                                                         ;
;     -- USE_EAB                        ; OFF                                                                                                        ;
;     -- DEDICATED_MULTIPLIER_CIRCUITRY ; YES                                                                                                        ;
;     -- INPUT_A_FIXED_VALUE            ; Bx                                                                                                         ;
;     -- INPUT_B_FIXED_VALUE            ; Bx                                                                                                         ;
; Entity Instance                       ; decimation_filter_FilterSystem_DecimatingFIR2:theDecimatingFIR2|lpm_mult:u0_m0_wo0_mtree_mult1_0_component ;
;     -- LPM_WIDTHA                     ; 16                                                                                                         ;
;     -- LPM_WIDTHB                     ; 18                                                                                                         ;
;     -- LPM_WIDTHP                     ; 34                                                                                                         ;
;     -- LPM_REPRESENTATION             ; SIGNED                                                                                                     ;
;     -- INPUT_A_IS_CONSTANT            ; NO                                                                                                         ;
;     -- INPUT_B_IS_CONSTANT            ; NO                                                                                                         ;
;     -- USE_EAB                        ; OFF                                                                                                        ;
;     -- DEDICATED_MULTIPLIER_CIRCUITRY ; YES                                                                                                        ;
;     -- INPUT_A_FIXED_VALUE            ; Bx                                                                                                         ;
;     -- INPUT_B_FIXED_VALUE            ; Bx                                                                                                         ;
; Entity Instance                       ; decimation_filter_FilterSystem_DecimatingFIR1:theDecimatingFIR1|lpm_mult:u0_m0_wo0_mtree_mult1_1_component ;
;     -- LPM_WIDTHA                     ; 16                                                                                                         ;
;     -- LPM_WIDTHB                     ; 18                                                                                                         ;
;     -- LPM_WIDTHP                     ; 34                                                                                                         ;
;     -- LPM_REPRESENTATION             ; SIGNED                                                                                                     ;
;     -- INPUT_A_IS_CONSTANT            ; NO                                                                                                         ;
;     -- INPUT_B_IS_CONSTANT            ; NO                                                                                                         ;
;     -- USE_EAB                        ; OFF                                                                                                        ;
;     -- DEDICATED_MULTIPLIER_CIRCUITRY ; YES                                                                                                        ;
;     -- INPUT_A_FIXED_VALUE            ; Bx                                                                                                         ;
;     -- INPUT_B_FIXED_VALUE            ; Bx                                                                                                         ;
; Entity Instance                       ; decimation_filter_FilterSystem_DecimatingFIR1:theDecimatingFIR1|lpm_mult:u0_m0_wo0_mtree_mult1_0_component ;
;     -- LPM_WIDTHA                     ; 16                                                                                                         ;
;     -- LPM_WIDTHB                     ; 18                                                                                                         ;
;     -- LPM_WIDTHP                     ; 34                                                                                                         ;
;     -- LPM_REPRESENTATION             ; SIGNED                                                                                                     ;
;     -- INPUT_A_IS_CONSTANT            ; NO                                                                                                         ;
;     -- INPUT_B_IS_CONSTANT            ; NO                                                                                                         ;
;     -- USE_EAB                        ; OFF                                                                                                        ;
;     -- DEDICATED_MULTIPLIER_CIRCUITRY ; YES                                                                                                        ;
;     -- INPUT_A_FIXED_VALUE            ; Bx                                                                                                         ;
;     -- INPUT_B_FIXED_VALUE            ; Bx                                                                                                         ;
+---------------------------------------+------------------------------------------------------------------------------------------------------------+


+-------------------------------------------------------------------------------------------------------------+
; Port Connectivity Checks: "decimation_filter_FilterSystem_Scale3:theScale3|dspba_delay_ver:redist0_xIn_v_1" ;
+------+-------+----------+-----------------------------------------------------------------------------------+
; Port ; Type  ; Severity ; Details                                                                           ;
+------+-------+----------+-----------------------------------------------------------------------------------+
; ena  ; Input ; Info     ; Stuck at VCC                                                                      ;
+------+-------+----------+-----------------------------------------------------------------------------------+


+-------------------------------------------------------------------------------------------------------------+
; Port Connectivity Checks: "decimation_filter_FilterSystem_Scale3:theScale3|dspba_delay_ver:redist1_xIn_c_1" ;
+------+-------+----------+-----------------------------------------------------------------------------------+
; Port ; Type  ; Severity ; Details                                                                           ;
+------+-------+----------+-----------------------------------------------------------------------------------+
; ena  ; Input ; Info     ; Stuck at VCC                                                                      ;
+------+-------+----------+-----------------------------------------------------------------------------------+


+-----------------------------------------------------------------------------+
; Port Connectivity Checks: "decimation_filter_FilterSystem_Scale3:theScale3" ;
+--------+--------+----------+------------------------------------------------+
; Port   ; Type   ; Severity ; Details                                        ;
+--------+--------+----------+------------------------------------------------+
; eOut_0 ; Output ; Info     ; Explicitly unconnected                         ;
+--------+--------+----------+------------------------------------------------+


+----------------------------------------------------------------------------------------+
; Port Connectivity Checks: "dspba_delay_ver:decimation_filter_FilterSystem_readDelayed" ;
+------+-------+----------+--------------------------------------------------------------+
; Port ; Type  ; Severity ; Details                                                      ;
+------+-------+----------+--------------------------------------------------------------+
; ena  ; Input ; Info     ; Stuck at VCC                                                 ;
+------+-------+----------+--------------------------------------------------------------+


+----------------------------------------------------------------------------------------------------------------------------------------------+
; Port Connectivity Checks: "decimation_filter_FilterSystem_DecimatingFIR1:theDecimatingFIR1|dspba_delay_ver:d_in0_m0_wi0_wo0_assign_id1_q_13" ;
+------+-------+----------+--------------------------------------------------------------------------------------------------------------------+
; Port ; Type  ; Severity ; Details                                                                                                            ;
+------+-------+----------+--------------------------------------------------------------------------------------------------------------------+
; ena  ; Input ; Info     ; Stuck at VCC                                                                                                       ;
+------+-------+----------+--------------------------------------------------------------------------------------------------------------------+


+------------------------------------------------------------------------------------------------------------------------+
; Port Connectivity Checks: "decimation_filter_FilterSystem_DecimatingFIR1:theDecimatingFIR1|dspba_delay_ver:d_xIn_0_13" ;
+------+-------+----------+----------------------------------------------------------------------------------------------+
; Port ; Type  ; Severity ; Details                                                                                      ;
+------+-------+----------+----------------------------------------------------------------------------------------------+
; ena  ; Input ; Info     ; Stuck at VCC                                                                                 ;
+------+-------+----------+----------------------------------------------------------------------------------------------+


+--------------------------------------------------------------------------------------------------------------------------------------+
; Port Connectivity Checks: "decimation_filter_FilterSystem_DecimatingFIR1:theDecimatingFIR1|dspba_delay_ver:d_u0_m0_wo0_memread_q_13" ;
+------+-------+----------+------------------------------------------------------------------------------------------------------------+
; Port ; Type  ; Severity ; Details                                                                                                    ;
+------+-------+----------+------------------------------------------------------------------------------------------------------------+
; ena  ; Input ; Info     ; Stuck at VCC                                                                                               ;
+------+-------+----------+------------------------------------------------------------------------------------------------------------+


+--------------------------------------------------------------------------------------------------------------------------------------+
; Port Connectivity Checks: "decimation_filter_FilterSystem_DecimatingFIR1:theDecimatingFIR1|dspba_delay_ver:d_u0_m0_wo0_compute_q_17" ;
+------+-------+----------+------------------------------------------------------------------------------------------------------------+
; Port ; Type  ; Severity ; Details                                                                                                    ;
+------+-------+----------+------------------------------------------------------------------------------------------------------------+
; ena  ; Input ; Info     ; Stuck at VCC                                                                                               ;
+------+-------+----------+------------------------------------------------------------------------------------------------------------+


+--------------------------------------------------------------------------------------------------------------------------------------+
; Port Connectivity Checks: "decimation_filter_FilterSystem_DecimatingFIR1:theDecimatingFIR1|dspba_delay_ver:d_u0_m0_wo0_compute_q_16" ;
+------+-------+----------+------------------------------------------------------------------------------------------------------------+
; Port ; Type  ; Severity ; Details                                                                                                    ;
+------+-------+----------+------------------------------------------------------------------------------------------------------------+
; ena  ; Input ; Info     ; Stuck at VCC                                                                                               ;
+------+-------+----------+------------------------------------------------------------------------------------------------------------+


+--------------------------------------------------------------------------------------------------------------------------------------+
; Port Connectivity Checks: "decimation_filter_FilterSystem_DecimatingFIR1:theDecimatingFIR1|dspba_delay_ver:d_u0_m0_wo0_compute_q_13" ;
+------+-------+----------+------------------------------------------------------------------------------------------------------------+
; Port ; Type  ; Severity ; Details                                                                                                    ;
+------+-------+----------+------------------------------------------------------------------------------------------------------------+
; ena  ; Input ; Info     ; Stuck at VCC                                                                                               ;
+------+-------+----------+------------------------------------------------------------------------------------------------------------+


+-------------------------------------------------------------------------------------------------------------------------------+
; Port Connectivity Checks: "decimation_filter_FilterSystem_DecimatingFIR1:theDecimatingFIR1|dspba_delay_ver:u0_m0_wo0_compute" ;
+------+-------+----------+-----------------------------------------------------------------------------------------------------+
; Port ; Type  ; Severity ; Details                                                                                             ;
+------+-------+----------+-----------------------------------------------------------------------------------------------------+
; ena  ; Input ; Info     ; Stuck at VCC                                                                                        ;
+------+-------+----------+-----------------------------------------------------------------------------------------------------+


+-------------------------------------------------------------------------------------------------------------------------------+
; Port Connectivity Checks: "decimation_filter_FilterSystem_DecimatingFIR1:theDecimatingFIR1|dspba_delay_ver:u0_m0_wo0_memread" ;
+------+-------+----------+-----------------------------------------------------------------------------------------------------+
; Port ; Type  ; Severity ; Details                                                                                             ;
+------+-------+----------+-----------------------------------------------------------------------------------------------------+
; ena  ; Input ; Info     ; Stuck at VCC                                                                                        ;
+------+-------+----------+-----------------------------------------------------------------------------------------------------+


+-----------------------------------------------------------------------------------------------------------------------------+
; Port Connectivity Checks: "decimation_filter_FilterSystem_DecimatingFIR1:theDecimatingFIR1|dspba_delay_ver:d_rblookup_h_12" ;
+------+-------+----------+---------------------------------------------------------------------------------------------------+
; Port ; Type  ; Severity ; Details                                                                                           ;
+------+-------+----------+---------------------------------------------------------------------------------------------------+
; ena  ; Input ; Info     ; Stuck at VCC                                                                                      ;
+------+-------+----------+---------------------------------------------------------------------------------------------------+


+-----------------------------------------------------------------------------------------------------------------------------+
; Port Connectivity Checks: "decimation_filter_FilterSystem_DecimatingFIR1:theDecimatingFIR1|dspba_delay_ver:d_busIn_read_12" ;
+------+-------+----------+---------------------------------------------------------------------------------------------------+
; Port ; Type  ; Severity ; Details                                                                                           ;
+------+-------+----------+---------------------------------------------------------------------------------------------------+
; ena  ; Input ; Info     ; Stuck at VCC                                                                                      ;
+------+-------+----------+---------------------------------------------------------------------------------------------------+


+----------------------------------------------------------------------------------------------------------------------------------+
; Port Connectivity Checks: "decimation_filter_FilterSystem_DecimatingFIR1:theDecimatingFIR1|dspba_delay_ver:d_busIn_writedata_11" ;
+------+-------+----------+--------------------------------------------------------------------------------------------------------+
; Port ; Type  ; Severity ; Details                                                                                                ;
+------+-------+----------+--------------------------------------------------------------------------------------------------------+
; ena  ; Input ; Info     ; Stuck at VCC                                                                                           ;
+------+-------+----------+--------------------------------------------------------------------------------------------------------+


+----------------------------------------------------------------------------------------------------------------------------------------------+
; Port Connectivity Checks: "decimation_filter_FilterSystem_DecimatingFIR2:theDecimatingFIR2|dspba_delay_ver:d_in0_m0_wi0_wo0_assign_id1_q_13" ;
+------+-------+----------+--------------------------------------------------------------------------------------------------------------------+
; Port ; Type  ; Severity ; Details                                                                                                            ;
+------+-------+----------+--------------------------------------------------------------------------------------------------------------------+
; ena  ; Input ; Info     ; Stuck at VCC                                                                                                       ;
+------+-------+----------+--------------------------------------------------------------------------------------------------------------------+


+------------------------------------------------------------------------------------------------------------------------+
; Port Connectivity Checks: "decimation_filter_FilterSystem_DecimatingFIR2:theDecimatingFIR2|dspba_delay_ver:d_xIn_0_13" ;
+------+-------+----------+----------------------------------------------------------------------------------------------+
; Port ; Type  ; Severity ; Details                                                                                      ;
+------+-------+----------+----------------------------------------------------------------------------------------------+
; ena  ; Input ; Info     ; Stuck at VCC                                                                                 ;
+------+-------+----------+----------------------------------------------------------------------------------------------+


+--------------------------------------------------------------------------------------------------------------------------------------+
; Port Connectivity Checks: "decimation_filter_FilterSystem_DecimatingFIR2:theDecimatingFIR2|dspba_delay_ver:d_u0_m0_wo0_memread_q_13" ;
+------+-------+----------+------------------------------------------------------------------------------------------------------------+
; Port ; Type  ; Severity ; Details                                                                                                    ;
+------+-------+----------+------------------------------------------------------------------------------------------------------------+
; ena  ; Input ; Info     ; Stuck at VCC                                                                                               ;
+------+-------+----------+------------------------------------------------------------------------------------------------------------+


+--------------------------------------------------------------------------------------------------------------------------------------+
; Port Connectivity Checks: "decimation_filter_FilterSystem_DecimatingFIR2:theDecimatingFIR2|dspba_delay_ver:d_u0_m0_wo0_compute_q_18" ;
+------+-------+----------+------------------------------------------------------------------------------------------------------------+
; Port ; Type  ; Severity ; Details                                                                                                    ;
+------+-------+----------+------------------------------------------------------------------------------------------------------------+
; ena  ; Input ; Info     ; Stuck at VCC                                                                                               ;
+------+-------+----------+------------------------------------------------------------------------------------------------------------+


+--------------------------------------------------------------------------------------------------------------------------------------+
; Port Connectivity Checks: "decimation_filter_FilterSystem_DecimatingFIR2:theDecimatingFIR2|dspba_delay_ver:d_u0_m0_wo0_compute_q_17" ;
+------+-------+----------+------------------------------------------------------------------------------------------------------------+
; Port ; Type  ; Severity ; Details                                                                                                    ;
+------+-------+----------+------------------------------------------------------------------------------------------------------------+
; ena  ; Input ; Info     ; Stuck at VCC                                                                                               ;
+------+-------+----------+------------------------------------------------------------------------------------------------------------+


+--------------------------------------------------------------------------------------------------------------------------------------+
; Port Connectivity Checks: "decimation_filter_FilterSystem_DecimatingFIR2:theDecimatingFIR2|dspba_delay_ver:d_u0_m0_wo0_compute_q_13" ;
+------+-------+----------+------------------------------------------------------------------------------------------------------------+
; Port ; Type  ; Severity ; Details                                                                                                    ;
+------+-------+----------+------------------------------------------------------------------------------------------------------------+
; ena  ; Input ; Info     ; Stuck at VCC                                                                                               ;
+------+-------+----------+------------------------------------------------------------------------------------------------------------+


+-------------------------------------------------------------------------------------------------------------------------------+
; Port Connectivity Checks: "decimation_filter_FilterSystem_DecimatingFIR2:theDecimatingFIR2|dspba_delay_ver:u0_m0_wo0_compute" ;
+------+-------+----------+-----------------------------------------------------------------------------------------------------+
; Port ; Type  ; Severity ; Details                                                                                             ;
+------+-------+----------+-----------------------------------------------------------------------------------------------------+
; ena  ; Input ; Info     ; Stuck at VCC                                                                                        ;
+------+-------+----------+-----------------------------------------------------------------------------------------------------+


+-------------------------------------------------------------------------------------------------------------------------------+
; Port Connectivity Checks: "decimation_filter_FilterSystem_DecimatingFIR2:theDecimatingFIR2|dspba_delay_ver:u0_m0_wo0_memread" ;
+------+-------+----------+-----------------------------------------------------------------------------------------------------+
; Port ; Type  ; Severity ; Details                                                                                             ;
+------+-------+----------+-----------------------------------------------------------------------------------------------------+
; ena  ; Input ; Info     ; Stuck at VCC                                                                                        ;
+------+-------+----------+-----------------------------------------------------------------------------------------------------+


+-----------------------------------------------------------------------------------------------------------------------------+
; Port Connectivity Checks: "decimation_filter_FilterSystem_DecimatingFIR2:theDecimatingFIR2|dspba_delay_ver:d_rblookup_h_12" ;
+------+-------+----------+---------------------------------------------------------------------------------------------------+
; Port ; Type  ; Severity ; Details                                                                                           ;
+------+-------+----------+---------------------------------------------------------------------------------------------------+
; ena  ; Input ; Info     ; Stuck at VCC                                                                                      ;
+------+-------+----------+---------------------------------------------------------------------------------------------------+


+-----------------------------------------------------------------------------------------------------------------------------+
; Port Connectivity Checks: "decimation_filter_FilterSystem_DecimatingFIR2:theDecimatingFIR2|dspba_delay_ver:d_busIn_read_12" ;
+------+-------+----------+---------------------------------------------------------------------------------------------------+
; Port ; Type  ; Severity ; Details                                                                                           ;
+------+-------+----------+---------------------------------------------------------------------------------------------------+
; ena  ; Input ; Info     ; Stuck at VCC                                                                                      ;
+------+-------+----------+---------------------------------------------------------------------------------------------------+


+----------------------------------------------------------------------------------------------------------------------------------+
; Port Connectivity Checks: "decimation_filter_FilterSystem_DecimatingFIR2:theDecimatingFIR2|dspba_delay_ver:d_busIn_writedata_11" ;
+------+-------+----------+--------------------------------------------------------------------------------------------------------+
; Port ; Type  ; Severity ; Details                                                                                                ;
+------+-------+----------+--------------------------------------------------------------------------------------------------------+
; ena  ; Input ; Info     ; Stuck at VCC                                                                                           ;
+------+-------+----------+--------------------------------------------------------------------------------------------------------+


+-------------------------------------------------------------------------------------------------------------+
; Port Connectivity Checks: "decimation_filter_FilterSystem_Scale2:theScale2|dspba_delay_ver:redist0_xIn_v_1" ;
+------+-------+----------+-----------------------------------------------------------------------------------+
; Port ; Type  ; Severity ; Details                                                                           ;
+------+-------+----------+-----------------------------------------------------------------------------------+
; ena  ; Input ; Info     ; Stuck at VCC                                                                      ;
+------+-------+----------+-----------------------------------------------------------------------------------+


+-------------------------------------------------------------------------------------------------------------+
; Port Connectivity Checks: "decimation_filter_FilterSystem_Scale2:theScale2|dspba_delay_ver:redist1_xIn_c_1" ;
+------+-------+----------+-----------------------------------------------------------------------------------+
; Port ; Type  ; Severity ; Details                                                                           ;
+------+-------+----------+-----------------------------------------------------------------------------------+
; ena  ; Input ; Info     ; Stuck at VCC                                                                      ;
+------+-------+----------+-----------------------------------------------------------------------------------+


+-----------------------------------------------------------------------------+
; Port Connectivity Checks: "decimation_filter_FilterSystem_Scale2:theScale2" ;
+--------+--------+----------+------------------------------------------------+
; Port   ; Type   ; Severity ; Details                                        ;
+--------+--------+----------+------------------------------------------------+
; gain_i ; Input  ; Info     ; Stuck at GND                                   ;
; eOut_0 ; Output ; Info     ; Explicitly unconnected                         ;
+--------+--------+----------+------------------------------------------------+


+-----------------------------------------------------+
; Post-Synthesis Netlist Statistics for Top Partition ;
+-----------------------+-----------------------------+
; Type                  ; Count                       ;
+-----------------------+-----------------------------+
; boundary_port         ; 102                         ;
; cycloneiii_ff         ; 1084                        ;
;     CLR               ; 487                         ;
;     CLR SLD           ; 36                          ;
;     ENA CLR           ; 486                         ;
;     ENA CLR SLD       ; 75                          ;
; cycloneiii_lcell_comb ; 710                         ;
;     arith             ; 443                         ;
;         1 data inputs ; 1                           ;
;         2 data inputs ; 112                         ;
;         3 data inputs ; 330                         ;
;     normal            ; 267                         ;
;         0 data inputs ; 1                           ;
;         1 data inputs ; 46                          ;
;         2 data inputs ; 51                          ;
;         3 data inputs ; 81                          ;
;         4 data inputs ; 88                          ;
; cycloneiii_mac_mult   ; 6                           ;
; cycloneiii_mac_out    ; 6                           ;
; cycloneiii_ram_block  ; 230                         ;
;                       ;                             ;
; Max LUT depth         ; 8.40                        ;
; Average LUT depth     ; 2.22                        ;
+-----------------------+-----------------------------+


+-------------------------------+
; Elapsed Time Per Partition    ;
+----------------+--------------+
; Partition Name ; Elapsed Time ;
+----------------+--------------+
; Top            ; 00:00:02     ;
+----------------+--------------+


+-------------------------------+
; Analysis & Synthesis Messages ;
+-------------------------------+
Info: *******************************************************************
Info: Running Quartus Prime Analysis & Synthesis
    Info: Version 18.1.0 Build 625 09/12/2018 SJ Standard Edition
    Info: Processing started: Sun Feb 23 15:22:33 2025
Info: Command: quartus_map --read_settings_files=on --write_settings_files=off decimation_filter_FilterSystem -c decimation_filter_FilterSystem
Warning (18236): Number of processors has not been specified which may cause overloading on shared machines.  Set the global assignment NUM_PARALLEL_PROCESSORS in your QSF to an appropriate value for best performance.
Info (20030): Parallel compilation is enabled and will use 8 of the 8 processors detected
Info (12021): Found 3 design units, including 3 entities, in source file rtl/decimation_filter/dspba_library_ver.sv
    Info (12023): Found entity 1: dspba_delay_ver File: F:/EM_LAB/EM_Instrument/TEMR-3S/Num01_code/Filter/altera_fir/simulation/quartus/rtl/decimation_filter/dspba_library_ver.sv Line: 14
    Info (12023): Found entity 2: dspba_sync_reg_ver File: F:/EM_LAB/EM_Instrument/TEMR-3S/Num01_code/Filter/altera_fir/simulation/quartus/rtl/decimation_filter/dspba_library_ver.sv Line: 100
    Info (12023): Found entity 3: dspba_pipe File: F:/EM_LAB/EM_Instrument/TEMR-3S/Num01_code/Filter/altera_fir/simulation/quartus/rtl/decimation_filter/dspba_library_ver.sv Line: 353
Info (12021): Found 1 design units, including 1 entities, in source file rtl/decimation_filter/decimation_filter_filtersystem_scale3.sv
    Info (12023): Found entity 1: decimation_filter_FilterSystem_Scale3 File: F:/EM_LAB/EM_Instrument/TEMR-3S/Num01_code/Filter/altera_fir/simulation/quartus/rtl/decimation_filter/decimation_filter_FilterSystem_Scale3.sv Line: 23
Info (12021): Found 1 design units, including 1 entities, in source file rtl/decimation_filter/decimation_filter_filtersystem_scale2.sv
    Info (12023): Found entity 1: decimation_filter_FilterSystem_Scale2 File: F:/EM_LAB/EM_Instrument/TEMR-3S/Num01_code/Filter/altera_fir/simulation/quartus/rtl/decimation_filter/decimation_filter_FilterSystem_Scale2.sv Line: 23
Info (12021): Found 1 design units, including 1 entities, in source file rtl/decimation_filter/decimation_filter_filtersystem_decimatingfir2.sv
    Info (12023): Found entity 1: decimation_filter_FilterSystem_DecimatingFIR2 File: F:/EM_LAB/EM_Instrument/TEMR-3S/Num01_code/Filter/altera_fir/simulation/quartus/rtl/decimation_filter/decimation_filter_FilterSystem_DecimatingFIR2.sv Line: 23
Info (12021): Found 1 design units, including 1 entities, in source file rtl/decimation_filter/decimation_filter_filtersystem_decimatingfir1.sv
    Info (12023): Found entity 1: decimation_filter_FilterSystem_DecimatingFIR1 File: F:/EM_LAB/EM_Instrument/TEMR-3S/Num01_code/Filter/altera_fir/simulation/quartus/rtl/decimation_filter/decimation_filter_FilterSystem_DecimatingFIR1.sv Line: 23
Info (12021): Found 1 design units, including 1 entities, in source file rtl/decimation_filter/decimation_filter_filtersystem.sv
    Info (12023): Found entity 1: decimation_filter_FilterSystem File: F:/EM_LAB/EM_Instrument/TEMR-3S/Num01_code/Filter/altera_fir/simulation/quartus/rtl/decimation_filter/decimation_filter_FilterSystem.sv Line: 23
Warning (12019): Can't analyze file -- file e:/software/intelfpga/18.1/quartus/dspba/backend/Libraries/sv/base/dspba_library_ver.sv is missing
Info (12127): Elaborating entity "decimation_filter_FilterSystem" for the top level hierarchy
Warning (10036): Verilog HDL or VHDL warning at decimation_filter_FilterSystem.sv(43): object "VCC_q" assigned a value but never read File: F:/EM_LAB/EM_Instrument/TEMR-3S/Num01_code/Filter/altera_fir/simulation/quartus/rtl/decimation_filter/decimation_filter_FilterSystem.sv Line: 43
Info (12128): Elaborating entity "decimation_filter_FilterSystem_Scale2" for hierarchy "decimation_filter_FilterSystem_Scale2:theScale2" File: F:/EM_LAB/EM_Instrument/TEMR-3S/Num01_code/Filter/altera_fir/simulation/quartus/rtl/decimation_filter/decimation_filter_FilterSystem.sv Line: 81
Info (12128): Elaborating entity "dspba_delay_ver" for hierarchy "decimation_filter_FilterSystem_Scale2:theScale2|dspba_delay_ver:redist1_xIn_c_1" File: F:/EM_LAB/EM_Instrument/TEMR-3S/Num01_code/Filter/altera_fir/simulation/quartus/rtl/decimation_filter/decimation_filter_FilterSystem_Scale2.sv Line: 164
Info (12128): Elaborating entity "dspba_delay_ver" for hierarchy "decimation_filter_FilterSystem_Scale2:theScale2|dspba_delay_ver:redist0_xIn_v_1" File: F:/EM_LAB/EM_Instrument/TEMR-3S/Num01_code/Filter/altera_fir/simulation/quartus/rtl/decimation_filter/decimation_filter_FilterSystem_Scale2.sv Line: 168
Info (12128): Elaborating entity "decimation_filter_FilterSystem_DecimatingFIR2" for hierarchy "decimation_filter_FilterSystem_DecimatingFIR2:theDecimatingFIR2" File: F:/EM_LAB/EM_Instrument/TEMR-3S/Num01_code/Filter/altera_fir/simulation/quartus/rtl/decimation_filter/decimation_filter_FilterSystem.sv Line: 100
Info (12128): Elaborating entity "dspba_delay_ver" for hierarchy "decimation_filter_FilterSystem_DecimatingFIR2:theDecimatingFIR2|dspba_delay_ver:d_busIn_writedata_11" File: F:/EM_LAB/EM_Instrument/TEMR-3S/Num01_code/Filter/altera_fir/simulation/quartus/rtl/decimation_filter/decimation_filter_FilterSystem_DecimatingFIR2.sv Line: 204
Info (12128): Elaborating entity "altsyncram" for hierarchy "decimation_filter_FilterSystem_DecimatingFIR2:theDecimatingFIR2|altsyncram:rm_dmem" File: F:/EM_LAB/EM_Instrument/TEMR-3S/Num01_code/Filter/altera_fir/simulation/quartus/rtl/decimation_filter/decimation_filter_FilterSystem_DecimatingFIR2.sv Line: 339
Info (12130): Elaborated megafunction instantiation "decimation_filter_FilterSystem_DecimatingFIR2:theDecimatingFIR2|altsyncram:rm_dmem" File: F:/EM_LAB/EM_Instrument/TEMR-3S/Num01_code/Filter/altera_fir/simulation/quartus/rtl/decimation_filter/decimation_filter_FilterSystem_DecimatingFIR2.sv Line: 339
Info (12133): Instantiated megafunction "decimation_filter_FilterSystem_DecimatingFIR2:theDecimatingFIR2|altsyncram:rm_dmem" with the following parameter: File: F:/EM_LAB/EM_Instrument/TEMR-3S/Num01_code/Filter/altera_fir/simulation/quartus/rtl/decimation_filter/decimation_filter_FilterSystem_DecimatingFIR2.sv Line: 339
    Info (12134): Parameter "ram_block_type" = "M9K"
    Info (12134): Parameter "operation_mode" = "SINGLE_PORT"
    Info (12134): Parameter "width_a" = "16"
    Info (12134): Parameter "widthad_a" = "4"
    Info (12134): Parameter "numwords_a" = "14"
    Info (12134): Parameter "lpm_type" = "altsyncram"
    Info (12134): Parameter "width_byteena_a" = "1"
    Info (12134): Parameter "outdata_reg_a" = "CLOCK0"
    Info (12134): Parameter "outdata_aclr_a" = "NONE"
    Info (12134): Parameter "clock_enable_input_a" = "NORMAL"
    Info (12134): Parameter "read_during_write_mode_port_a" = "NEW_DATA_NO_NBE_READ"
    Info (12134): Parameter "power_up_uninitialized" = "TRUE"
    Info (12134): Parameter "intended_device_family" = "MAX 10"
Info (12021): Found 1 design units, including 1 entities, in source file db/altsyncram_8cb1.tdf
    Info (12023): Found entity 1: altsyncram_8cb1 File: F:/EM_LAB/EM_Instrument/TEMR-3S/Num01_code/Filter/altera_fir/simulation/quartus/db/altsyncram_8cb1.tdf Line: 27
Info (12128): Elaborating entity "altsyncram_8cb1" for hierarchy "decimation_filter_FilterSystem_DecimatingFIR2:theDecimatingFIR2|altsyncram:rm_dmem|altsyncram_8cb1:auto_generated" File: d:/software/intelfpga/18.1/quartus/libraries/megafunctions/altsyncram.tdf Line: 791
Info (12128): Elaborating entity "dspba_delay_ver" for hierarchy "decimation_filter_FilterSystem_DecimatingFIR2:theDecimatingFIR2|dspba_delay_ver:d_busIn_read_12" File: F:/EM_LAB/EM_Instrument/TEMR-3S/Num01_code/Filter/altera_fir/simulation/quartus/rtl/decimation_filter/decimation_filter_FilterSystem_DecimatingFIR2.sv Line: 347
Info (12128): Elaborating entity "dspba_delay_ver" for hierarchy "decimation_filter_FilterSystem_DecimatingFIR2:theDecimatingFIR2|dspba_delay_ver:d_u0_m0_wo0_compute_q_17" File: F:/EM_LAB/EM_Instrument/TEMR-3S/Num01_code/Filter/altera_fir/simulation/quartus/rtl/decimation_filter/decimation_filter_FilterSystem_DecimatingFIR2.sv Line: 435
Info (12128): Elaborating entity "dspba_delay_ver" for hierarchy "decimation_filter_FilterSystem_DecimatingFIR2:theDecimatingFIR2|dspba_delay_ver:u0_m0_wo0_wi0_r0_delayr1" File: F:/EM_LAB/EM_Instrument/TEMR-3S/Num01_code/Filter/altera_fir/simulation/quartus/rtl/decimation_filter/decimation_filter_FilterSystem_DecimatingFIR2.sv Line: 539
Info (12128): Elaborating entity "altsyncram" for hierarchy "decimation_filter_FilterSystem_DecimatingFIR2:theDecimatingFIR2|altsyncram:u0_m0_wo0_wi0_r0_memr4_dmem" File: F:/EM_LAB/EM_Instrument/TEMR-3S/Num01_code/Filter/altera_fir/simulation/quartus/rtl/decimation_filter/decimation_filter_FilterSystem_DecimatingFIR2.sv Line: 609
Info (12130): Elaborated megafunction instantiation "decimation_filter_FilterSystem_DecimatingFIR2:theDecimatingFIR2|altsyncram:u0_m0_wo0_wi0_r0_memr4_dmem" File: F:/EM_LAB/EM_Instrument/TEMR-3S/Num01_code/Filter/altera_fir/simulation/quartus/rtl/decimation_filter/decimation_filter_FilterSystem_DecimatingFIR2.sv Line: 609
Info (12133): Instantiated megafunction "decimation_filter_FilterSystem_DecimatingFIR2:theDecimatingFIR2|altsyncram:u0_m0_wo0_wi0_r0_memr4_dmem" with the following parameter: File: F:/EM_LAB/EM_Instrument/TEMR-3S/Num01_code/Filter/altera_fir/simulation/quartus/rtl/decimation_filter/decimation_filter_FilterSystem_DecimatingFIR2.sv Line: 609
    Info (12134): Parameter "ram_block_type" = "M9K"
    Info (12134): Parameter "operation_mode" = "DUAL_PORT"
    Info (12134): Parameter "width_a" = "17"
    Info (12134): Parameter "widthad_a" = "4"
    Info (12134): Parameter "numwords_a" = "16"
    Info (12134): Parameter "width_b" = "17"
    Info (12134): Parameter "widthad_b" = "4"
    Info (12134): Parameter "numwords_b" = "16"
    Info (12134): Parameter "lpm_type" = "altsyncram"
    Info (12134): Parameter "width_byteena_a" = "1"
    Info (12134): Parameter "address_reg_b" = "CLOCK0"
    Info (12134): Parameter "indata_reg_b" = "CLOCK0"
    Info (12134): Parameter "wrcontrol_wraddress_reg_b" = "CLOCK0"
    Info (12134): Parameter "rdcontrol_reg_b" = "CLOCK0"
    Info (12134): Parameter "byteena_reg_b" = "CLOCK0"
    Info (12134): Parameter "outdata_reg_b" = "CLOCK0"
    Info (12134): Parameter "outdata_aclr_b" = "NONE"
    Info (12134): Parameter "clock_enable_input_a" = "NORMAL"
    Info (12134): Parameter "clock_enable_input_b" = "NORMAL"
    Info (12134): Parameter "clock_enable_output_b" = "NORMAL"
    Info (12134): Parameter "read_during_write_mode_mixed_ports" = "DONT_CARE"
    Info (12134): Parameter "power_up_uninitialized" = "FALSE"
    Info (12134): Parameter "init_file" = "UNUSED"
    Info (12134): Parameter "intended_device_family" = "MAX 10"
Info (12021): Found 1 design units, including 1 entities, in source file db/altsyncram_t602.tdf
    Info (12023): Found entity 1: altsyncram_t602 File: F:/EM_LAB/EM_Instrument/TEMR-3S/Num01_code/Filter/altera_fir/simulation/quartus/db/altsyncram_t602.tdf Line: 27
Info (12128): Elaborating entity "altsyncram_t602" for hierarchy "decimation_filter_FilterSystem_DecimatingFIR2:theDecimatingFIR2|altsyncram:u0_m0_wo0_wi0_r0_memr4_dmem|altsyncram_t602:auto_generated" File: d:/software/intelfpga/18.1/quartus/libraries/megafunctions/altsyncram.tdf Line: 791
Info (12128): Elaborating entity "dspba_delay_ver" for hierarchy "decimation_filter_FilterSystem_DecimatingFIR2:theDecimatingFIR2|dspba_delay_ver:d_xIn_0_13" File: F:/EM_LAB/EM_Instrument/TEMR-3S/Num01_code/Filter/altera_fir/simulation/quartus/rtl/decimation_filter/decimation_filter_FilterSystem_DecimatingFIR2.sv Line: 641
Info (12128): Elaborating entity "dspba_delay_ver" for hierarchy "decimation_filter_FilterSystem_DecimatingFIR2:theDecimatingFIR2|dspba_delay_ver:d_in0_m0_wi0_wo0_assign_id1_q_13" File: F:/EM_LAB/EM_Instrument/TEMR-3S/Num01_code/Filter/altera_fir/simulation/quartus/rtl/decimation_filter/decimation_filter_FilterSystem_DecimatingFIR2.sv Line: 645
Info (12128): Elaborating entity "altsyncram" for hierarchy "decimation_filter_FilterSystem_DecimatingFIR2:theDecimatingFIR2|altsyncram:u0_m0_wo0_wi0_r0_memr0_dmem" File: F:/EM_LAB/EM_Instrument/TEMR-3S/Num01_code/Filter/altera_fir/simulation/quartus/rtl/decimation_filter/decimation_filter_FilterSystem_DecimatingFIR2.sv Line: 715
Info (12130): Elaborated megafunction instantiation "decimation_filter_FilterSystem_DecimatingFIR2:theDecimatingFIR2|altsyncram:u0_m0_wo0_wi0_r0_memr0_dmem" File: F:/EM_LAB/EM_Instrument/TEMR-3S/Num01_code/Filter/altera_fir/simulation/quartus/rtl/decimation_filter/decimation_filter_FilterSystem_DecimatingFIR2.sv Line: 715
Info (12133): Instantiated megafunction "decimation_filter_FilterSystem_DecimatingFIR2:theDecimatingFIR2|altsyncram:u0_m0_wo0_wi0_r0_memr0_dmem" with the following parameter: File: F:/EM_LAB/EM_Instrument/TEMR-3S/Num01_code/Filter/altera_fir/simulation/quartus/rtl/decimation_filter/decimation_filter_FilterSystem_DecimatingFIR2.sv Line: 715
    Info (12134): Parameter "ram_block_type" = "M9K"
    Info (12134): Parameter "operation_mode" = "DUAL_PORT"
    Info (12134): Parameter "width_a" = "17"
    Info (12134): Parameter "widthad_a" = "3"
    Info (12134): Parameter "numwords_a" = "8"
    Info (12134): Parameter "width_b" = "17"
    Info (12134): Parameter "widthad_b" = "3"
    Info (12134): Parameter "numwords_b" = "8"
    Info (12134): Parameter "lpm_type" = "altsyncram"
    Info (12134): Parameter "width_byteena_a" = "1"
    Info (12134): Parameter "address_reg_b" = "CLOCK0"
    Info (12134): Parameter "indata_reg_b" = "CLOCK0"
    Info (12134): Parameter "wrcontrol_wraddress_reg_b" = "CLOCK0"
    Info (12134): Parameter "rdcontrol_reg_b" = "CLOCK0"
    Info (12134): Parameter "byteena_reg_b" = "CLOCK0"
    Info (12134): Parameter "outdata_reg_b" = "CLOCK0"
    Info (12134): Parameter "outdata_aclr_b" = "NONE"
    Info (12134): Parameter "clock_enable_input_a" = "NORMAL"
    Info (12134): Parameter "clock_enable_input_b" = "NORMAL"
    Info (12134): Parameter "clock_enable_output_b" = "NORMAL"
    Info (12134): Parameter "read_during_write_mode_mixed_ports" = "DONT_CARE"
    Info (12134): Parameter "power_up_uninitialized" = "FALSE"
    Info (12134): Parameter "init_file" = "UNUSED"
    Info (12134): Parameter "intended_device_family" = "MAX 10"
Info (12021): Found 1 design units, including 1 entities, in source file db/altsyncram_t302.tdf
    Info (12023): Found entity 1: altsyncram_t302 File: F:/EM_LAB/EM_Instrument/TEMR-3S/Num01_code/Filter/altera_fir/simulation/quartus/db/altsyncram_t302.tdf Line: 27
Info (12128): Elaborating entity "altsyncram_t302" for hierarchy "decimation_filter_FilterSystem_DecimatingFIR2:theDecimatingFIR2|altsyncram:u0_m0_wo0_wi0_r0_memr0_dmem|altsyncram_t302:auto_generated" File: d:/software/intelfpga/18.1/quartus/libraries/megafunctions/altsyncram.tdf Line: 791
Info (12128): Elaborating entity "altsyncram" for hierarchy "decimation_filter_FilterSystem_DecimatingFIR2:theDecimatingFIR2|altsyncram:u0_m0_wo0_cm0_dmem" File: F:/EM_LAB/EM_Instrument/TEMR-3S/Num01_code/Filter/altera_fir/simulation/quartus/rtl/decimation_filter/decimation_filter_FilterSystem_DecimatingFIR2.sv Line: 837
Info (12130): Elaborated megafunction instantiation "decimation_filter_FilterSystem_DecimatingFIR2:theDecimatingFIR2|altsyncram:u0_m0_wo0_cm0_dmem" File: F:/EM_LAB/EM_Instrument/TEMR-3S/Num01_code/Filter/altera_fir/simulation/quartus/rtl/decimation_filter/decimation_filter_FilterSystem_DecimatingFIR2.sv Line: 837
Info (12133): Instantiated megafunction "decimation_filter_FilterSystem_DecimatingFIR2:theDecimatingFIR2|altsyncram:u0_m0_wo0_cm0_dmem" with the following parameter: File: F:/EM_LAB/EM_Instrument/TEMR-3S/Num01_code/Filter/altera_fir/simulation/quartus/rtl/decimation_filter/decimation_filter_FilterSystem_DecimatingFIR2.sv Line: 837
    Info (12134): Parameter "ram_block_type" = "M9K"
    Info (12134): Parameter "operation_mode" = "DUAL_PORT"
    Info (12134): Parameter "width_a" = "16"
    Info (12134): Parameter "widthad_a" = "2"
    Info (12134): Parameter "numwords_a" = "4"
    Info (12134): Parameter "width_b" = "16"
    Info (12134): Parameter "widthad_b" = "2"
    Info (12134): Parameter "numwords_b" = "4"
    Info (12134): Parameter "lpm_type" = "altsyncram"
    Info (12134): Parameter "width_byteena_a" = "1"
    Info (12134): Parameter "address_reg_b" = "CLOCK0"
    Info (12134): Parameter "indata_reg_b" = "CLOCK0"
    Info (12134): Parameter "wrcontrol_wraddress_reg_b" = "CLOCK0"
    Info (12134): Parameter "rdcontrol_reg_b" = "CLOCK0"
    Info (12134): Parameter "byteena_reg_b" = "CLOCK0"
    Info (12134): Parameter "outdata_reg_b" = "CLOCK0"
    Info (12134): Parameter "outdata_aclr_b" = "NONE"
    Info (12134): Parameter "clock_enable_input_a" = "NORMAL"
    Info (12134): Parameter "clock_enable_input_b" = "NORMAL"
    Info (12134): Parameter "clock_enable_output_b" = "NORMAL"
    Info (12134): Parameter "read_during_write_mode_mixed_ports" = "DONT_CARE"
    Info (12134): Parameter "power_up_uninitialized" = "TRUE"
    Info (12134): Parameter "intended_device_family" = "MAX 10"
Info (12021): Found 1 design units, including 1 entities, in source file db/altsyncram_6102.tdf
    Info (12023): Found entity 1: altsyncram_6102 File: F:/EM_LAB/EM_Instrument/TEMR-3S/Num01_code/Filter/altera_fir/simulation/quartus/db/altsyncram_6102.tdf Line: 27
Info (12128): Elaborating entity "altsyncram_6102" for hierarchy "decimation_filter_FilterSystem_DecimatingFIR2:theDecimatingFIR2|altsyncram:u0_m0_wo0_cm0_dmem|altsyncram_6102:auto_generated" File: d:/software/intelfpga/18.1/quartus/libraries/megafunctions/altsyncram.tdf Line: 791
Info (12128): Elaborating entity "lpm_mult" for hierarchy "decimation_filter_FilterSystem_DecimatingFIR2:theDecimatingFIR2|lpm_mult:u0_m0_wo0_mtree_mult1_3_component" File: F:/EM_LAB/EM_Instrument/TEMR-3S/Num01_code/Filter/altera_fir/simulation/quartus/rtl/decimation_filter/decimation_filter_FilterSystem_DecimatingFIR2.sv Line: 861
Info (12130): Elaborated megafunction instantiation "decimation_filter_FilterSystem_DecimatingFIR2:theDecimatingFIR2|lpm_mult:u0_m0_wo0_mtree_mult1_3_component" File: F:/EM_LAB/EM_Instrument/TEMR-3S/Num01_code/Filter/altera_fir/simulation/quartus/rtl/decimation_filter/decimation_filter_FilterSystem_DecimatingFIR2.sv Line: 861
Info (12133): Instantiated megafunction "decimation_filter_FilterSystem_DecimatingFIR2:theDecimatingFIR2|lpm_mult:u0_m0_wo0_mtree_mult1_3_component" with the following parameter: File: F:/EM_LAB/EM_Instrument/TEMR-3S/Num01_code/Filter/altera_fir/simulation/quartus/rtl/decimation_filter/decimation_filter_FilterSystem_DecimatingFIR2.sv Line: 861
    Info (12134): Parameter "lpm_widtha" = "16"
    Info (12134): Parameter "lpm_widthb" = "18"
    Info (12134): Parameter "lpm_widthp" = "34"
    Info (12134): Parameter "lpm_widths" = "1"
    Info (12134): Parameter "lpm_type" = "LPM_MULT"
    Info (12134): Parameter "lpm_representation" = "SIGNED"
    Info (12134): Parameter "lpm_hint" = "DEDICATED_MULTIPLIER_CIRCUITRY=YES, MAXIMIZE_SPEED=5"
    Info (12134): Parameter "lpm_pipeline" = "2"
Info (12021): Found 1 design units, including 1 entities, in source file db/mult_vot.tdf
    Info (12023): Found entity 1: mult_vot File: F:/EM_LAB/EM_Instrument/TEMR-3S/Num01_code/Filter/altera_fir/simulation/quartus/db/mult_vot.tdf Line: 28
Info (12128): Elaborating entity "mult_vot" for hierarchy "decimation_filter_FilterSystem_DecimatingFIR2:theDecimatingFIR2|lpm_mult:u0_m0_wo0_mtree_mult1_3_component|mult_vot:auto_generated" File: d:/software/intelfpga/18.1/quartus/libraries/megafunctions/lpm_mult.tdf Line: 376
Info (12128): Elaborating entity "decimation_filter_FilterSystem_DecimatingFIR1" for hierarchy "decimation_filter_FilterSystem_DecimatingFIR1:theDecimatingFIR1" File: F:/EM_LAB/EM_Instrument/TEMR-3S/Num01_code/Filter/altera_fir/simulation/quartus/rtl/decimation_filter/decimation_filter_FilterSystem.sv Line: 119
Info (12128): Elaborating entity "altsyncram" for hierarchy "decimation_filter_FilterSystem_DecimatingFIR1:theDecimatingFIR1|altsyncram:rm_dmem" File: F:/EM_LAB/EM_Instrument/TEMR-3S/Num01_code/Filter/altera_fir/simulation/quartus/rtl/decimation_filter/decimation_filter_FilterSystem_DecimatingFIR1.sv Line: 276
Info (12130): Elaborated megafunction instantiation "decimation_filter_FilterSystem_DecimatingFIR1:theDecimatingFIR1|altsyncram:rm_dmem" File: F:/EM_LAB/EM_Instrument/TEMR-3S/Num01_code/Filter/altera_fir/simulation/quartus/rtl/decimation_filter/decimation_filter_FilterSystem_DecimatingFIR1.sv Line: 276
Info (12133): Instantiated megafunction "decimation_filter_FilterSystem_DecimatingFIR1:theDecimatingFIR1|altsyncram:rm_dmem" with the following parameter: File: F:/EM_LAB/EM_Instrument/TEMR-3S/Num01_code/Filter/altera_fir/simulation/quartus/rtl/decimation_filter/decimation_filter_FilterSystem_DecimatingFIR1.sv Line: 276
    Info (12134): Parameter "ram_block_type" = "M9K"
    Info (12134): Parameter "operation_mode" = "SINGLE_PORT"
    Info (12134): Parameter "width_a" = "16"
    Info (12134): Parameter "widthad_a" = "3"
    Info (12134): Parameter "numwords_a" = "6"
    Info (12134): Parameter "lpm_type" = "altsyncram"
    Info (12134): Parameter "width_byteena_a" = "1"
    Info (12134): Parameter "outdata_reg_a" = "CLOCK0"
    Info (12134): Parameter "outdata_aclr_a" = "NONE"
    Info (12134): Parameter "clock_enable_input_a" = "NORMAL"
    Info (12134): Parameter "read_during_write_mode_port_a" = "NEW_DATA_NO_NBE_READ"
    Info (12134): Parameter "power_up_uninitialized" = "TRUE"
    Info (12134): Parameter "intended_device_family" = "MAX 10"
Info (12021): Found 1 design units, including 1 entities, in source file db/altsyncram_oab1.tdf
    Info (12023): Found entity 1: altsyncram_oab1 File: F:/EM_LAB/EM_Instrument/TEMR-3S/Num01_code/Filter/altera_fir/simulation/quartus/db/altsyncram_oab1.tdf Line: 27
Info (12128): Elaborating entity "altsyncram_oab1" for hierarchy "decimation_filter_FilterSystem_DecimatingFIR1:theDecimatingFIR1|altsyncram:rm_dmem|altsyncram_oab1:auto_generated" File: d:/software/intelfpga/18.1/quartus/libraries/megafunctions/altsyncram.tdf Line: 791
Info (12128): Elaborating entity "altsyncram" for hierarchy "decimation_filter_FilterSystem_DecimatingFIR1:theDecimatingFIR1|altsyncram:u0_m0_wo0_wi0_r0_memr3_dmem" File: F:/EM_LAB/EM_Instrument/TEMR-3S/Num01_code/Filter/altera_fir/simulation/quartus/rtl/decimation_filter/decimation_filter_FilterSystem_DecimatingFIR1.sv Line: 574
Info (12130): Elaborated megafunction instantiation "decimation_filter_FilterSystem_DecimatingFIR1:theDecimatingFIR1|altsyncram:u0_m0_wo0_wi0_r0_memr3_dmem" File: F:/EM_LAB/EM_Instrument/TEMR-3S/Num01_code/Filter/altera_fir/simulation/quartus/rtl/decimation_filter/decimation_filter_FilterSystem_DecimatingFIR1.sv Line: 574
Info (12133): Instantiated megafunction "decimation_filter_FilterSystem_DecimatingFIR1:theDecimatingFIR1|altsyncram:u0_m0_wo0_wi0_r0_memr3_dmem" with the following parameter: File: F:/EM_LAB/EM_Instrument/TEMR-3S/Num01_code/Filter/altera_fir/simulation/quartus/rtl/decimation_filter/decimation_filter_FilterSystem_DecimatingFIR1.sv Line: 574
    Info (12134): Parameter "ram_block_type" = "M9K"
    Info (12134): Parameter "operation_mode" = "DUAL_PORT"
    Info (12134): Parameter "width_a" = "17"
    Info (12134): Parameter "widthad_a" = "4"
    Info (12134): Parameter "numwords_a" = "12"
    Info (12134): Parameter "width_b" = "17"
    Info (12134): Parameter "widthad_b" = "4"
    Info (12134): Parameter "numwords_b" = "12"
    Info (12134): Parameter "lpm_type" = "altsyncram"
    Info (12134): Parameter "width_byteena_a" = "1"
    Info (12134): Parameter "address_reg_b" = "CLOCK0"
    Info (12134): Parameter "indata_reg_b" = "CLOCK0"
    Info (12134): Parameter "wrcontrol_wraddress_reg_b" = "CLOCK0"
    Info (12134): Parameter "rdcontrol_reg_b" = "CLOCK0"
    Info (12134): Parameter "byteena_reg_b" = "CLOCK0"
    Info (12134): Parameter "outdata_reg_b" = "CLOCK0"
    Info (12134): Parameter "outdata_aclr_b" = "NONE"
    Info (12134): Parameter "clock_enable_input_a" = "NORMAL"
    Info (12134): Parameter "clock_enable_input_b" = "NORMAL"
    Info (12134): Parameter "clock_enable_output_b" = "NORMAL"
    Info (12134): Parameter "read_during_write_mode_mixed_ports" = "DONT_CARE"
    Info (12134): Parameter "power_up_uninitialized" = "FALSE"
    Info (12134): Parameter "init_file" = "UNUSED"
    Info (12134): Parameter "intended_device_family" = "MAX 10"
Info (12021): Found 1 design units, including 1 entities, in source file db/altsyncram_l602.tdf
    Info (12023): Found entity 1: altsyncram_l602 File: F:/EM_LAB/EM_Instrument/TEMR-3S/Num01_code/Filter/altera_fir/simulation/quartus/db/altsyncram_l602.tdf Line: 27
Info (12128): Elaborating entity "altsyncram_l602" for hierarchy "decimation_filter_FilterSystem_DecimatingFIR1:theDecimatingFIR1|altsyncram:u0_m0_wo0_wi0_r0_memr3_dmem|altsyncram_l602:auto_generated" File: d:/software/intelfpga/18.1/quartus/libraries/megafunctions/altsyncram.tdf Line: 791
Info (12128): Elaborating entity "decimation_filter_FilterSystem_Scale3" for hierarchy "decimation_filter_FilterSystem_Scale3:theScale3" File: F:/EM_LAB/EM_Instrument/TEMR-3S/Num01_code/Filter/altera_fir/simulation/quartus/rtl/decimation_filter/decimation_filter_FilterSystem.sv Line: 173
Info (13000): Registers with preset signals will power-up high File: F:/EM_LAB/EM_Instrument/TEMR-3S/Num01_code/Filter/altera_fir/simulation/quartus/rtl/decimation_filter/decimation_filter_FilterSystem_DecimatingFIR2.sv Line: 1220
Info (13003): DEV_CLRn pin will set, and not reset, register with preset signal due to NOT Gate Push-Back
Info (286030): Timing-Driven Synthesis is running
Info (17049): 5 registers lost all their fanouts during netlist optimizations.
Info (144001): Generated suppressed messages file F:/EM_LAB/EM_Instrument/TEMR-3S/Num01_code/Filter/altera_fir/simulation/quartus/decimation_filter_FilterSystem.map.smsg
Info (16010): Generating hard_block partition "hard_block:auto_generated_inst"
    Info (16011): Adding 0 node(s), including 0 DDIO, 0 PLL, 0 transceiver and 0 LCELL
Info (15717): Design contains 99 virtual pins; timing numbers associated with paths containing virtual pins are estimates
    Info (15719): Pin "busOut_readdatavalid[0]" is virtual output pin File: F:/EM_LAB/EM_Instrument/TEMR-3S/Num01_code/Filter/altera_fir/simulation/quartus/rtl/decimation_filter/decimation_filter_FilterSystem.sv Line: 28
    Info (15719): Pin "busOut_readdata[0]" is virtual output pin File: F:/EM_LAB/EM_Instrument/TEMR-3S/Num01_code/Filter/altera_fir/simulation/quartus/rtl/decimation_filter/decimation_filter_FilterSystem.sv Line: 29
    Info (15719): Pin "busOut_readdata[1]" is virtual output pin File: F:/EM_LAB/EM_Instrument/TEMR-3S/Num01_code/Filter/altera_fir/simulation/quartus/rtl/decimation_filter/decimation_filter_FilterSystem.sv Line: 29
    Info (15719): Pin "busOut_readdata[2]" is virtual output pin File: F:/EM_LAB/EM_Instrument/TEMR-3S/Num01_code/Filter/altera_fir/simulation/quartus/rtl/decimation_filter/decimation_filter_FilterSystem.sv Line: 29
    Info (15719): Pin "busOut_readdata[3]" is virtual output pin File: F:/EM_LAB/EM_Instrument/TEMR-3S/Num01_code/Filter/altera_fir/simulation/quartus/rtl/decimation_filter/decimation_filter_FilterSystem.sv Line: 29
    Info (15719): Pin "busOut_readdata[4]" is virtual output pin File: F:/EM_LAB/EM_Instrument/TEMR-3S/Num01_code/Filter/altera_fir/simulation/quartus/rtl/decimation_filter/decimation_filter_FilterSystem.sv Line: 29
    Info (15719): Pin "busOut_readdata[5]" is virtual output pin File: F:/EM_LAB/EM_Instrument/TEMR-3S/Num01_code/Filter/altera_fir/simulation/quartus/rtl/decimation_filter/decimation_filter_FilterSystem.sv Line: 29
    Info (15719): Pin "busOut_readdata[6]" is virtual output pin File: F:/EM_LAB/EM_Instrument/TEMR-3S/Num01_code/Filter/altera_fir/simulation/quartus/rtl/decimation_filter/decimation_filter_FilterSystem.sv Line: 29
    Info (15719): Pin "busOut_readdata[7]" is virtual output pin File: F:/EM_LAB/EM_Instrument/TEMR-3S/Num01_code/Filter/altera_fir/simulation/quartus/rtl/decimation_filter/decimation_filter_FilterSystem.sv Line: 29
    Info (15719): Pin "busOut_readdata[8]" is virtual output pin File: F:/EM_LAB/EM_Instrument/TEMR-3S/Num01_code/Filter/altera_fir/simulation/quartus/rtl/decimation_filter/decimation_filter_FilterSystem.sv Line: 29
    Info (15719): Pin "busOut_readdata[9]" is virtual output pin File: F:/EM_LAB/EM_Instrument/TEMR-3S/Num01_code/Filter/altera_fir/simulation/quartus/rtl/decimation_filter/decimation_filter_FilterSystem.sv Line: 29
    Info (15719): Pin "busOut_readdata[10]" is virtual output pin File: F:/EM_LAB/EM_Instrument/TEMR-3S/Num01_code/Filter/altera_fir/simulation/quartus/rtl/decimation_filter/decimation_filter_FilterSystem.sv Line: 29
    Info (15719): Pin "busOut_readdata[11]" is virtual output pin File: F:/EM_LAB/EM_Instrument/TEMR-3S/Num01_code/Filter/altera_fir/simulation/quartus/rtl/decimation_filter/decimation_filter_FilterSystem.sv Line: 29
    Info (15719): Pin "busOut_readdata[12]" is virtual output pin File: F:/EM_LAB/EM_Instrument/TEMR-3S/Num01_code/Filter/altera_fir/simulation/quartus/rtl/decimation_filter/decimation_filter_FilterSystem.sv Line: 29
    Info (15719): Pin "busOut_readdata[13]" is virtual output pin File: F:/EM_LAB/EM_Instrument/TEMR-3S/Num01_code/Filter/altera_fir/simulation/quartus/rtl/decimation_filter/decimation_filter_FilterSystem.sv Line: 29
    Info (15719): Pin "busOut_readdata[14]" is virtual output pin File: F:/EM_LAB/EM_Instrument/TEMR-3S/Num01_code/Filter/altera_fir/simulation/quartus/rtl/decimation_filter/decimation_filter_FilterSystem.sv Line: 29
    Info (15719): Pin "busOut_readdata[15]" is virtual output pin File: F:/EM_LAB/EM_Instrument/TEMR-3S/Num01_code/Filter/altera_fir/simulation/quartus/rtl/decimation_filter/decimation_filter_FilterSystem.sv Line: 29
    Info (15719): Pin "busOut_waitrequest[0]" is virtual output pin File: F:/EM_LAB/EM_Instrument/TEMR-3S/Num01_code/Filter/altera_fir/simulation/quartus/rtl/decimation_filter/decimation_filter_FilterSystem.sv Line: 30
    Info (15718): Pin "ac[0]" is virtual input pin File: F:/EM_LAB/EM_Instrument/TEMR-3S/Num01_code/Filter/altera_fir/simulation/quartus/rtl/decimation_filter/decimation_filter_FilterSystem.sv Line: 33
    Info (15718): Pin "ac[1]" is virtual input pin File: F:/EM_LAB/EM_Instrument/TEMR-3S/Num01_code/Filter/altera_fir/simulation/quartus/rtl/decimation_filter/decimation_filter_FilterSystem.sv Line: 33
    Info (15718): Pin "ac[2]" is virtual input pin File: F:/EM_LAB/EM_Instrument/TEMR-3S/Num01_code/Filter/altera_fir/simulation/quartus/rtl/decimation_filter/decimation_filter_FilterSystem.sv Line: 33
    Info (15718): Pin "ac[3]" is virtual input pin File: F:/EM_LAB/EM_Instrument/TEMR-3S/Num01_code/Filter/altera_fir/simulation/quartus/rtl/decimation_filter/decimation_filter_FilterSystem.sv Line: 33
    Info (15718): Pin "ac[4]" is virtual input pin File: F:/EM_LAB/EM_Instrument/TEMR-3S/Num01_code/Filter/altera_fir/simulation/quartus/rtl/decimation_filter/decimation_filter_FilterSystem.sv Line: 33
    Info (15718): Pin "ac[5]" is virtual input pin File: F:/EM_LAB/EM_Instrument/TEMR-3S/Num01_code/Filter/altera_fir/simulation/quartus/rtl/decimation_filter/decimation_filter_FilterSystem.sv Line: 33
    Info (15718): Pin "ac[6]" is virtual input pin File: F:/EM_LAB/EM_Instrument/TEMR-3S/Num01_code/Filter/altera_fir/simulation/quartus/rtl/decimation_filter/decimation_filter_FilterSystem.sv Line: 33
    Info (15718): Pin "ac[7]" is virtual input pin File: F:/EM_LAB/EM_Instrument/TEMR-3S/Num01_code/Filter/altera_fir/simulation/quartus/rtl/decimation_filter/decimation_filter_FilterSystem.sv Line: 33
    Info (15719): Pin "q[0]" is virtual output pin File: F:/EM_LAB/EM_Instrument/TEMR-3S/Num01_code/Filter/altera_fir/simulation/quartus/rtl/decimation_filter/decimation_filter_FilterSystem.sv Line: 34
    Info (15719): Pin "q[1]" is virtual output pin File: F:/EM_LAB/EM_Instrument/TEMR-3S/Num01_code/Filter/altera_fir/simulation/quartus/rtl/decimation_filter/decimation_filter_FilterSystem.sv Line: 34
    Info (15719): Pin "q[2]" is virtual output pin File: F:/EM_LAB/EM_Instrument/TEMR-3S/Num01_code/Filter/altera_fir/simulation/quartus/rtl/decimation_filter/decimation_filter_FilterSystem.sv Line: 34
    Info (15719): Pin "q[3]" is virtual output pin File: F:/EM_LAB/EM_Instrument/TEMR-3S/Num01_code/Filter/altera_fir/simulation/quartus/rtl/decimation_filter/decimation_filter_FilterSystem.sv Line: 34
    Info (15719): Pin "q[4]" is virtual output pin File: F:/EM_LAB/EM_Instrument/TEMR-3S/Num01_code/Filter/altera_fir/simulation/quartus/rtl/decimation_filter/decimation_filter_FilterSystem.sv Line: 34
    Info (15719): Pin "q[5]" is virtual output pin File: F:/EM_LAB/EM_Instrument/TEMR-3S/Num01_code/Filter/altera_fir/simulation/quartus/rtl/decimation_filter/decimation_filter_FilterSystem.sv Line: 34
    Info (15719): Pin "q[6]" is virtual output pin File: F:/EM_LAB/EM_Instrument/TEMR-3S/Num01_code/Filter/altera_fir/simulation/quartus/rtl/decimation_filter/decimation_filter_FilterSystem.sv Line: 34
    Info (15719): Pin "q[7]" is virtual output pin File: F:/EM_LAB/EM_Instrument/TEMR-3S/Num01_code/Filter/altera_fir/simulation/quartus/rtl/decimation_filter/decimation_filter_FilterSystem.sv Line: 34
    Info (15719): Pin "q[8]" is virtual output pin File: F:/EM_LAB/EM_Instrument/TEMR-3S/Num01_code/Filter/altera_fir/simulation/quartus/rtl/decimation_filter/decimation_filter_FilterSystem.sv Line: 34
    Info (15719): Pin "q[9]" is virtual output pin File: F:/EM_LAB/EM_Instrument/TEMR-3S/Num01_code/Filter/altera_fir/simulation/quartus/rtl/decimation_filter/decimation_filter_FilterSystem.sv Line: 34
    Info (15719): Pin "q[10]" is virtual output pin File: F:/EM_LAB/EM_Instrument/TEMR-3S/Num01_code/Filter/altera_fir/simulation/quartus/rtl/decimation_filter/decimation_filter_FilterSystem.sv Line: 34
    Info (15719): Pin "q[11]" is virtual output pin File: F:/EM_LAB/EM_Instrument/TEMR-3S/Num01_code/Filter/altera_fir/simulation/quartus/rtl/decimation_filter/decimation_filter_FilterSystem.sv Line: 34
    Info (15719): Pin "q[12]" is virtual output pin File: F:/EM_LAB/EM_Instrument/TEMR-3S/Num01_code/Filter/altera_fir/simulation/quartus/rtl/decimation_filter/decimation_filter_FilterSystem.sv Line: 34
    Info (15719): Pin "q[13]" is virtual output pin File: F:/EM_LAB/EM_Instrument/TEMR-3S/Num01_code/Filter/altera_fir/simulation/quartus/rtl/decimation_filter/decimation_filter_FilterSystem.sv Line: 34
    Info (15719): Pin "q[14]" is virtual output pin File: F:/EM_LAB/EM_Instrument/TEMR-3S/Num01_code/Filter/altera_fir/simulation/quartus/rtl/decimation_filter/decimation_filter_FilterSystem.sv Line: 34
    Info (15719): Pin "q[15]" is virtual output pin File: F:/EM_LAB/EM_Instrument/TEMR-3S/Num01_code/Filter/altera_fir/simulation/quartus/rtl/decimation_filter/decimation_filter_FilterSystem.sv Line: 34
    Info (15719): Pin "q[16]" is virtual output pin File: F:/EM_LAB/EM_Instrument/TEMR-3S/Num01_code/Filter/altera_fir/simulation/quartus/rtl/decimation_filter/decimation_filter_FilterSystem.sv Line: 34
    Info (15719): Pin "qv[0]" is virtual output pin File: F:/EM_LAB/EM_Instrument/TEMR-3S/Num01_code/Filter/altera_fir/simulation/quartus/rtl/decimation_filter/decimation_filter_FilterSystem.sv Line: 35
    Info (15719): Pin "qc[0]" is virtual output pin File: F:/EM_LAB/EM_Instrument/TEMR-3S/Num01_code/Filter/altera_fir/simulation/quartus/rtl/decimation_filter/decimation_filter_FilterSystem.sv Line: 36
    Info (15719): Pin "qc[1]" is virtual output pin File: F:/EM_LAB/EM_Instrument/TEMR-3S/Num01_code/Filter/altera_fir/simulation/quartus/rtl/decimation_filter/decimation_filter_FilterSystem.sv Line: 36
    Info (15719): Pin "qc[2]" is virtual output pin File: F:/EM_LAB/EM_Instrument/TEMR-3S/Num01_code/Filter/altera_fir/simulation/quartus/rtl/decimation_filter/decimation_filter_FilterSystem.sv Line: 36
    Info (15719): Pin "qc[3]" is virtual output pin File: F:/EM_LAB/EM_Instrument/TEMR-3S/Num01_code/Filter/altera_fir/simulation/quartus/rtl/decimation_filter/decimation_filter_FilterSystem.sv Line: 36
    Info (15719): Pin "qc[4]" is virtual output pin File: F:/EM_LAB/EM_Instrument/TEMR-3S/Num01_code/Filter/altera_fir/simulation/quartus/rtl/decimation_filter/decimation_filter_FilterSystem.sv Line: 36
    Info (15719): Pin "qc[5]" is virtual output pin File: F:/EM_LAB/EM_Instrument/TEMR-3S/Num01_code/Filter/altera_fir/simulation/quartus/rtl/decimation_filter/decimation_filter_FilterSystem.sv Line: 36
    Info (15719): Pin "qc[6]" is virtual output pin File: F:/EM_LAB/EM_Instrument/TEMR-3S/Num01_code/Filter/altera_fir/simulation/quartus/rtl/decimation_filter/decimation_filter_FilterSystem.sv Line: 36
    Info (15719): Pin "qc[7]" is virtual output pin File: F:/EM_LAB/EM_Instrument/TEMR-3S/Num01_code/Filter/altera_fir/simulation/quartus/rtl/decimation_filter/decimation_filter_FilterSystem.sv Line: 36
    Info (15718): Pin "busIn_write[0]" is virtual input pin File: F:/EM_LAB/EM_Instrument/TEMR-3S/Num01_code/Filter/altera_fir/simulation/quartus/rtl/decimation_filter/decimation_filter_FilterSystem.sv Line: 26
    Info (15718): Pin "busIn_address[2]" is virtual input pin File: F:/EM_LAB/EM_Instrument/TEMR-3S/Num01_code/Filter/altera_fir/simulation/quartus/rtl/decimation_filter/decimation_filter_FilterSystem.sv Line: 25
    Info (15718): Pin "busIn_address[5]" is virtual input pin File: F:/EM_LAB/EM_Instrument/TEMR-3S/Num01_code/Filter/altera_fir/simulation/quartus/rtl/decimation_filter/decimation_filter_FilterSystem.sv Line: 25
    Info (15718): Pin "busIn_address[6]" is virtual input pin File: F:/EM_LAB/EM_Instrument/TEMR-3S/Num01_code/Filter/altera_fir/simulation/quartus/rtl/decimation_filter/decimation_filter_FilterSystem.sv Line: 25
    Info (15718): Pin "busIn_address[7]" is virtual input pin File: F:/EM_LAB/EM_Instrument/TEMR-3S/Num01_code/Filter/altera_fir/simulation/quartus/rtl/decimation_filter/decimation_filter_FilterSystem.sv Line: 25
    Info (15718): Pin "busIn_address[8]" is virtual input pin File: F:/EM_LAB/EM_Instrument/TEMR-3S/Num01_code/Filter/altera_fir/simulation/quartus/rtl/decimation_filter/decimation_filter_FilterSystem.sv Line: 25
    Info (15718): Pin "busIn_address[9]" is virtual input pin File: F:/EM_LAB/EM_Instrument/TEMR-3S/Num01_code/Filter/altera_fir/simulation/quartus/rtl/decimation_filter/decimation_filter_FilterSystem.sv Line: 25
    Info (15718): Pin "busIn_address[10]" is virtual input pin File: F:/EM_LAB/EM_Instrument/TEMR-3S/Num01_code/Filter/altera_fir/simulation/quartus/rtl/decimation_filter/decimation_filter_FilterSystem.sv Line: 25
    Info (15718): Pin "busIn_address[0]" is virtual input pin File: F:/EM_LAB/EM_Instrument/TEMR-3S/Num01_code/Filter/altera_fir/simulation/quartus/rtl/decimation_filter/decimation_filter_FilterSystem.sv Line: 25
    Info (15718): Pin "busIn_address[4]" is virtual input pin File: F:/EM_LAB/EM_Instrument/TEMR-3S/Num01_code/Filter/altera_fir/simulation/quartus/rtl/decimation_filter/decimation_filter_FilterSystem.sv Line: 25
    Info (15718): Pin "busIn_address[3]" is virtual input pin File: F:/EM_LAB/EM_Instrument/TEMR-3S/Num01_code/Filter/altera_fir/simulation/quartus/rtl/decimation_filter/decimation_filter_FilterSystem.sv Line: 25
    Info (15718): Pin "busIn_address[1]" is virtual input pin File: F:/EM_LAB/EM_Instrument/TEMR-3S/Num01_code/Filter/altera_fir/simulation/quartus/rtl/decimation_filter/decimation_filter_FilterSystem.sv Line: 25
    Info (15718): Pin "busIn_writedata[0]" is virtual input pin File: F:/EM_LAB/EM_Instrument/TEMR-3S/Num01_code/Filter/altera_fir/simulation/quartus/rtl/decimation_filter/decimation_filter_FilterSystem.sv Line: 24
    Info (15718): Pin "busIn_writedata[1]" is virtual input pin File: F:/EM_LAB/EM_Instrument/TEMR-3S/Num01_code/Filter/altera_fir/simulation/quartus/rtl/decimation_filter/decimation_filter_FilterSystem.sv Line: 24
    Info (15718): Pin "busIn_writedata[2]" is virtual input pin File: F:/EM_LAB/EM_Instrument/TEMR-3S/Num01_code/Filter/altera_fir/simulation/quartus/rtl/decimation_filter/decimation_filter_FilterSystem.sv Line: 24
    Info (15718): Pin "busIn_writedata[3]" is virtual input pin File: F:/EM_LAB/EM_Instrument/TEMR-3S/Num01_code/Filter/altera_fir/simulation/quartus/rtl/decimation_filter/decimation_filter_FilterSystem.sv Line: 24
    Info (15718): Pin "busIn_writedata[4]" is virtual input pin File: F:/EM_LAB/EM_Instrument/TEMR-3S/Num01_code/Filter/altera_fir/simulation/quartus/rtl/decimation_filter/decimation_filter_FilterSystem.sv Line: 24
    Info (15718): Pin "busIn_writedata[5]" is virtual input pin File: F:/EM_LAB/EM_Instrument/TEMR-3S/Num01_code/Filter/altera_fir/simulation/quartus/rtl/decimation_filter/decimation_filter_FilterSystem.sv Line: 24
    Info (15718): Pin "busIn_writedata[6]" is virtual input pin File: F:/EM_LAB/EM_Instrument/TEMR-3S/Num01_code/Filter/altera_fir/simulation/quartus/rtl/decimation_filter/decimation_filter_FilterSystem.sv Line: 24
    Info (15718): Pin "busIn_writedata[7]" is virtual input pin File: F:/EM_LAB/EM_Instrument/TEMR-3S/Num01_code/Filter/altera_fir/simulation/quartus/rtl/decimation_filter/decimation_filter_FilterSystem.sv Line: 24
    Info (15718): Pin "busIn_writedata[8]" is virtual input pin File: F:/EM_LAB/EM_Instrument/TEMR-3S/Num01_code/Filter/altera_fir/simulation/quartus/rtl/decimation_filter/decimation_filter_FilterSystem.sv Line: 24
    Info (15718): Pin "busIn_writedata[9]" is virtual input pin File: F:/EM_LAB/EM_Instrument/TEMR-3S/Num01_code/Filter/altera_fir/simulation/quartus/rtl/decimation_filter/decimation_filter_FilterSystem.sv Line: 24
    Info (15718): Pin "busIn_writedata[10]" is virtual input pin File: F:/EM_LAB/EM_Instrument/TEMR-3S/Num01_code/Filter/altera_fir/simulation/quartus/rtl/decimation_filter/decimation_filter_FilterSystem.sv Line: 24
    Info (15718): Pin "busIn_writedata[11]" is virtual input pin File: F:/EM_LAB/EM_Instrument/TEMR-3S/Num01_code/Filter/altera_fir/simulation/quartus/rtl/decimation_filter/decimation_filter_FilterSystem.sv Line: 24
    Info (15718): Pin "busIn_writedata[12]" is virtual input pin File: F:/EM_LAB/EM_Instrument/TEMR-3S/Num01_code/Filter/altera_fir/simulation/quartus/rtl/decimation_filter/decimation_filter_FilterSystem.sv Line: 24
    Info (15718): Pin "busIn_writedata[13]" is virtual input pin File: F:/EM_LAB/EM_Instrument/TEMR-3S/Num01_code/Filter/altera_fir/simulation/quartus/rtl/decimation_filter/decimation_filter_FilterSystem.sv Line: 24
    Info (15718): Pin "busIn_writedata[14]" is virtual input pin File: F:/EM_LAB/EM_Instrument/TEMR-3S/Num01_code/Filter/altera_fir/simulation/quartus/rtl/decimation_filter/decimation_filter_FilterSystem.sv Line: 24
    Info (15718): Pin "busIn_writedata[15]" is virtual input pin File: F:/EM_LAB/EM_Instrument/TEMR-3S/Num01_code/Filter/altera_fir/simulation/quartus/rtl/decimation_filter/decimation_filter_FilterSystem.sv Line: 24
    Info (15718): Pin "busIn_read[0]" is virtual input pin File: F:/EM_LAB/EM_Instrument/TEMR-3S/Num01_code/Filter/altera_fir/simulation/quartus/rtl/decimation_filter/decimation_filter_FilterSystem.sv Line: 27
    Info (15718): Pin "av[0]" is virtual input pin File: F:/EM_LAB/EM_Instrument/TEMR-3S/Num01_code/Filter/altera_fir/simulation/quartus/rtl/decimation_filter/decimation_filter_FilterSystem.sv Line: 32
    Info (15718): Pin "a[0]" is virtual input pin File: F:/EM_LAB/EM_Instrument/TEMR-3S/Num01_code/Filter/altera_fir/simulation/quartus/rtl/decimation_filter/decimation_filter_FilterSystem.sv Line: 31
    Info (15718): Pin "a[1]" is virtual input pin File: F:/EM_LAB/EM_Instrument/TEMR-3S/Num01_code/Filter/altera_fir/simulation/quartus/rtl/decimation_filter/decimation_filter_FilterSystem.sv Line: 31
    Info (15718): Pin "a[2]" is virtual input pin File: F:/EM_LAB/EM_Instrument/TEMR-3S/Num01_code/Filter/altera_fir/simulation/quartus/rtl/decimation_filter/decimation_filter_FilterSystem.sv Line: 31
    Info (15718): Pin "a[3]" is virtual input pin File: F:/EM_LAB/EM_Instrument/TEMR-3S/Num01_code/Filter/altera_fir/simulation/quartus/rtl/decimation_filter/decimation_filter_FilterSystem.sv Line: 31
    Info (15718): Pin "a[4]" is virtual input pin File: F:/EM_LAB/EM_Instrument/TEMR-3S/Num01_code/Filter/altera_fir/simulation/quartus/rtl/decimation_filter/decimation_filter_FilterSystem.sv Line: 31
    Info (15718): Pin "a[5]" is virtual input pin File: F:/EM_LAB/EM_Instrument/TEMR-3S/Num01_code/Filter/altera_fir/simulation/quartus/rtl/decimation_filter/decimation_filter_FilterSystem.sv Line: 31
    Info (15718): Pin "a[6]" is virtual input pin File: F:/EM_LAB/EM_Instrument/TEMR-3S/Num01_code/Filter/altera_fir/simulation/quartus/rtl/decimation_filter/decimation_filter_FilterSystem.sv Line: 31
    Info (15718): Pin "a[7]" is virtual input pin File: F:/EM_LAB/EM_Instrument/TEMR-3S/Num01_code/Filter/altera_fir/simulation/quartus/rtl/decimation_filter/decimation_filter_FilterSystem.sv Line: 31
    Info (15718): Pin "a[8]" is virtual input pin File: F:/EM_LAB/EM_Instrument/TEMR-3S/Num01_code/Filter/altera_fir/simulation/quartus/rtl/decimation_filter/decimation_filter_FilterSystem.sv Line: 31
    Info (15718): Pin "a[9]" is virtual input pin File: F:/EM_LAB/EM_Instrument/TEMR-3S/Num01_code/Filter/altera_fir/simulation/quartus/rtl/decimation_filter/decimation_filter_FilterSystem.sv Line: 31
    Info (15718): Pin "a[10]" is virtual input pin File: F:/EM_LAB/EM_Instrument/TEMR-3S/Num01_code/Filter/altera_fir/simulation/quartus/rtl/decimation_filter/decimation_filter_FilterSystem.sv Line: 31
    Info (15718): Pin "a[11]" is virtual input pin File: F:/EM_LAB/EM_Instrument/TEMR-3S/Num01_code/Filter/altera_fir/simulation/quartus/rtl/decimation_filter/decimation_filter_FilterSystem.sv Line: 31
    Info (15718): Pin "a[12]" is virtual input pin File: F:/EM_LAB/EM_Instrument/TEMR-3S/Num01_code/Filter/altera_fir/simulation/quartus/rtl/decimation_filter/decimation_filter_FilterSystem.sv Line: 31
    Info (15718): Pin "a[13]" is virtual input pin File: F:/EM_LAB/EM_Instrument/TEMR-3S/Num01_code/Filter/altera_fir/simulation/quartus/rtl/decimation_filter/decimation_filter_FilterSystem.sv Line: 31
    Info (15718): Pin "a[14]" is virtual input pin File: F:/EM_LAB/EM_Instrument/TEMR-3S/Num01_code/Filter/altera_fir/simulation/quartus/rtl/decimation_filter/decimation_filter_FilterSystem.sv Line: 31
    Info (15718): Pin "a[15]" is virtual input pin File: F:/EM_LAB/EM_Instrument/TEMR-3S/Num01_code/Filter/altera_fir/simulation/quartus/rtl/decimation_filter/decimation_filter_FilterSystem.sv Line: 31
    Info (15718): Pin "a[16]" is virtual input pin File: F:/EM_LAB/EM_Instrument/TEMR-3S/Num01_code/Filter/altera_fir/simulation/quartus/rtl/decimation_filter/decimation_filter_FilterSystem.sv Line: 31
Info (21057): Implemented 1597 device resources after synthesis - the final resource count might be different
    Info (21058): Implemented 3 input pins
    Info (21059): Implemented 0 output pins
    Info (21061): Implemented 1352 logic cells
    Info (21064): Implemented 230 RAM segments
    Info (21062): Implemented 12 DSP elements
Info: Quartus Prime Analysis & Synthesis was successful. 0 errors, 3 warnings
    Info: Peak virtual memory: 4834 megabytes
    Info: Processing ended: Sun Feb 23 15:22:48 2025
    Info: Elapsed time: 00:00:15
    Info: Total CPU time (on all processors): 00:00:09


+------------------------------------------+
; Analysis & Synthesis Suppressed Messages ;
+------------------------------------------+
The suppressed messages can be found in F:/EM_LAB/EM_Instrument/TEMR-3S/Num01_code/Filter/altera_fir/simulation/quartus/decimation_filter_FilterSystem.map.smsg.


