Fitter report for decimation_filter_FilterSystem
Sat Feb 22 21:21:56 2025
Quartus Prime Version 18.1.0 Build 625 09/12/2018 SJ Standard Edition


---------------------
; Table of Contents ;
---------------------
  1. Legal Notice
  2. Fitter Summary
  3. Fitter Settings
  4. Parallel Compilation
  5. Incremental Compilation Preservation Summary
  6. Incremental Compilation Partition Settings
  7. Incremental Compilation Placement Preservation
  8. Pin-Out File
  9. Fitter Resource Usage Summary
 10. Fitter Partition Statistics
 11. Input Pins
 12. Dual Purpose and Dedicated Pins
 13. I/O Bank Usage
 14. All Package Pins
 15. I/O Assignment Warnings
 16. Fitter Resource Utilization by Entity
 17. Delay Chain Summary
 18. Pad To Core Delay Chain Fanout
 19. Control Signals
 20. Global & Other Fast Signals
 21. Fitter RAM Summary
 22. Fitter DSP Block Usage Summary
 23. DSP Block Details
 24. Routing Usage Summary
 25. LAB Logic Elements
 26. LAB-wide Signals
 27. LAB Signals Sourced
 28. LAB Signals Sourced Out
 29. LAB Distinct Inputs
 30. I/O Rules Summary
 31. I/O Rules Details
 32. I/O Rules Matrix
 33. Fitter Device Options
 34. Operating Settings and Conditions
 35. Estimated Delay Added for Hold Timing Summary
 36. Estimated Delay Added for Hold Timing Details
 37. Fitter Messages
 38. Fitter Suppressed Messages



----------------
; Legal Notice ;
----------------
Copyright (C) 2018  Intel Corporation. All rights reserved.
Your use of Intel Corporation's design tools, logic functions 
and other software and tools, and its AMPP partner logic 
functions, and any output files from any of the foregoing 
(including device programming or simulation files), and any 
associated documentation or information are expressly subject 
to the terms and conditions of the Intel Program License 
Subscription Agreement, the Intel Quartus Prime License Agreement,
the Intel FPGA IP License Agreement, or other applicable license
agreement, including, without limitation, that your use is for
the sole purpose of programming logic devices manufactured by
Intel and sold by Intel or its authorized distributors.  Please
refer to the applicable agreement for further details.



+--------------------------------------------------------------------------------------+
; Fitter Summary                                                                       ;
+------------------------------------+-------------------------------------------------+
; Fitter Status                      ; Successful - Sat Feb 22 21:21:56 2025           ;
; Quartus Prime Version              ; 18.1.0 Build 625 09/12/2018 SJ Standard Edition ;
; Revision Name                      ; decimation_filter_FilterSystem                  ;
; Top-level Entity Name              ; decimation_filter_FilterSystem                  ;
; Family                             ; MAX 10                                          ;
; Device                             ; 10M40DCF256A7G                                  ;
; Timing Models                      ; Final                                           ;
; Total logic elements               ; 1,254 / 40,368 ( 3 % )                          ;
;     Total combinational functions  ; 710 / 40,368 ( 2 % )                            ;
;     Dedicated logic registers      ; 1,084 / 40,368 ( 3 % )                          ;
; Total registers                    ; 1084                                            ;
; Total pins                         ; 3 / 178 ( 2 % )                                 ;
; Total virtual pins                 ; 99                                              ;
; Total memory bits                  ; 1,792 / 1,290,240 ( < 1 % )                     ;
; Embedded Multiplier 9-bit elements ; 12 / 250 ( 5 % )                                ;
; Total PLLs                         ; 0 / 4 ( 0 % )                                   ;
; UFM blocks                         ; 0 / 1 ( 0 % )                                   ;
; ADC blocks                         ; 0                                               ;
+------------------------------------+-------------------------------------------------+


+----------------------------------------------------------------------------------------------------------------------------------------------------+
; Fitter Settings                                                                                                                                    ;
+--------------------------------------------------------------------+---------------------------------------+---------------------------------------+
; Option                                                             ; Setting                               ; Default Value                         ;
+--------------------------------------------------------------------+---------------------------------------+---------------------------------------+
; Device                                                             ; 10M40DCF256A7G                        ;                                       ;
; Minimum Core Junction Temperature                                  ; -40                                   ;                                       ;
; Maximum Core Junction Temperature                                  ; 125                                   ;                                       ;
; Fit Attempts to Skip                                               ; 0                                     ; 0.0                                   ;
; Use smart compilation                                              ; Off                                   ; Off                                   ;
; Enable parallel Assembler and Timing Analyzer during compilation   ; On                                    ; On                                    ;
; Enable compact report table                                        ; Off                                   ; Off                                   ;
; Auto Merge PLLs                                                    ; On                                    ; On                                    ;
; Router Timing Optimization Level                                   ; Normal                                ; Normal                                ;
; Perform Clocking Topology Analysis During Routing                  ; Off                                   ; Off                                   ;
; Placement Effort Multiplier                                        ; 1.0                                   ; 1.0                                   ;
; Router Effort Multiplier                                           ; 1.0                                   ; 1.0                                   ;
; Optimize Hold Timing                                               ; All Paths                             ; All Paths                             ;
; Optimize Multi-Corner Timing                                       ; On                                    ; On                                    ;
; Power Optimization During Fitting                                  ; Normal compilation                    ; Normal compilation                    ;
; SSN Optimization                                                   ; Off                                   ; Off                                   ;
; Optimize Timing                                                    ; Normal compilation                    ; Normal compilation                    ;
; Optimize Timing for ECOs                                           ; Off                                   ; Off                                   ;
; Regenerate Full Fit Report During ECO Compiles                     ; Off                                   ; Off                                   ;
; Optimize IOC Register Placement for Timing                         ; Normal                                ; Normal                                ;
; Final Placement Optimizations                                      ; Automatically                         ; Automatically                         ;
; Fitter Initial Placement Seed                                      ; 1                                     ; 1                                     ;
; Periphery to Core Placement and Routing Optimization               ; Off                                   ; Off                                   ;
; PCI I/O                                                            ; Off                                   ; Off                                   ;
; Weak Pull-Up Resistor                                              ; Off                                   ; Off                                   ;
; Enable Bus-Hold Circuitry                                          ; Off                                   ; Off                                   ;
; Auto Packed Registers                                              ; Auto                                  ; Auto                                  ;
; Auto Delay Chains                                                  ; On                                    ; On                                    ;
; Auto Delay Chains for High Fanout Input Pins                       ; Off                                   ; Off                                   ;
; Allow Single-ended Buffer for Differential-XSTL Input              ; Off                                   ; Off                                   ;
; Treat Bidirectional Pin as Output Pin                              ; Off                                   ; Off                                   ;
; Perform Physical Synthesis for Combinational Logic for Fitting     ; Off                                   ; Off                                   ;
; Perform Physical Synthesis for Combinational Logic for Performance ; Off                                   ; Off                                   ;
; Perform Register Duplication for Performance                       ; Off                                   ; Off                                   ;
; Perform Logic to Memory Mapping for Fitting                        ; Off                                   ; Off                                   ;
; Perform Register Retiming for Performance                          ; Off                                   ; Off                                   ;
; Perform Asynchronous Signal Pipelining                             ; Off                                   ; Off                                   ;
; Fitter Effort                                                      ; Auto Fit                              ; Auto Fit                              ;
; Physical Synthesis Effort Level                                    ; Normal                                ; Normal                                ;
; Logic Cell Insertion - Logic Duplication                           ; Auto                                  ; Auto                                  ;
; Auto Register Duplication                                          ; Auto                                  ; Auto                                  ;
; Auto Global Clock                                                  ; On                                    ; On                                    ;
; Auto Global Register Control Signals                               ; On                                    ; On                                    ;
; Reserve all unused pins                                            ; As input tri-stated with weak pull-up ; As input tri-stated with weak pull-up ;
; Synchronizer Identification                                        ; Auto                                  ; Auto                                  ;
; Enable Beneficial Skew Optimization                                ; On                                    ; On                                    ;
; Optimize Design for Metastability                                  ; On                                    ; On                                    ;
; Force Fitter to Avoid Periphery Placement Warnings                 ; Off                                   ; Off                                   ;
; Enable input tri-state on active configuration pins in user mode   ; Off                                   ; Off                                   ;
+--------------------------------------------------------------------+---------------------------------------+---------------------------------------+


+------------------------------------------+
; Parallel Compilation                     ;
+----------------------------+-------------+
; Processors                 ; Number      ;
+----------------------------+-------------+
; Number detected on machine ; 20          ;
; Maximum allowed            ; 14          ;
;                            ;             ;
; Average used               ; 1.40        ;
; Maximum used               ; 14          ;
;                            ;             ;
; Usage by Processor         ; % Time Used ;
;     Processor 1            ; 100.0%      ;
;     Processor 2            ;   3.3%      ;
;     Processor 3            ;   3.2%      ;
;     Processor 4            ;   3.1%      ;
;     Processor 5            ;   3.1%      ;
;     Processor 6            ;   3.0%      ;
;     Processor 7            ;   3.0%      ;
;     Processor 8            ;   3.0%      ;
;     Processors 9-14        ;   3.0%      ;
+----------------------------+-------------+


+---------------------------------------------------------------------------------------------------+
; Incremental Compilation Preservation Summary                                                      ;
+---------------------+---------------------+----------------------------+--------------------------+
; Type                ; Total [A + B]       ; From Design Partitions [A] ; From Rapid Recompile [B] ;
+---------------------+---------------------+----------------------------+--------------------------+
; Placement (by node) ;                     ;                            ;                          ;
;     -- Requested    ; 0.00 % ( 0 / 2163 ) ; 0.00 % ( 0 / 2163 )        ; 0.00 % ( 0 / 2163 )      ;
;     -- Achieved     ; 0.00 % ( 0 / 2163 ) ; 0.00 % ( 0 / 2163 )        ; 0.00 % ( 0 / 2163 )      ;
;                     ;                     ;                            ;                          ;
; Routing (by net)    ;                     ;                            ;                          ;
;     -- Requested    ; 0.00 % ( 0 / 0 )    ; 0.00 % ( 0 / 0 )           ; 0.00 % ( 0 / 0 )         ;
;     -- Achieved     ; 0.00 % ( 0 / 0 )    ; 0.00 % ( 0 / 0 )           ; 0.00 % ( 0 / 0 )         ;
+---------------------+---------------------+----------------------------+--------------------------+


+----------------------------------------------------------------------------------------------------------------------------------------------------------------------------------------+
; Incremental Compilation Partition Settings                                                                                                                                             ;
+--------------------------------+----------------+-------------------+-------------------------+------------------------+------------------------------+--------------------------------+
; Partition Name                 ; Partition Type ; Netlist Type Used ; Preservation Level Used ; Netlist Type Requested ; Preservation Level Requested ; Contents                       ;
+--------------------------------+----------------+-------------------+-------------------------+------------------------+------------------------------+--------------------------------+
; Top                            ; User-created   ; Source File       ; N/A                     ; Source File            ; N/A                          ;                                ;
; hard_block:auto_generated_inst ; Auto-generated ; Source File       ; N/A                     ; Source File            ; N/A                          ; hard_block:auto_generated_inst ;
+--------------------------------+----------------+-------------------+-------------------------+------------------------+------------------------------+--------------------------------+


+------------------------------------------------------------------------------------------------------------------------------------+
; Incremental Compilation Placement Preservation                                                                                     ;
+--------------------------------+-----------------------+-------------------------+-------------------+---------------------+-------+
; Partition Name                 ; Preservation Achieved ; Preservation Level Used ; Netlist Type Used ; Preservation Method ; Notes ;
+--------------------------------+-----------------------+-------------------------+-------------------+---------------------+-------+
; Top                            ; 0.00 % ( 0 / 2147 )   ; N/A                     ; Source File       ; N/A                 ;       ;
; hard_block:auto_generated_inst ; 0.00 % ( 0 / 16 )     ; N/A                     ; Source File       ; N/A                 ;       ;
+--------------------------------+-----------------------+-------------------------+-------------------+---------------------+-------+


+--------------+
; Pin-Out File ;
+--------------+
The pin-out file can be found in G:/EM_LAB/EM_Instrument/TEMR-3S/Num01_code/Filter/altera_fir/decimation_filter_FilterSystem.pin.


+----------------------------------------------------------------------------+
; Fitter Resource Usage Summary                                              ;
+---------------------------------------------+------------------------------+
; Resource                                    ; Usage                        ;
+---------------------------------------------+------------------------------+
; Total logic elements                        ; 1,254 / 40,368 ( 3 % )       ;
;     -- Combinational with no register       ; 170                          ;
;     -- Register only                        ; 544                          ;
;     -- Combinational with a register        ; 540                          ;
;                                             ;                              ;
; Logic element usage by number of LUT inputs ;                              ;
;     -- 4 input functions                    ; 88                           ;
;     -- 3 input functions                    ; 411                          ;
;     -- <=2 input functions                  ; 211                          ;
;     -- Register only                        ; 544                          ;
;                                             ;                              ;
; Logic elements by mode                      ;                              ;
;     -- normal mode                          ; 267                          ;
;     -- arithmetic mode                      ; 443                          ;
;                                             ;                              ;
; Total registers*                            ; 1,084 / 41,207 ( 3 % )       ;
;     -- Dedicated logic registers            ; 1,084 / 40,368 ( 3 % )       ;
;     -- I/O registers                        ; 0 / 839 ( 0 % )              ;
;                                             ;                              ;
; Total LABs:  partially or completely used   ; 128 / 2,523 ( 5 % )          ;
; Virtual pins                                ; 99                           ;
; I/O pins                                    ; 3 / 178 ( 2 % )              ;
;     -- Clock pins                           ; 2 / 8 ( 25 % )               ;
;     -- Dedicated input pins                 ; 1 / 1 ( 100 % )              ;
;                                             ;                              ;
; M9Ks                                        ; 14 / 140 ( 10 % )            ;
; UFM blocks                                  ; 0 / 1 ( 0 % )                ;
; Total block memory bits                     ; 1,792 / 1,290,240 ( < 1 % )  ;
; Total block memory implementation bits      ; 129,024 / 1,290,240 ( 10 % ) ;
; Embedded Multiplier 9-bit elements          ; 12 / 250 ( 5 % )             ;
; PLLs                                        ; 0 / 4 ( 0 % )                ;
; Global signals                              ; 3                            ;
;     -- Global clocks                        ; 3 / 20 ( 15 % )              ;
; JTAGs                                       ; 0 / 1 ( 0 % )                ;
; CRC blocks                                  ; 0 / 1 ( 0 % )                ;
; Remote update blocks                        ; 0 / 1 ( 0 % )                ;
; Oscillator blocks                           ; 0 / 1 ( 0 % )                ;
; Impedance control blocks                    ; 0 / 1 ( 0 % )                ;
; Average interconnect usage (total/H/V)      ; 0.7% / 0.7% / 0.7%           ;
; Peak interconnect usage (total/H/V)         ; 16.7% / 16.1% / 17.5%        ;
; Maximum fan-out                             ; 1122                         ;
; Highest non-global fan-out                  ; 415                          ;
; Total fan-out                               ; 6871                         ;
; Average fan-out                             ; 2.97                         ;
+---------------------------------------------+------------------------------+
*  Register count does not include registers inside RAM blocks or DSP blocks.



+-----------------------------------------------------------------------------------------------------+
; Fitter Partition Statistics                                                                         ;
+---------------------------------------------+----------------------+--------------------------------+
; Statistic                                   ; Top                  ; hard_block:auto_generated_inst ;
+---------------------------------------------+----------------------+--------------------------------+
; Difficulty Clustering Region                ; Low                  ; Low                            ;
;                                             ;                      ;                                ;
; Total logic elements                        ; 1254 / 40368 ( 3 % ) ; 0 / 40368 ( 0 % )              ;
;     -- Combinational with no register       ; 170                  ; 0                              ;
;     -- Register only                        ; 544                  ; 0                              ;
;     -- Combinational with a register        ; 540                  ; 0                              ;
;                                             ;                      ;                                ;
; Logic element usage by number of LUT inputs ;                      ;                                ;
;     -- 4 input functions                    ; 88                   ; 0                              ;
;     -- 3 input functions                    ; 411                  ; 0                              ;
;     -- <=2 input functions                  ; 211                  ; 0                              ;
;     -- Register only                        ; 544                  ; 0                              ;
;                                             ;                      ;                                ;
; Logic elements by mode                      ;                      ;                                ;
;     -- normal mode                          ; 267                  ; 0                              ;
;     -- arithmetic mode                      ; 443                  ; 0                              ;
;                                             ;                      ;                                ;
; Total registers                             ; 1084                 ; 0                              ;
;     -- Dedicated logic registers            ; 1084 / 40368 ( 3 % ) ; 0 / 40368 ( 0 % )              ;
;     -- I/O registers                        ; 0                    ; 0                              ;
;                                             ;                      ;                                ;
; Total LABs:  partially or completely used   ; 97 / 2523 ( 4 % )    ; 0 / 2523 ( 0 % )               ;
;                                             ;                      ;                                ;
; Virtual pins                                ; 99                   ; 0                              ;
; I/O pins                                    ; 3                    ; 0                              ;
; Embedded Multiplier 9-bit elements          ; 12 / 250 ( 5 % )     ; 0 / 250 ( 0 % )                ;
; Total memory bits                           ; 1792                 ; 0                              ;
; Total RAM block bits                        ; 129024               ; 0                              ;
; M9K                                         ; 14 / 140 ( 10 % )    ; 0 / 140 ( 0 % )                ;
; Clock control block                         ; 3 / 24 ( 12 % )      ; 0 / 24 ( 0 % )                 ;
; User Flash Memory                           ; 1 / 1 ( 100 % )      ; 0 / 1 ( 0 % )                  ;
; Analog-to-Digital Converter                 ; 2 / 2 ( 100 % )      ; 0 / 2 ( 0 % )                  ;
;                                             ;                      ;                                ;
; Connections                                 ;                      ;                                ;
;     -- Input Connections                    ; 0                    ; 0                              ;
;     -- Registered Input Connections         ; 0                    ; 0                              ;
;     -- Output Connections                   ; 0                    ; 0                              ;
;     -- Registered Output Connections        ; 0                    ; 0                              ;
;                                             ;                      ;                                ;
; Internal Connections                        ;                      ;                                ;
;     -- Total Connections                    ; 7217                 ; 8                              ;
;     -- Registered Connections               ; 2997                 ; 0                              ;
;                                             ;                      ;                                ;
; External Connections                        ;                      ;                                ;
;     -- Top                                  ; 0                    ; 0                              ;
;     -- hard_block:auto_generated_inst       ; 0                    ; 0                              ;
;                                             ;                      ;                                ;
; Partition Interface                         ;                      ;                                ;
;     -- Input Ports                          ; 58                   ; 0                              ;
;     -- Output Ports                         ; 44                   ; 0                              ;
;     -- Bidir Ports                          ; 0                    ; 0                              ;
;                                             ;                      ;                                ;
; Registered Ports                            ;                      ;                                ;
;     -- Registered Input Ports               ; 0                    ; 0                              ;
;     -- Registered Output Ports              ; 0                    ; 0                              ;
;                                             ;                      ;                                ;
; Port Connectivity                           ;                      ;                                ;
;     -- Input Ports driven by GND            ; 0                    ; 0                              ;
;     -- Output Ports driven by GND           ; 0                    ; 0                              ;
;     -- Input Ports driven by VCC            ; 0                    ; 0                              ;
;     -- Output Ports driven by VCC           ; 0                    ; 0                              ;
;     -- Input Ports with no Source           ; 0                    ; 0                              ;
;     -- Output Ports with no Source          ; 0                    ; 0                              ;
;     -- Input Ports with no Fanout           ; 0                    ; 0                              ;
;     -- Output Ports with no Fanout          ; 0                    ; 0                              ;
+---------------------------------------------+----------------------+--------------------------------+


+-------------------------------------------------------------------------------------------------------------------------------------------------------------------------------------------------------------------------------------------------------------------------------------------+
; Input Pins                                                                                                                                                                                                                                                                                ;
+----------+-------+----------+--------------+--------------+--------------+-----------------------+--------------------+--------+----------------+---------------+-----------------+----------+--------------+--------------+---------------------------+----------------------+-----------+
; Name     ; Pin # ; I/O Bank ; X coordinate ; Y coordinate ; Z coordinate ; Combinational Fan-Out ; Registered Fan-Out ; Global ; Input Register ; Power Up High ; PCI I/O Enabled ; Bus Hold ; Weak Pull Up ; I/O Standard ; Termination Control Block ; Location assigned by ; Slew Rate ;
+----------+-------+----------+--------------+--------------+--------------+-----------------------+--------------------+--------+----------------+---------------+-----------------+----------+--------------+--------------+---------------------------+----------------------+-----------+
; areset   ; K6    ; 2        ; 0            ; 18           ; 21           ; 1027                  ; 0                  ; yes    ; no             ; no            ; yes             ; no       ; Off          ; 2.5 V        ; --                        ; Fitter               ; 0         ;
; clk      ; J6    ; 2        ; 0            ; 18           ; 14           ; 1122                  ; 0                  ; yes    ; no             ; no            ; yes             ; no       ; Off          ; 2.5 V        ; --                        ; Fitter               ; 0         ;
; h_areset ; M3    ; 2        ; 0            ; 23           ; 14           ; 69                    ; 0                  ; yes    ; no             ; no            ; yes             ; no       ; Off          ; 2.5 V        ; --                        ; Fitter               ; 0         ;
+----------+-------+----------+--------------+--------------+--------------+-----------------------+--------------------+--------+----------------+---------------+-----------------+----------+--------------+--------------+---------------------------+----------------------+-----------+


+-----------------------------------------------------------------------------------------------------------------------------------------+
; Dual Purpose and Dedicated Pins                                                                                                         ;
+----------+----------------------------------------------------+--------------------------------+---------------------+------------------+
; Location ; Pin Name                                           ; Reserved As                    ; User Signal Name    ; Pin Type         ;
+----------+----------------------------------------------------+--------------------------------+---------------------+------------------+
; H2       ; DIFFIO_RX_L17n, DIFFOUT_L17n, TMS, Low_Speed       ; Reserved as secondary function ; ~ALTERA_TMS~        ; Dual Purpose Pin ;
; H3       ; DIFFIO_RX_L17p, DIFFOUT_L17p, TCK, Low_Speed       ; Reserved as secondary function ; ~ALTERA_TCK~        ; Dual Purpose Pin ;
; G1       ; DIFFIO_RX_L18n, DIFFOUT_L18n, TDI, Low_Speed       ; Reserved as secondary function ; ~ALTERA_TDI~        ; Dual Purpose Pin ;
; H1       ; DIFFIO_RX_L18p, DIFFOUT_L18p, TDO, Low_Speed       ; Reserved as secondary function ; ~ALTERA_TDO~        ; Dual Purpose Pin ;
; F8       ; CONFIG_SEL, Low_Speed                              ; Reserved as secondary function ; ~ALTERA_CONFIG_SEL~ ; Dual Purpose Pin ;
; E8       ; nCONFIG, Low_Speed                                 ; Reserved as secondary function ; ~ALTERA_nCONFIG~    ; Dual Purpose Pin ;
; F7       ; DIFFIO_RX_T50p, DIFFOUT_T50p, nSTATUS, Low_Speed   ; Reserved as secondary function ; ~ALTERA_nSTATUS~    ; Dual Purpose Pin ;
; E7       ; DIFFIO_RX_T50n, DIFFOUT_T50n, CONF_DONE, Low_Speed ; Reserved as secondary function ; ~ALTERA_CONF_DONE~  ; Dual Purpose Pin ;
+----------+----------------------------------------------------+--------------------------------+---------------------+------------------+


+-----------------------------------------------------------+
; I/O Bank Usage                                            ;
+----------+-----------------+---------------+--------------+
; I/O Bank ; Usage           ; VCCIO Voltage ; VREF Voltage ;
+----------+-----------------+---------------+--------------+
; 1A       ; 0 / 16 ( 0 % )  ; 2.5V          ; --           ;
; 1B       ; 4 / 10 ( 40 % ) ; 2.5V          ; --           ;
; 2        ; 3 / 16 ( 19 % ) ; 2.5V          ; --           ;
; 3        ; 0 / 32 ( 0 % )  ; 2.5V          ; --           ;
; 4        ; 0 / 12 ( 0 % )  ; 2.5V          ; --           ;
; 5        ; 0 / 20 ( 0 % )  ; 2.5V          ; --           ;
; 6        ; 0 / 28 ( 0 % )  ; 2.5V          ; --           ;
; 7        ; 0 / 12 ( 0 % )  ; 2.5V          ; --           ;
; 8        ; 4 / 32 ( 13 % ) ; 2.5V          ; --           ;
+----------+-----------------+---------------+--------------+


+---------------------------------------------------------------------------------------------------------------------------------------------------------------------------------------+
; All Package Pins                                                                                                                                                                      ;
+----------+------------+----------+------------------------------------------------+--------+-----------------------+---------+------------+-----------------+----------+--------------+
; Location ; Pad Number ; I/O Bank ; Pin Name/Usage                                 ; Dir.   ; I/O Standard          ; Voltage ; I/O Type   ; User Assignment ; Bus Hold ; Weak Pull Up ;
+----------+------------+----------+------------------------------------------------+--------+-----------------------+---------+------------+-----------------+----------+--------------+
; A1       ;            ;          ; GND                                            ; gnd    ;                       ;         ; --         ;                 ; --       ; --           ;
; A2       ; 495        ; 8        ; RESERVED_INPUT_WITH_WEAK_PULLUP                ;        ;                       ;         ; Column I/O ;                 ; no       ; On           ;
; A3       ; 493        ; 8        ; RESERVED_INPUT_WITH_WEAK_PULLUP                ;        ;                       ;         ; Column I/O ;                 ; no       ; On           ;
; A4       ; 498        ; 8        ; RESERVED_INPUT_WITH_WEAK_PULLUP                ;        ;                       ;         ; Column I/O ;                 ; no       ; On           ;
; A5       ; 491        ; 8        ; RESERVED_INPUT_WITH_WEAK_PULLUP                ;        ;                       ;         ; Column I/O ;                 ; no       ; On           ;
; A6       ; 487        ; 8        ; RESERVED_INPUT_WITH_WEAK_PULLUP                ;        ;                       ;         ; Column I/O ;                 ; no       ; On           ;
; A7       ; 485        ; 8        ; RESERVED_INPUT_WITH_WEAK_PULLUP                ;        ;                       ;         ; Column I/O ;                 ; no       ; On           ;
; A8       ; 483        ; 8        ; RESERVED_INPUT_WITH_WEAK_PULLUP                ;        ;                       ;         ; Column I/O ;                 ; no       ; On           ;
; A9       ; 479        ; 8        ; RESERVED_INPUT_WITH_WEAK_PULLUP                ;        ;                       ;         ; Column I/O ;                 ; --       ; --           ;
; A10      ; 477        ; 8        ; RESERVED_INPUT_WITH_WEAK_PULLUP                ;        ;                       ;         ; Column I/O ;                 ; no       ; On           ;
; A11      ; 473        ; 8        ; RESERVED_INPUT_WITH_WEAK_PULLUP                ;        ;                       ;         ; Column I/O ;                 ; no       ; On           ;
; A12      ; 475        ; 8        ; RESERVED_INPUT_WITH_WEAK_PULLUP                ;        ;                       ;         ; Column I/O ;                 ; no       ; On           ;
; A13      ; 450        ; 7        ; RESERVED_INPUT_WITH_WEAK_PULLUP                ;        ;                       ;         ; Column I/O ;                 ; no       ; On           ;
; A14      ; 421        ; 7        ; RESERVED_INPUT_WITH_WEAK_PULLUP                ;        ;                       ;         ; Column I/O ;                 ; no       ; On           ;
; A15      ; 423        ; 7        ; RESERVED_INPUT_WITH_WEAK_PULLUP                ;        ;                       ;         ; Column I/O ;                 ; --       ; --           ;
; A16      ;            ;          ; GND                                            ; gnd    ;                       ;         ; --         ;                 ; --       ; --           ;
; B1       ; 13         ; 1A       ; RESERVED_INPUT_WITH_WEAK_PULLUP                ;        ;                       ;         ; Row I/O    ;                 ; no       ; On           ;
; B2       ; 11         ; 1A       ; RESERVED_INPUT_WITH_WEAK_PULLUP                ;        ;                       ;         ; Row I/O    ;                 ; no       ; On           ;
; B3       ; 496        ; 8        ; RESERVED_INPUT_WITH_WEAK_PULLUP                ;        ;                       ;         ; Column I/O ;                 ; no       ; On           ;
; B4       ; 489        ; 8        ; RESERVED_INPUT_WITH_WEAK_PULLUP                ;        ;                       ;         ; Column I/O ;                 ; no       ; On           ;
; B5       ; 488        ; 8        ; RESERVED_INPUT_WITH_WEAK_PULLUP                ;        ;                       ;         ; Column I/O ;                 ; no       ; On           ;
; B6       ; 484        ; 8        ; RESERVED_INPUT_WITH_WEAK_PULLUP                ;        ;                       ;         ; Column I/O ;                 ; no       ; On           ;
; B7       ; 478        ; 8        ; RESERVED_INPUT_WITH_WEAK_PULLUP                ;        ;                       ;         ; Column I/O ;                 ; no       ; On           ;
; B8       ; 476        ; 8        ; RESERVED_INPUT_WITH_WEAK_PULLUP                ;        ;                       ;         ; Column I/O ;                 ; no       ; On           ;
; B9       ; 481        ; 8        ; RESERVED_INPUT_WITH_WEAK_PULLUP                ;        ;                       ;         ; Column I/O ;                 ; no       ; On           ;
; B10      ; 474        ; 8        ; RESERVED_INPUT_WITH_WEAK_PULLUP                ;        ;                       ;         ; Column I/O ;                 ; no       ; On           ;
; B11      ; 471        ; 8        ; RESERVED_INPUT_WITH_WEAK_PULLUP                ;        ;                       ;         ; Column I/O ;                 ; no       ; On           ;
; B12      ; 469        ; 8        ; RESERVED_INPUT_WITH_WEAK_PULLUP                ;        ;                       ;         ; Column I/O ;                 ; no       ; On           ;
; B13      ; 448        ; 7        ; RESERVED_INPUT_WITH_WEAK_PULLUP                ;        ;                       ;         ; Column I/O ;                 ; no       ; On           ;
; B14      ;            ;          ; GND                                            ; gnd    ;                       ;         ; --         ;                 ; --       ; --           ;
; B15      ; 345        ; 6        ; RESERVED_INPUT_WITH_WEAK_PULLUP                ;        ;                       ;         ; Row I/O    ;                 ; --       ; --           ;
; B16      ; 347        ; 6        ; RESERVED_INPUT_WITH_WEAK_PULLUP                ;        ;                       ;         ; Row I/O    ;                 ; no       ; On           ;
; C1       ; 15         ; 1A       ; RESERVED_INPUT_WITH_WEAK_PULLUP                ;        ;                       ;         ; Row I/O    ;                 ; no       ; On           ;
; C2       ; 9          ; 1A       ; RESERVED_INPUT_WITH_WEAK_PULLUP                ;        ;                       ;         ; Row I/O    ;                 ; no       ; On           ;
; C3       ; 3          ; 1A       ; RESERVED_INPUT_WITH_WEAK_PULLUP                ;        ;                       ;         ; Row I/O    ;                 ; no       ; On           ;
; C4       ; 1          ; 1A       ; RESERVED_INPUT_WITH_WEAK_PULLUP                ;        ;                       ;         ; Row I/O    ;                 ; no       ; On           ;
; C5       ; 490        ; 8        ; RESERVED_INPUT_WITH_WEAK_PULLUP                ;        ;                       ;         ; Column I/O ;                 ; no       ; On           ;
; C6       ; 486        ; 8        ; RESERVED_INPUT_WITH_WEAK_PULLUP                ;        ;                       ;         ; Column I/O ;                 ; no       ; On           ;
; C7       ;            ; 8        ; VCCIO8                                         ; power  ;                       ; 2.5V    ; --         ;                 ; --       ; --           ;
; C8       ;            ;          ; GND                                            ; gnd    ;                       ;         ; --         ;                 ; --       ; --           ;
; C9       ; 466        ; 8        ; RESERVED_INPUT_WITH_WEAK_PULLUP                ;        ;                       ;         ; Column I/O ;                 ; no       ; On           ;
; C10      ; 472        ; 8        ; RESERVED_INPUT_WITH_WEAK_PULLUP                ;        ;                       ;         ; Column I/O ;                 ; no       ; On           ;
; C11      ;            ;          ; GND                                            ; gnd    ;                       ;         ; --         ;                 ; --       ; --           ;
; C12      ; 391        ; 7        ; RESERVED_INPUT_WITH_WEAK_PULLUP                ;        ;                       ;         ; Column I/O ;                 ; no       ; On           ;
; C13      ; 389        ; 7        ; RESERVED_INPUT_WITH_WEAK_PULLUP                ;        ;                       ;         ; Column I/O ;                 ; no       ; On           ;
; C14      ; 386        ; 6        ; RESERVED_INPUT_WITH_WEAK_PULLUP                ;        ;                       ;         ; Row I/O    ;                 ; no       ; On           ;
; C15      ; 387        ; 6        ; RESERVED_INPUT_WITH_WEAK_PULLUP                ;        ;                       ;         ; Row I/O    ;                 ; no       ; On           ;
; C16      ; 330        ; 6        ; RESERVED_INPUT_WITH_WEAK_PULLUP                ;        ;                       ;         ; Row I/O    ;                 ; no       ; On           ;
; D1       ; 14         ; 1A       ; RESERVED_INPUT_WITH_WEAK_PULLUP                ;        ;                       ;         ; Row I/O    ;                 ; no       ; On           ;
; D2       ;            ;          ; GND                                            ; gnd    ;                       ;         ; --         ;                 ; --       ; --           ;
; D3       ;            ;          ; GND                                            ; gnd    ;                       ;         ; --         ;                 ; --       ; --           ;
; D4       ;            ;          ; VCCD_PLL3                                      ; power  ;                       ; 1.2V    ; --         ;                 ; --       ; --           ;
; D5       ;            ; --       ; VCCA3                                          ; power  ;                       ; 2.5V    ; --         ;                 ; --       ; --           ;
; D6       ;            ;          ; GND                                            ; gnd    ;                       ;         ; --         ;                 ; --       ; --           ;
; D7       ;            ; 8        ; VCCIO8                                         ; power  ;                       ; 2.5V    ; --         ;                 ; --       ; --           ;
; D8       ;            ; 8        ; VCCIO8                                         ; power  ;                       ; 2.5V    ; --         ;                 ; --       ; --           ;
; D9       ; 464        ; 8        ; RESERVED_INPUT_WITH_WEAK_PULLUP                ;        ;                       ;         ; Column I/O ;                 ; no       ; On           ;
; D10      ;            ; 7        ; VCCIO7                                         ; power  ;                       ; 2.5V    ; --         ;                 ; --       ; --           ;
; D11      ;            ; 7        ; VCCIO7                                         ; power  ;                       ; 2.5V    ; --         ;                 ; --       ; --           ;
; D12      ; 388        ; 7        ; RESERVED_INPUT_WITH_WEAK_PULLUP                ;        ;                       ;         ; Column I/O ;                 ; no       ; On           ;
; D13      ;            ;          ; VCCD_PLL2                                      ; power  ;                       ; 1.2V    ; --         ;                 ; --       ; --           ;
; D14      ; 384        ; 6        ; RESERVED_INPUT_WITH_WEAK_PULLUP                ;        ;                       ;         ; Row I/O    ;                 ; no       ; On           ;
; D15      ; 385        ; 6        ; RESERVED_INPUT_WITH_WEAK_PULLUP                ;        ;                       ;         ; Row I/O    ;                 ; no       ; On           ;
; D16      ; 328        ; 6        ; RESERVED_INPUT_WITH_WEAK_PULLUP                ;        ;                       ;         ; Row I/O    ;                 ; no       ; On           ;
; E1       ; 12         ; 1A       ; RESERVED_INPUT_WITH_WEAK_PULLUP                ;        ;                       ;         ; Row I/O    ;                 ; no       ; On           ;
; E2       ;            ;          ; GND                                            ; gnd    ;                       ;         ; --         ;                 ; --       ; --           ;
; E3       ; 5          ; 1A       ; RESERVED_INPUT_WITH_WEAK_PULLUP                ;        ;                       ;         ; Row I/O    ;                 ; no       ; On           ;
; E4       ;            ; --       ; VCCA3                                          ; power  ;                       ; 2.5V    ; --         ;                 ; --       ; --           ;
; E5       ;            ; --       ; VCCA3                                          ; power  ;                       ; 2.5V    ; --         ;                 ; --       ; --           ;
; E6       ;            ;          ; GND                                            ; gnd    ;                       ;         ; --         ;                 ; --       ; --           ;
; E7       ; 494        ; 8        ; ~ALTERA_CONF_DONE~ / RESERVED_INPUT            ; input  ; 2.5 V Schmitt Trigger ;         ; Column I/O ; N               ; no       ; Off          ;
; E8       ; 482        ; 8        ; ~ALTERA_nCONFIG~ / RESERVED_INPUT              ; input  ; 2.5 V Schmitt Trigger ;         ; Column I/O ; N               ; no       ; Off          ;
; E9       ; 470        ; 8        ; RESERVED_INPUT_WITH_WEAK_PULLUP                ;        ;                       ;         ; Column I/O ;                 ; no       ; On           ;
; E10      ; 446        ; 7        ; RESERVED_INPUT_WITH_WEAK_PULLUP                ;        ;                       ;         ; Column I/O ;                 ; no       ; On           ;
; E11      ; 390        ; 7        ; RESERVED_INPUT_WITH_WEAK_PULLUP                ;        ;                       ;         ; Column I/O ;                 ; no       ; On           ;
; E12      ;            ; --       ; VCCA2                                          ; power  ;                       ; 2.5V    ; --         ;                 ; --       ; --           ;
; E13      ;            ;          ; GND                                            ; gnd    ;                       ;         ; --         ;                 ; --       ; --           ;
; E14      ; 350        ; 6        ; RESERVED_INPUT_WITH_WEAK_PULLUP                ;        ;                       ;         ; Row I/O    ;                 ; no       ; On           ;
; E15      ; 349        ; 6        ; RESERVED_INPUT_WITH_WEAK_PULLUP                ;        ;                       ;         ; Row I/O    ;                 ; no       ; On           ;
; E16      ; 351        ; 6        ; RESERVED_INPUT_WITH_WEAK_PULLUP                ;        ;                       ;         ; Row I/O    ;                 ; no       ; On           ;
; F1       ; 10         ; 1A       ; RESERVED_INPUT_WITH_WEAK_PULLUP                ;        ;                       ;         ; Row I/O    ;                 ; no       ; On           ;
; F2       ; 7          ; 1A       ; RESERVED_INPUT_WITH_WEAK_PULLUP                ;        ;                       ;         ; Row I/O    ;                 ; no       ; On           ;
; F3       ;            ;          ; GND                                            ; gnd    ;                       ;         ; --         ;                 ; --       ; --           ;
; F4       ; 2          ; 1A       ; RESERVED_INPUT_WITH_WEAK_PULLUP                ;        ;                       ;         ; Row I/O    ;                 ; no       ; On           ;
; F5       ; 0          ; 1A       ; RESERVED_INPUT_WITH_WEAK_PULLUP                ;        ;                       ;         ; Row I/O    ;                 ; no       ; On           ;
; F6       ;            ; --       ; VCC                                            ; power  ;                       ; 1.2V    ; --         ;                 ; --       ; --           ;
; F7       ; 492        ; 8        ; ~ALTERA_nSTATUS~ / RESERVED_INPUT              ; input  ; 2.5 V Schmitt Trigger ;         ; Column I/O ; N               ; no       ; Off          ;
; F8       ; 480        ; 8        ; ~ALTERA_CONFIG_SEL~ / RESERVED_INPUT           ; input  ; 2.5 V                 ;         ; Column I/O ; N               ; no       ; Off          ;
; F9       ; 468        ; 8        ; RESERVED_INPUT_WITH_WEAK_PULLUP                ;        ;                       ;         ; Column I/O ;                 ; no       ; On           ;
; F10      ; 444        ; 7        ; RESERVED_INPUT_WITH_WEAK_PULLUP                ;        ;                       ;         ; Column I/O ;                 ; no       ; On           ;
; F11      ; 420        ; 7        ; RESERVED_INPUT_WITH_WEAK_PULLUP                ;        ;                       ;         ; Column I/O ;                 ; no       ; On           ;
; F12      ; 422        ; 7        ; RESERVED_INPUT_WITH_WEAK_PULLUP                ;        ;                       ;         ; Column I/O ;                 ; no       ; On           ;
; F13      ;            ; 6        ; VCCIO6                                         ; power  ;                       ; 2.5V    ; --         ;                 ; --       ; --           ;
; F14      ; 348        ; 6        ; RESERVED_INPUT_WITH_WEAK_PULLUP                ;        ;                       ;         ; Row I/O    ;                 ; no       ; On           ;
; F15      ;            ;          ; GND                                            ; gnd    ;                       ;         ; --         ;                 ; --       ; --           ;
; F16      ; 339        ; 6        ; RESERVED_INPUT_WITH_WEAK_PULLUP                ;        ;                       ;         ; Row I/O    ;                 ; no       ; On           ;
; G1       ; 36         ; 1B       ; ~ALTERA_TDI~ / RESERVED_INPUT_WITH_WEAK_PULLUP ; input  ; 2.5 V Schmitt Trigger ;         ; Row I/O    ; N               ; no       ; On           ;
; G2       ; 8          ; 1A       ; RESERVED_INPUT_WITH_WEAK_PULLUP                ;        ;                       ;         ; Row I/O    ;                 ; no       ; On           ;
; G3       ;            ;          ; GND                                            ; gnd    ;                       ;         ; --         ;                 ; --       ; --           ;
; G4       ;            ; 1A       ; VCCIO1A                                        ; power  ;                       ; 2.5V    ; --         ;                 ; --       ; --           ;
; G5       ; 6          ; 1A       ; RESERVED_INPUT_WITH_WEAK_PULLUP                ;        ;                       ;         ; Row I/O    ;                 ; no       ; On           ;
; G6       ; 30         ; 1B       ; RESERVED_INPUT_WITH_WEAK_PULLUP                ;        ;                       ;         ; Row I/O    ;                 ; no       ; On           ;
; G7       ;            ; --       ; VCC                                            ; power  ;                       ; 1.2V    ; --         ;                 ; --       ; --           ;
; G8       ;            ;          ; GND                                            ; gnd    ;                       ;         ; --         ;                 ; --       ; --           ;
; G9       ;            ; --       ; VCC                                            ; power  ;                       ; 1.2V    ; --         ;                 ; --       ; --           ;
; G10      ;            ;          ; GND                                            ; gnd    ;                       ;         ; --         ;                 ; --       ; --           ;
; G11      ; 344        ; 6        ; RESERVED_INPUT_WITH_WEAK_PULLUP                ;        ;                       ;         ; Row I/O    ;                 ; no       ; On           ;
; G12      ; 346        ; 6        ; RESERVED_INPUT_WITH_WEAK_PULLUP                ;        ;                       ;         ; Row I/O    ;                 ; no       ; On           ;
; G13      ;            ; 6        ; VCCIO6                                         ; power  ;                       ; 2.5V    ; --         ;                 ; --       ; --           ;
; G14      ; 336        ; 6        ; RESERVED_INPUT_WITH_WEAK_PULLUP                ;        ;                       ;         ; Row I/O    ;                 ; no       ; On           ;
; G15      ; 338        ; 6        ; RESERVED_INPUT_WITH_WEAK_PULLUP                ;        ;                       ;         ; Row I/O    ;                 ; no       ; On           ;
; G16      ; 337        ; 6        ; RESERVED_INPUT_WITH_WEAK_PULLUP                ;        ;                       ;         ; Row I/O    ;                 ; no       ; On           ;
; H1       ; 38         ; 1B       ; ~ALTERA_TDO~                                   ; output ; 2.5 V                 ;         ; Row I/O    ; N               ; no       ; Off          ;
; H2       ; 32         ; 1B       ; ~ALTERA_TMS~ / RESERVED_INPUT_WITH_WEAK_PULLUP ; input  ; 2.5 V Schmitt Trigger ;         ; Row I/O    ; N               ; no       ; On           ;
; H3       ; 34         ; 1B       ; ~ALTERA_TCK~ / RESERVED_INPUT                  ; input  ; 2.5 V Schmitt Trigger ;         ; Row I/O    ; N               ; no       ; Off          ;
; H4       ;            ; 1A       ; VCCIO1A                                        ; power  ;                       ; 2.5V    ; --         ;                 ; --       ; --           ;
; H5       ; 4          ; 1A       ; RESERVED_INPUT_WITH_WEAK_PULLUP                ;        ;                       ;         ; Row I/O    ;                 ; no       ; On           ;
; H6       ; 42         ; 1B       ; RESERVED_INPUT_WITH_WEAK_PULLUP                ;        ;                       ;         ; Row I/O    ;                 ; no       ; On           ;
; H7       ;            ;          ; GND                                            ; gnd    ;                       ;         ; --         ;                 ; --       ; --           ;
; H8       ;            ; --       ; VCC                                            ; power  ;                       ; 1.2V    ; --         ;                 ; --       ; --           ;
; H9       ;            ; --       ; VCC                                            ; power  ;                       ; 1.2V    ; --         ;                 ; --       ; --           ;
; H10      ;            ; --       ; VCC                                            ; power  ;                       ; 1.2V    ; --         ;                 ; --       ; --           ;
; H11      ; 332        ; 6        ; RESERVED_INPUT_WITH_WEAK_PULLUP                ;        ;                       ;         ; Row I/O    ;                 ; no       ; On           ;
; H12      ; 334        ; 6        ; RESERVED_INPUT_WITH_WEAK_PULLUP                ;        ;                       ;         ; Row I/O    ;                 ; no       ; On           ;
; H13      ;            ; 6        ; VCCIO6                                         ; power  ;                       ; 2.5V    ; --         ;                 ; --       ; --           ;
; H14      ;            ;          ; GND                                            ; gnd    ;                       ;         ; --         ;                 ; --       ; --           ;
; H15      ; 325        ; 6        ; RESERVED_INPUT_WITH_WEAK_PULLUP                ;        ;                       ;         ; Row I/O    ;                 ; no       ; On           ;
; H16      ; 327        ; 6        ; RESERVED_INPUT_WITH_WEAK_PULLUP                ;        ;                       ;         ; Row I/O    ;                 ; no       ; On           ;
; J1       ; 33         ; 1B       ; RESERVED_INPUT_WITH_WEAK_PULLUP                ;        ;                       ;         ; Row I/O    ;                 ; --       ; --           ;
; J2       ; 46         ; 1B       ; RESERVED_INPUT_WITH_WEAK_PULLUP                ;        ;                       ;         ; Row I/O    ;                 ; no       ; On           ;
; J3       ; 44         ; 1B       ; RESERVED_INPUT_WITH_WEAK_PULLUP                ;        ;                       ;         ; Row I/O    ;                 ; no       ; On           ;
; J4       ;            ; 1B       ; VCCIO1B                                        ; power  ;                       ; 2.5V    ; --         ;                 ; --       ; --           ;
; J5       ; 40         ; 1B       ; RESERVED_INPUT_WITH_WEAK_PULLUP                ;        ;                       ;         ; Row I/O    ;                 ; no       ; On           ;
; J6       ; 72         ; 2        ; clk                                            ; input  ; 2.5 V                 ;         ; Row I/O    ; N               ; no       ; Off          ;
; J7       ;            ; --       ; VCC                                            ; power  ;                       ; 1.2V    ; --         ;                 ; --       ; --           ;
; J8       ;            ; --       ; VCC                                            ; power  ;                       ; 1.2V    ; --         ;                 ; --       ; --           ;
; J9       ;            ; --       ; VCC                                            ; power  ;                       ; 1.2V    ; --         ;                 ; --       ; --           ;
; J10      ;            ;          ; GND                                            ; gnd    ;                       ;         ; --         ;                 ; --       ; --           ;
; J11      ; 320        ; 6        ; RESERVED_INPUT_WITH_WEAK_PULLUP                ;        ;                       ;         ; Row I/O    ;                 ; no       ; On           ;
; J12      ; 322        ; 6        ; RESERVED_INPUT_WITH_WEAK_PULLUP                ;        ;                       ;         ; Row I/O    ;                 ; no       ; On           ;
; J13      ;            ; 6        ; VCCIO6                                         ; power  ;                       ; 2.5V    ; --         ;                 ; --       ; --           ;
; J14      ; 321        ; 6        ; RESERVED_INPUT_WITH_WEAK_PULLUP                ;        ;                       ;         ; Row I/O    ;                 ; no       ; On           ;
; J15      ; 324        ; 6        ; RESERVED_INPUT_WITH_WEAK_PULLUP                ;        ;                       ;         ; Row I/O    ;                 ; no       ; On           ;
; J16      ; 326        ; 6        ; RESERVED_INPUT_WITH_WEAK_PULLUP                ;        ;                       ;         ; Row I/O    ;                 ; no       ; On           ;
; K1       ;            ;          ; GND                                            ; gnd    ;                       ;         ; --         ;                 ; --       ; --           ;
; K2       ; 59         ; 2        ; RESERVED_INPUT_WITH_WEAK_PULLUP                ;        ;                       ;         ; Row I/O    ;                 ; no       ; On           ;
; K3       ;            ;          ; GND                                            ; gnd    ;                       ;         ; --         ;                 ; --       ; --           ;
; K4       ;            ; 2        ; VCCIO2                                         ; power  ;                       ; 2.5V    ; --         ;                 ; --       ; --           ;
; K5       ; 84         ; 2        ; RESERVED_INPUT_WITH_WEAK_PULLUP                ;        ;                       ;         ; Row I/O    ;                 ; no       ; On           ;
; K6       ; 74         ; 2        ; areset                                         ; input  ; 2.5 V                 ;         ; Row I/O    ; N               ; no       ; Off          ;
; K7       ;            ;          ; GND                                            ; gnd    ;                       ;         ; --         ;                 ; --       ; --           ;
; K8       ;            ; --       ; VCC                                            ; power  ;                       ; 1.2V    ; --         ;                 ; --       ; --           ;
; K9       ;            ;          ; GND                                            ; gnd    ;                       ;         ; --         ;                 ; --       ; --           ;
; K10      ;            ; --       ; VCC                                            ; power  ;                       ; 1.2V    ; --         ;                 ; --       ; --           ;
; K11      ; 304        ; 5        ; RESERVED_INPUT_WITH_WEAK_PULLUP                ;        ;                       ;         ; Row I/O    ;                 ; no       ; On           ;
; K12      ; 306        ; 5        ; RESERVED_INPUT_WITH_WEAK_PULLUP                ;        ;                       ;         ; Row I/O    ;                 ; no       ; On           ;
; K13      ;            ; 5        ; VCCIO5                                         ; power  ;                       ; 2.5V    ; --         ;                 ; --       ; --           ;
; K14      ; 308        ; 5        ; RESERVED_INPUT_WITH_WEAK_PULLUP                ;        ;                       ;         ; Row I/O    ;                 ; no       ; On           ;
; K15      ; 323        ; 6        ; RESERVED_INPUT_WITH_WEAK_PULLUP                ;        ;                       ;         ; Row I/O    ;                 ; no       ; On           ;
; K16      ;            ;          ; GND                                            ; gnd    ;                       ;         ; --         ;                 ; --       ; --           ;
; L1       ; 57         ; 2        ; RESERVED_INPUT_WITH_WEAK_PULLUP                ;        ;                       ;         ; Row I/O    ;                 ; no       ; On           ;
; L2       ; 75         ; 2        ; RESERVED_INPUT_WITH_WEAK_PULLUP                ;        ;                       ;         ; Row I/O    ;                 ; no       ; On           ;
; L3       ; 58         ; 2        ; RESERVED_INPUT_WITH_WEAK_PULLUP                ;        ;                       ;         ; Row I/O    ;                 ; no       ; On           ;
; L4       ;            ; 2        ; VCCIO2                                         ; power  ;                       ; 2.5V    ; --         ;                 ; --       ; --           ;
; L5       ;            ; --       ; VCCA1                                          ; power  ;                       ; 2.5V    ; --         ;                 ; --       ; --           ;
; L6       ; 86         ; 2        ; RESERVED_INPUT_WITH_WEAK_PULLUP                ;        ;                       ;         ; Row I/O    ;                 ; no       ; On           ;
; L7       ; 130        ; 3        ; RESERVED_INPUT_WITH_WEAK_PULLUP                ;        ;                       ;         ; Column I/O ;                 ; no       ; On           ;
; L8       ; 154        ; 3        ; RESERVED_INPUT_WITH_WEAK_PULLUP                ;        ;                       ;         ; Column I/O ;                 ; no       ; On           ;
; L9       ; 198        ; 4        ; RESERVED_INPUT_WITH_WEAK_PULLUP                ;        ;                       ;         ; Column I/O ;                 ; no       ; On           ;
; L10      ; 242        ; 4        ; RESERVED_INPUT_WITH_WEAK_PULLUP                ;        ;                       ;         ; Column I/O ;                 ; no       ; On           ;
; L11      ; 292        ; 5        ; RESERVED_INPUT_WITH_WEAK_PULLUP                ;        ;                       ;         ; Row I/O    ;                 ; no       ; On           ;
; L12      ; 294        ; 5        ; RESERVED_INPUT_WITH_WEAK_PULLUP                ;        ;                       ;         ; Row I/O    ;                 ; no       ; On           ;
; L13      ;            ; 5        ; VCCIO5                                         ; power  ;                       ; 2.5V    ; --         ;                 ; --       ; --           ;
; L14      ;            ;          ; GND                                            ; gnd    ;                       ;         ; --         ;                 ; --       ; --           ;
; L15      ; 310        ; 5        ; RESERVED_INPUT_WITH_WEAK_PULLUP                ;        ;                       ;         ; Row I/O    ;                 ; no       ; On           ;
; L16      ; 311        ; 5        ; RESERVED_INPUT_WITH_WEAK_PULLUP                ;        ;                       ;         ; Row I/O    ;                 ; no       ; On           ;
; M1       ; 77         ; 2        ; RESERVED_INPUT_WITH_WEAK_PULLUP                ;        ;                       ;         ; Row I/O    ;                 ; --       ; --           ;
; M2       ; 73         ; 2        ; RESERVED_INPUT_WITH_WEAK_PULLUP                ;        ;                       ;         ; Row I/O    ;                 ; no       ; On           ;
; M3       ; 56         ; 2        ; h_areset                                       ; input  ; 2.5 V                 ;         ; Row I/O    ; N               ; no       ; Off          ;
; M4       ;            ;          ; GND                                            ; gnd    ;                       ;         ; --         ;                 ; --       ; --           ;
; M5       ;            ;          ; VCCD_PLL1                                      ; power  ;                       ; 1.2V    ; --         ;                 ; --       ; --           ;
; M6       ; 128        ; 3        ; RESERVED_INPUT_WITH_WEAK_PULLUP                ;        ;                       ;         ; Column I/O ;                 ; no       ; On           ;
; M7       ; 152        ; 3        ; RESERVED_INPUT_WITH_WEAK_PULLUP                ;        ;                       ;         ; Column I/O ;                 ; no       ; On           ;
; M8       ; 164        ; 3        ; RESERVED_INPUT_WITH_WEAK_PULLUP                ;        ;                       ;         ; Column I/O ;                 ; no       ; On           ;
; M9       ; 166        ; 3        ; RESERVED_INPUT_WITH_WEAK_PULLUP                ;        ;                       ;         ; Column I/O ;                 ; no       ; On           ;
; M10      ; 196        ; 4        ; RESERVED_INPUT_WITH_WEAK_PULLUP                ;        ;                       ;         ; Column I/O ;                 ; no       ; On           ;
; M11      ; 240        ; 4        ; RESERVED_INPUT_WITH_WEAK_PULLUP                ;        ;                       ;         ; Column I/O ;                 ; no       ; On           ;
; M12      ;            ; --       ; VCCA4                                          ; power  ;                       ; 2.5V    ; --         ;                 ; --       ; --           ;
; M13      ;            ; 5        ; VCCIO5                                         ; power  ;                       ; 2.5V    ; --         ;                 ; --       ; --           ;
; M14      ; 299        ; 5        ; RESERVED_INPUT_WITH_WEAK_PULLUP                ;        ;                       ;         ; Row I/O    ;                 ; no       ; On           ;
; M15      ; 297        ; 5        ; RESERVED_INPUT_WITH_WEAK_PULLUP                ;        ;                       ;         ; Row I/O    ;                 ; no       ; On           ;
; M16      ; 309        ; 5        ; RESERVED_INPUT_WITH_WEAK_PULLUP                ;        ;                       ;         ; Row I/O    ;                 ; no       ; On           ;
; N1       ; 79         ; 2        ; RESERVED_INPUT_WITH_WEAK_PULLUP                ;        ;                       ;         ; Row I/O    ;                 ; no       ; On           ;
; N2       ; 76         ; 2        ; RESERVED_INPUT_WITH_WEAK_PULLUP                ;        ;                       ;         ; Row I/O    ;                 ; no       ; On           ;
; N3       ; 120        ; 2        ; RESERVED_INPUT_WITH_WEAK_PULLUP                ;        ;                       ;         ; Row I/O    ;                 ; no       ; On           ;
; N4       ; 122        ; 2        ; RESERVED_INPUT_WITH_WEAK_PULLUP                ;        ;                       ;         ; Row I/O    ;                 ; no       ; On           ;
; N5       ; 126        ; 3        ; RESERVED_INPUT_WITH_WEAK_PULLUP                ;        ;                       ;         ; Column I/O ;                 ; no       ; On           ;
; N6       ;            ; 3        ; VCCIO3                                         ; power  ;                       ; 2.5V    ; --         ;                 ; --       ; --           ;
; N7       ;            ; 3        ; VCCIO3                                         ; power  ;                       ; 2.5V    ; --         ;                 ; --       ; --           ;
; N8       ;            ; 3        ; VCCIO3                                         ; power  ;                       ; 2.5V    ; --         ;                 ; --       ; --           ;
; N9       ;            ;          ; GND                                            ; gnd    ;                       ;         ; --         ;                 ; --       ; --           ;
; N10      ;            ; 4        ; VCCIO4                                         ; power  ;                       ; 2.5V    ; --         ;                 ; --       ; --           ;
; N11      ;            ; 4        ; VCCIO4                                         ; power  ;                       ; 2.5V    ; --         ;                 ; --       ; --           ;
; N12      ;            ;          ; GND                                            ; gnd    ;                       ;         ; --         ;                 ; --       ; --           ;
; N13      ;            ;          ; VCCD_PLL4                                      ; power  ;                       ; 1.2V    ; --         ;                 ; --       ; --           ;
; N14      ; 296        ; 5        ; RESERVED_INPUT_WITH_WEAK_PULLUP                ;        ;                       ;         ; Row I/O    ;                 ; no       ; On           ;
; N15      ;            ;          ; GND                                            ; gnd    ;                       ;         ; --         ;                 ; --       ; --           ;
; N16      ; 300        ; 5        ; RESERVED_INPUT_WITH_WEAK_PULLUP                ;        ;                       ;         ; Row I/O    ;                 ; no       ; On           ;
; P1       ; 78         ; 2        ; RESERVED_INPUT_WITH_WEAK_PULLUP                ;        ;                       ;         ; Row I/O    ;                 ; no       ; On           ;
; P2       ; 125        ; 3        ; RESERVED_INPUT_WITH_WEAK_PULLUP                ;        ;                       ;         ; Column I/O ;                 ; no       ; On           ;
; P3       ;            ;          ; GND                                            ; gnd    ;                       ;         ; --         ;                 ; --       ; --           ;
; P4       ; 124        ; 3        ; RESERVED_INPUT_WITH_WEAK_PULLUP                ;        ;                       ;         ; Column I/O ;                 ; no       ; On           ;
; P5       ; 134        ; 3        ; RESERVED_INPUT_WITH_WEAK_PULLUP                ;        ;                       ;         ; Column I/O ;                 ; no       ; On           ;
; P6       ; 158        ; 3        ; RESERVED_INPUT_WITH_WEAK_PULLUP                ;        ;                       ;         ; Column I/O ;                 ; no       ; On           ;
; P7       ;            ;          ; GND                                            ; gnd    ;                       ;         ; --         ;                 ; --       ; --           ;
; P8       ; 162        ; 3        ; RESERVED_INPUT_WITH_WEAK_PULLUP                ;        ;                       ;         ; Column I/O ;                 ; no       ; On           ;
; P9       ; 160        ; 3        ; RESERVED_INPUT_WITH_WEAK_PULLUP                ;        ;                       ;         ; Column I/O ;                 ; no       ; On           ;
; P10      ; 192        ; 4        ; RESERVED_INPUT_WITH_WEAK_PULLUP                ;        ;                       ;         ; Column I/O ;                 ; no       ; On           ;
; P11      ; 194        ; 4        ; RESERVED_INPUT_WITH_WEAK_PULLUP                ;        ;                       ;         ; Column I/O ;                 ; no       ; On           ;
; P12      ; 202        ; 4        ; RESERVED_INPUT_WITH_WEAK_PULLUP                ;        ;                       ;         ; Column I/O ;                 ; no       ; On           ;
; P13      ; 200        ; 4        ; RESERVED_INPUT_WITH_WEAK_PULLUP                ;        ;                       ;         ; Column I/O ;                 ; no       ; On           ;
; P14      ; 244        ; 5        ; RESERVED_INPUT_WITH_WEAK_PULLUP                ;        ;                       ;         ; Row I/O    ;                 ; no       ; On           ;
; P15      ; 298        ; 5        ; RESERVED_INPUT_WITH_WEAK_PULLUP                ;        ;                       ;         ; Row I/O    ;                 ; no       ; On           ;
; P16      ; 302        ; 5        ; RESERVED_INPUT_WITH_WEAK_PULLUP                ;        ;                       ;         ; Row I/O    ;                 ; no       ; On           ;
; R1       ; 127        ; 3        ; RESERVED_INPUT_WITH_WEAK_PULLUP                ;        ;                       ;         ; Column I/O ;                 ; no       ; On           ;
; R2       ; 131        ; 3        ; RESERVED_INPUT_WITH_WEAK_PULLUP                ;        ;                       ;         ; Column I/O ;                 ; no       ; On           ;
; R3       ; 129        ; 3        ; RESERVED_INPUT_WITH_WEAK_PULLUP                ;        ;                       ;         ; Column I/O ;                 ; no       ; On           ;
; R4       ; 132        ; 3        ; RESERVED_INPUT_WITH_WEAK_PULLUP                ;        ;                       ;         ; Column I/O ;                 ; no       ; On           ;
; R5       ; 150        ; 3        ; RESERVED_INPUT_WITH_WEAK_PULLUP                ;        ;                       ;         ; Column I/O ;                 ; no       ; On           ;
; R6       ; 148        ; 3        ; RESERVED_INPUT_WITH_WEAK_PULLUP                ;        ;                       ;         ; Column I/O ;                 ; no       ; On           ;
; R7       ; 156        ; 3        ; RESERVED_INPUT_WITH_WEAK_PULLUP                ;        ;                       ;         ; Column I/O ;                 ; no       ; On           ;
; R8       ; 159        ; 3        ; RESERVED_INPUT_WITH_WEAK_PULLUP                ;        ;                       ;         ; Column I/O ;                 ; no       ; On           ;
; R9       ; 163        ; 3        ; RESERVED_INPUT_WITH_WEAK_PULLUP                ;        ;                       ;         ; Column I/O ;                 ; no       ; On           ;
; R10      ; 170        ; 3        ; RESERVED_INPUT_WITH_WEAK_PULLUP                ;        ;                       ;         ; Column I/O ;                 ; no       ; On           ;
; R11      ; 193        ; 4        ; RESERVED_INPUT_WITH_WEAK_PULLUP                ;        ;                       ;         ; Column I/O ;                 ; no       ; On           ;
; R12      ; 195        ; 4        ; RESERVED_INPUT_WITH_WEAK_PULLUP                ;        ;                       ;         ; Column I/O ;                 ; no       ; On           ;
; R13      ;            ;          ; GND                                            ; gnd    ;                       ;         ; --         ;                 ; --       ; --           ;
; R14      ; 246        ; 5        ; RESERVED_INPUT_WITH_WEAK_PULLUP                ;        ;                       ;         ; Row I/O    ;                 ; no       ; On           ;
; R15      ; 301        ; 5        ; RESERVED_INPUT_WITH_WEAK_PULLUP                ;        ;                       ;         ; Row I/O    ;                 ; no       ; On           ;
; R16      ; 303        ; 5        ; RESERVED_INPUT_WITH_WEAK_PULLUP                ;        ;                       ;         ; Row I/O    ;                 ; --       ; --           ;
; T1       ;            ;          ; GND                                            ; gnd    ;                       ;         ; --         ;                 ; --       ; --           ;
; T2       ; 135        ; 3        ; RESERVED_INPUT_WITH_WEAK_PULLUP                ;        ;                       ;         ; Column I/O ;                 ; no       ; On           ;
; T3       ; 133        ; 3        ; RESERVED_INPUT_WITH_WEAK_PULLUP                ;        ;                       ;         ; Column I/O ;                 ; no       ; On           ;
; T4       ; 151        ; 3        ; RESERVED_INPUT_WITH_WEAK_PULLUP                ;        ;                       ;         ; Column I/O ;                 ; no       ; On           ;
; T5       ; 149        ; 3        ; RESERVED_INPUT_WITH_WEAK_PULLUP                ;        ;                       ;         ; Column I/O ;                 ; no       ; On           ;
; T6       ; 155        ; 3        ; RESERVED_INPUT_WITH_WEAK_PULLUP                ;        ;                       ;         ; Column I/O ;                 ; no       ; On           ;
; T7       ; 153        ; 3        ; RESERVED_INPUT_WITH_WEAK_PULLUP                ;        ;                       ;         ; Column I/O ;                 ; --       ; --           ;
; T8       ; 157        ; 3        ; RESERVED_INPUT_WITH_WEAK_PULLUP                ;        ;                       ;         ; Column I/O ;                 ; no       ; On           ;
; T9       ; 161        ; 3        ; RESERVED_INPUT_WITH_WEAK_PULLUP                ;        ;                       ;         ; Column I/O ;                 ; no       ; On           ;
; T10      ;            ;          ; GND                                            ; gnd    ;                       ;         ; --         ;                 ; --       ; --           ;
; T11      ; 168        ; 3        ; RESERVED_INPUT_WITH_WEAK_PULLUP                ;        ;                       ;         ; Column I/O ;                 ; no       ; On           ;
; T12      ; 199        ; 4        ; RESERVED_INPUT_WITH_WEAK_PULLUP                ;        ;                       ;         ; Column I/O ;                 ; no       ; On           ;
; T13      ; 197        ; 4        ; RESERVED_INPUT_WITH_WEAK_PULLUP                ;        ;                       ;         ; Column I/O ;                 ; --       ; --           ;
; T14      ; 245        ; 5        ; RESERVED_INPUT_WITH_WEAK_PULLUP                ;        ;                       ;         ; Row I/O    ;                 ; no       ; On           ;
; T15      ; 247        ; 5        ; RESERVED_INPUT_WITH_WEAK_PULLUP                ;        ;                       ;         ; Row I/O    ;                 ; no       ; On           ;
; T16      ;            ;          ; GND                                            ; gnd    ;                       ;         ; --         ;                 ; --       ; --           ;
+----------+------------+----------+------------------------------------------------+--------+-----------------------+---------+------------+-----------------+----------+--------------+
Note: Pin directions (input, output or bidir) are based on device operating in user mode.


+------------------------------------------+
; I/O Assignment Warnings                  ;
+----------+-------------------------------+
; Pin Name ; Reason                        ;
+----------+-------------------------------+
; clk      ; Incomplete set of assignments ;
; h_areset ; Incomplete set of assignments ;
; areset   ; Incomplete set of assignments ;
; clk      ; Missing location assignment   ;
; h_areset ; Missing location assignment   ;
; areset   ; Missing location assignment   ;
+----------+-------------------------------+


+---------------------------------------------------------------------------------------------------------------------------------------------------------------------------------------------------------------------------------------------------------------------------------------------------------------------------------------------------------------------------------------------------------------------------------------------------------------------------------------------------------------------------------------+
; Fitter Resource Utilization by Entity                                                                                                                                                                                                                                                                                                                                                                                                                                                                                                 ;
+----------------------------------------------------------------------+-------------+---------------------------+---------------+-------------+------+------------+--------------+---------+-----------+------+--------------+--------------+-------------------+------------------+------------+-----------------------------------------------------------------------------------------------------------------------------------------------------------------------+-----------------------------------------------+--------------+
; Compilation Hierarchy Node                                           ; Logic Cells ; Dedicated Logic Registers ; I/O Registers ; Memory Bits ; M9Ks ; UFM Blocks ; DSP Elements ; DSP 9x9 ; DSP 18x18 ; Pins ; Virtual Pins ; LUT-Only LCs ; Register-Only LCs ; LUT/Register LCs ; ADC blocks ; Full Hierarchy Name                                                                                                                                                   ; Entity Name                                   ; Library Name ;
+----------------------------------------------------------------------+-------------+---------------------------+---------------+-------------+------+------------+--------------+---------+-----------+------+--------------+--------------+-------------------+------------------+------------+-----------------------------------------------------------------------------------------------------------------------------------------------------------------------+-----------------------------------------------+--------------+
; |decimation_filter_FilterSystem                                      ; 1254 (18)   ; 1084 (17)                 ; 0 (0)         ; 1792        ; 14   ; 1          ; 12           ; 0       ; 6         ; 3    ; 99           ; 170 (1)      ; 544 (0)           ; 540 (18)         ; 0          ; |decimation_filter_FilterSystem                                                                                                                                       ; decimation_filter_FilterSystem                ; work         ;
;    |decimation_filter_FilterSystem_DecimatingFIR1:theDecimatingFIR1| ; 302 (221)   ; 276 (195)                 ; 0 (0)         ; 904         ; 7    ; 0          ; 4            ; 0       ; 2         ; 0    ; 0            ; 25 (25)      ; 81 (7)            ; 196 (195)        ; 0          ; |decimation_filter_FilterSystem|decimation_filter_FilterSystem_DecimatingFIR1:theDecimatingFIR1                                                                       ; decimation_filter_FilterSystem_DecimatingFIR1 ; work         ;
;       |altsyncram:rm_dmem|                                           ; 0 (0)       ; 0 (0)                     ; 0 (0)         ; 96          ; 1    ; 0          ; 0            ; 0       ; 0         ; 0    ; 0            ; 0 (0)        ; 0 (0)             ; 0 (0)            ; 0          ; |decimation_filter_FilterSystem|decimation_filter_FilterSystem_DecimatingFIR1:theDecimatingFIR1|altsyncram:rm_dmem                                                    ; altsyncram                                    ; work         ;
;          |altsyncram_oab1:auto_generated|                            ; 0 (0)       ; 0 (0)                     ; 0 (0)         ; 96          ; 1    ; 0          ; 0            ; 0       ; 0         ; 0    ; 0            ; 0 (0)        ; 0 (0)             ; 0 (0)            ; 0          ; |decimation_filter_FilterSystem|decimation_filter_FilterSystem_DecimatingFIR1:theDecimatingFIR1|altsyncram:rm_dmem|altsyncram_oab1:auto_generated                     ; altsyncram_oab1                               ; work         ;
;       |altsyncram:u0_m0_wo0_cm0_dmem|                                ; 0 (0)       ; 0 (0)                     ; 0 (0)         ; 64          ; 1    ; 0          ; 0            ; 0       ; 0         ; 0    ; 0            ; 0 (0)        ; 0 (0)             ; 0 (0)            ; 0          ; |decimation_filter_FilterSystem|decimation_filter_FilterSystem_DecimatingFIR1:theDecimatingFIR1|altsyncram:u0_m0_wo0_cm0_dmem                                         ; altsyncram                                    ; work         ;
;          |altsyncram_6102:auto_generated|                            ; 0 (0)       ; 0 (0)                     ; 0 (0)         ; 64          ; 1    ; 0          ; 0            ; 0       ; 0         ; 0    ; 0            ; 0 (0)        ; 0 (0)             ; 0 (0)            ; 0          ; |decimation_filter_FilterSystem|decimation_filter_FilterSystem_DecimatingFIR1:theDecimatingFIR1|altsyncram:u0_m0_wo0_cm0_dmem|altsyncram_6102:auto_generated          ; altsyncram_6102                               ; work         ;
;       |altsyncram:u0_m0_wo0_cm1_dmem|                                ; 0 (0)       ; 0 (0)                     ; 0 (0)         ; 64          ; 1    ; 0          ; 0            ; 0       ; 0         ; 0    ; 0            ; 0 (0)        ; 0 (0)             ; 0 (0)            ; 0          ; |decimation_filter_FilterSystem|decimation_filter_FilterSystem_DecimatingFIR1:theDecimatingFIR1|altsyncram:u0_m0_wo0_cm1_dmem                                         ; altsyncram                                    ; work         ;
;          |altsyncram_6102:auto_generated|                            ; 0 (0)       ; 0 (0)                     ; 0 (0)         ; 64          ; 1    ; 0          ; 0            ; 0       ; 0         ; 0    ; 0            ; 0 (0)        ; 0 (0)             ; 0 (0)            ; 0          ; |decimation_filter_FilterSystem|decimation_filter_FilterSystem_DecimatingFIR1:theDecimatingFIR1|altsyncram:u0_m0_wo0_cm1_dmem|altsyncram_6102:auto_generated          ; altsyncram_6102                               ; work         ;
;       |altsyncram:u0_m0_wo0_wi0_r0_memr0_dmem|                       ; 0 (0)       ; 0 (0)                     ; 0 (0)         ; 136         ; 1    ; 0          ; 0            ; 0       ; 0         ; 0    ; 0            ; 0 (0)        ; 0 (0)             ; 0 (0)            ; 0          ; |decimation_filter_FilterSystem|decimation_filter_FilterSystem_DecimatingFIR1:theDecimatingFIR1|altsyncram:u0_m0_wo0_wi0_r0_memr0_dmem                                ; altsyncram                                    ; work         ;
;          |altsyncram_t302:auto_generated|                            ; 0 (0)       ; 0 (0)                     ; 0 (0)         ; 136         ; 1    ; 0          ; 0            ; 0       ; 0         ; 0    ; 0            ; 0 (0)        ; 0 (0)             ; 0 (0)            ; 0          ; |decimation_filter_FilterSystem|decimation_filter_FilterSystem_DecimatingFIR1:theDecimatingFIR1|altsyncram:u0_m0_wo0_wi0_r0_memr0_dmem|altsyncram_t302:auto_generated ; altsyncram_t302                               ; work         ;
;       |altsyncram:u0_m0_wo0_wi0_r0_memr1_dmem|                       ; 0 (0)       ; 0 (0)                     ; 0 (0)         ; 136         ; 1    ; 0          ; 0            ; 0       ; 0         ; 0    ; 0            ; 0 (0)        ; 0 (0)             ; 0 (0)            ; 0          ; |decimation_filter_FilterSystem|decimation_filter_FilterSystem_DecimatingFIR1:theDecimatingFIR1|altsyncram:u0_m0_wo0_wi0_r0_memr1_dmem                                ; altsyncram                                    ; work         ;
;          |altsyncram_t302:auto_generated|                            ; 0 (0)       ; 0 (0)                     ; 0 (0)         ; 136         ; 1    ; 0          ; 0            ; 0       ; 0         ; 0    ; 0            ; 0 (0)        ; 0 (0)             ; 0 (0)            ; 0          ; |decimation_filter_FilterSystem|decimation_filter_FilterSystem_DecimatingFIR1:theDecimatingFIR1|altsyncram:u0_m0_wo0_wi0_r0_memr1_dmem|altsyncram_t302:auto_generated ; altsyncram_t302                               ; work         ;
;       |altsyncram:u0_m0_wo0_wi0_r0_memr2_dmem|                       ; 0 (0)       ; 0 (0)                     ; 0 (0)         ; 204         ; 1    ; 0          ; 0            ; 0       ; 0         ; 0    ; 0            ; 0 (0)        ; 0 (0)             ; 0 (0)            ; 0          ; |decimation_filter_FilterSystem|decimation_filter_FilterSystem_DecimatingFIR1:theDecimatingFIR1|altsyncram:u0_m0_wo0_wi0_r0_memr2_dmem                                ; altsyncram                                    ; work         ;
;          |altsyncram_l602:auto_generated|                            ; 0 (0)       ; 0 (0)                     ; 0 (0)         ; 204         ; 1    ; 0          ; 0            ; 0       ; 0         ; 0    ; 0            ; 0 (0)        ; 0 (0)             ; 0 (0)            ; 0          ; |decimation_filter_FilterSystem|decimation_filter_FilterSystem_DecimatingFIR1:theDecimatingFIR1|altsyncram:u0_m0_wo0_wi0_r0_memr2_dmem|altsyncram_l602:auto_generated ; altsyncram_l602                               ; work         ;
;       |altsyncram:u0_m0_wo0_wi0_r0_memr3_dmem|                       ; 0 (0)       ; 0 (0)                     ; 0 (0)         ; 204         ; 1    ; 0          ; 0            ; 0       ; 0         ; 0    ; 0            ; 0 (0)        ; 0 (0)             ; 0 (0)            ; 0          ; |decimation_filter_FilterSystem|decimation_filter_FilterSystem_DecimatingFIR1:theDecimatingFIR1|altsyncram:u0_m0_wo0_wi0_r0_memr3_dmem                                ; altsyncram                                    ; work         ;
;          |altsyncram_l602:auto_generated|                            ; 0 (0)       ; 0 (0)                     ; 0 (0)         ; 204         ; 1    ; 0          ; 0            ; 0       ; 0         ; 0    ; 0            ; 0 (0)        ; 0 (0)             ; 0 (0)            ; 0          ; |decimation_filter_FilterSystem|decimation_filter_FilterSystem_DecimatingFIR1:theDecimatingFIR1|altsyncram:u0_m0_wo0_wi0_r0_memr3_dmem|altsyncram_l602:auto_generated ; altsyncram_l602                               ; work         ;
;       |dspba_delay_ver:d_busIn_read_12|                              ; 2 (2)       ; 2 (2)                     ; 0 (0)         ; 0           ; 0    ; 0          ; 0            ; 0       ; 0         ; 0    ; 0            ; 0 (0)        ; 2 (2)             ; 0 (0)            ; 0          ; |decimation_filter_FilterSystem|decimation_filter_FilterSystem_DecimatingFIR1:theDecimatingFIR1|dspba_delay_ver:d_busIn_read_12                                       ; dspba_delay_ver                               ; work         ;
;       |dspba_delay_ver:d_busIn_writedata_11|                         ; 16 (16)     ; 16 (16)                   ; 0 (0)         ; 0           ; 0    ; 0          ; 0            ; 0       ; 0         ; 0    ; 0            ; 0 (0)        ; 15 (15)           ; 1 (1)            ; 0          ; |decimation_filter_FilterSystem|decimation_filter_FilterSystem_DecimatingFIR1:theDecimatingFIR1|dspba_delay_ver:d_busIn_writedata_11                                  ; dspba_delay_ver                               ; work         ;
;       |dspba_delay_ver:d_in0_m0_wi0_wo0_assign_id1_q_13|             ; 3 (3)       ; 3 (3)                     ; 0 (0)         ; 0           ; 0    ; 0          ; 0            ; 0       ; 0         ; 0    ; 0            ; 0 (0)        ; 2 (2)             ; 1 (1)            ; 0          ; |decimation_filter_FilterSystem|decimation_filter_FilterSystem_DecimatingFIR1:theDecimatingFIR1|dspba_delay_ver:d_in0_m0_wi0_wo0_assign_id1_q_13                      ; dspba_delay_ver                               ; work         ;
;       |dspba_delay_ver:d_rblookup_h_12|                              ; 1 (1)       ; 1 (1)                     ; 0 (0)         ; 0           ; 0    ; 0          ; 0            ; 0       ; 0         ; 0    ; 0            ; 0 (0)        ; 0 (0)             ; 1 (1)            ; 0          ; |decimation_filter_FilterSystem|decimation_filter_FilterSystem_DecimatingFIR1:theDecimatingFIR1|dspba_delay_ver:d_rblookup_h_12                                       ; dspba_delay_ver                               ; work         ;
;       |dspba_delay_ver:d_u0_m0_wo0_compute_q_13|                     ; 1 (1)       ; 1 (1)                     ; 0 (0)         ; 0           ; 0    ; 0          ; 0            ; 0       ; 0         ; 0    ; 0            ; 0 (0)        ; 1 (1)             ; 0 (0)            ; 0          ; |decimation_filter_FilterSystem|decimation_filter_FilterSystem_DecimatingFIR1:theDecimatingFIR1|dspba_delay_ver:d_u0_m0_wo0_compute_q_13                              ; dspba_delay_ver                               ; work         ;
;       |dspba_delay_ver:d_u0_m0_wo0_compute_q_16|                     ; 3 (3)       ; 3 (3)                     ; 0 (0)         ; 0           ; 0    ; 0          ; 0            ; 0       ; 0         ; 0    ; 0            ; 0 (0)        ; 1 (1)             ; 2 (2)            ; 0          ; |decimation_filter_FilterSystem|decimation_filter_FilterSystem_DecimatingFIR1:theDecimatingFIR1|dspba_delay_ver:d_u0_m0_wo0_compute_q_16                              ; dspba_delay_ver                               ; work         ;
;       |dspba_delay_ver:d_u0_m0_wo0_compute_q_17|                     ; 1 (1)       ; 1 (1)                     ; 0 (0)         ; 0           ; 0    ; 0          ; 0            ; 0       ; 0         ; 0    ; 0            ; 0 (0)        ; 1 (1)             ; 0 (0)            ; 0          ; |decimation_filter_FilterSystem|decimation_filter_FilterSystem_DecimatingFIR1:theDecimatingFIR1|dspba_delay_ver:d_u0_m0_wo0_compute_q_17                              ; dspba_delay_ver                               ; work         ;
;       |dspba_delay_ver:d_u0_m0_wo0_memread_q_13|                     ; 1 (1)       ; 1 (1)                     ; 0 (0)         ; 0           ; 0    ; 0          ; 0            ; 0       ; 0         ; 0    ; 0            ; 0 (0)        ; 0 (0)             ; 1 (1)            ; 0          ; |decimation_filter_FilterSystem|decimation_filter_FilterSystem_DecimatingFIR1:theDecimatingFIR1|dspba_delay_ver:d_u0_m0_wo0_memread_q_13                              ; dspba_delay_ver                               ; work         ;
;       |dspba_delay_ver:d_xIn_0_13|                                   ; 51 (51)     ; 51 (51)                   ; 0 (0)         ; 0           ; 0    ; 0          ; 0            ; 0       ; 0         ; 0    ; 0            ; 0 (0)        ; 51 (51)           ; 0 (0)            ; 0          ; |decimation_filter_FilterSystem|decimation_filter_FilterSystem_DecimatingFIR1:theDecimatingFIR1|dspba_delay_ver:d_xIn_0_13                                            ; dspba_delay_ver                               ; work         ;
;       |dspba_delay_ver:u0_m0_wo0_compute|                            ; 1 (1)       ; 1 (1)                     ; 0 (0)         ; 0           ; 0    ; 0          ; 0            ; 0       ; 0         ; 0    ; 0            ; 0 (0)        ; 1 (1)             ; 0 (0)            ; 0          ; |decimation_filter_FilterSystem|decimation_filter_FilterSystem_DecimatingFIR1:theDecimatingFIR1|dspba_delay_ver:u0_m0_wo0_compute                                     ; dspba_delay_ver                               ; work         ;
;       |dspba_delay_ver:u0_m0_wo0_memread|                            ; 1 (1)       ; 1 (1)                     ; 0 (0)         ; 0           ; 0    ; 0          ; 0            ; 0       ; 0         ; 0    ; 0            ; 0 (0)        ; 0 (0)             ; 1 (1)            ; 0          ; |decimation_filter_FilterSystem|decimation_filter_FilterSystem_DecimatingFIR1:theDecimatingFIR1|dspba_delay_ver:u0_m0_wo0_memread                                     ; dspba_delay_ver                               ; work         ;
;       |lpm_mult:u0_m0_wo0_mtree_mult1_0_component|                   ; 0 (0)       ; 0 (0)                     ; 0 (0)         ; 0           ; 0    ; 0          ; 2            ; 0       ; 1         ; 0    ; 0            ; 0 (0)        ; 0 (0)             ; 0 (0)            ; 0          ; |decimation_filter_FilterSystem|decimation_filter_FilterSystem_DecimatingFIR1:theDecimatingFIR1|lpm_mult:u0_m0_wo0_mtree_mult1_0_component                            ; lpm_mult                                      ; work         ;
;          |mult_vot:auto_generated|                                   ; 0 (0)       ; 0 (0)                     ; 0 (0)         ; 0           ; 0    ; 0          ; 2            ; 0       ; 1         ; 0    ; 0            ; 0 (0)        ; 0 (0)             ; 0 (0)            ; 0          ; |decimation_filter_FilterSystem|decimation_filter_FilterSystem_DecimatingFIR1:theDecimatingFIR1|lpm_mult:u0_m0_wo0_mtree_mult1_0_component|mult_vot:auto_generated    ; mult_vot                                      ; work         ;
;       |lpm_mult:u0_m0_wo0_mtree_mult1_1_component|                   ; 0 (0)       ; 0 (0)                     ; 0 (0)         ; 0           ; 0    ; 0          ; 2            ; 0       ; 1         ; 0    ; 0            ; 0 (0)        ; 0 (0)             ; 0 (0)            ; 0          ; |decimation_filter_FilterSystem|decimation_filter_FilterSystem_DecimatingFIR1:theDecimatingFIR1|lpm_mult:u0_m0_wo0_mtree_mult1_1_component                            ; lpm_mult                                      ; work         ;
;          |mult_vot:auto_generated|                                   ; 0 (0)       ; 0 (0)                     ; 0 (0)         ; 0           ; 0    ; 0          ; 2            ; 0       ; 1         ; 0    ; 0            ; 0 (0)        ; 0 (0)             ; 0 (0)            ; 0          ; |decimation_filter_FilterSystem|decimation_filter_FilterSystem_DecimatingFIR1:theDecimatingFIR1|lpm_mult:u0_m0_wo0_mtree_mult1_1_component|mult_vot:auto_generated    ; mult_vot                                      ; work         ;
;    |decimation_filter_FilterSystem_DecimatingFIR2:theDecimatingFIR2| ; 781 (310)   ; 753 (281)                 ; 0 (0)         ; 888         ; 7    ; 0          ; 8            ; 0       ; 4         ; 0    ; 0            ; 27 (27)      ; 460 (3)           ; 294 (285)        ; 0          ; |decimation_filter_FilterSystem|decimation_filter_FilterSystem_DecimatingFIR2:theDecimatingFIR2                                                                       ; decimation_filter_FilterSystem_DecimatingFIR2 ; work         ;
;       |altsyncram:rm_dmem|                                           ; 0 (0)       ; 0 (0)                     ; 0 (0)         ; 224         ; 1    ; 0          ; 0            ; 0       ; 0         ; 0    ; 0            ; 0 (0)        ; 0 (0)             ; 0 (0)            ; 0          ; |decimation_filter_FilterSystem|decimation_filter_FilterSystem_DecimatingFIR2:theDecimatingFIR2|altsyncram:rm_dmem                                                    ; altsyncram                                    ; work         ;
;          |altsyncram_8cb1:auto_generated|                            ; 0 (0)       ; 0 (0)                     ; 0 (0)         ; 224         ; 1    ; 0          ; 0            ; 0       ; 0         ; 0    ; 0            ; 0 (0)        ; 0 (0)             ; 0 (0)            ; 0          ; |decimation_filter_FilterSystem|decimation_filter_FilterSystem_DecimatingFIR2:theDecimatingFIR2|altsyncram:rm_dmem|altsyncram_8cb1:auto_generated                     ; altsyncram_8cb1                               ; work         ;
;       |altsyncram:u0_m0_wo0_cm0_dmem|                                ; 0 (0)       ; 0 (0)                     ; 0 (0)         ; 64          ; 1    ; 0          ; 0            ; 0       ; 0         ; 0    ; 0            ; 0 (0)        ; 0 (0)             ; 0 (0)            ; 0          ; |decimation_filter_FilterSystem|decimation_filter_FilterSystem_DecimatingFIR2:theDecimatingFIR2|altsyncram:u0_m0_wo0_cm0_dmem                                         ; altsyncram                                    ; work         ;
;          |altsyncram_6102:auto_generated|                            ; 0 (0)       ; 0 (0)                     ; 0 (0)         ; 64          ; 1    ; 0          ; 0            ; 0       ; 0         ; 0    ; 0            ; 0 (0)        ; 0 (0)             ; 0 (0)            ; 0          ; |decimation_filter_FilterSystem|decimation_filter_FilterSystem_DecimatingFIR2:theDecimatingFIR2|altsyncram:u0_m0_wo0_cm0_dmem|altsyncram_6102:auto_generated          ; altsyncram_6102                               ; work         ;
;       |altsyncram:u0_m0_wo0_cm1_dmem|                                ; 0 (0)       ; 0 (0)                     ; 0 (0)         ; 64          ; 1    ; 0          ; 0            ; 0       ; 0         ; 0    ; 0            ; 0 (0)        ; 0 (0)             ; 0 (0)            ; 0          ; |decimation_filter_FilterSystem|decimation_filter_FilterSystem_DecimatingFIR2:theDecimatingFIR2|altsyncram:u0_m0_wo0_cm1_dmem                                         ; altsyncram                                    ; work         ;
;          |altsyncram_6102:auto_generated|                            ; 0 (0)       ; 0 (0)                     ; 0 (0)         ; 64          ; 1    ; 0          ; 0            ; 0       ; 0         ; 0    ; 0            ; 0 (0)        ; 0 (0)             ; 0 (0)            ; 0          ; |decimation_filter_FilterSystem|decimation_filter_FilterSystem_DecimatingFIR2:theDecimatingFIR2|altsyncram:u0_m0_wo0_cm1_dmem|altsyncram_6102:auto_generated          ; altsyncram_6102                               ; work         ;
;       |altsyncram:u0_m0_wo0_cm2_dmem|                                ; 0 (0)       ; 0 (0)                     ; 0 (0)         ; 64          ; 1    ; 0          ; 0            ; 0       ; 0         ; 0    ; 0            ; 0 (0)        ; 0 (0)             ; 0 (0)            ; 0          ; |decimation_filter_FilterSystem|decimation_filter_FilterSystem_DecimatingFIR2:theDecimatingFIR2|altsyncram:u0_m0_wo0_cm2_dmem                                         ; altsyncram                                    ; work         ;
;          |altsyncram_6102:auto_generated|                            ; 0 (0)       ; 0 (0)                     ; 0 (0)         ; 64          ; 1    ; 0          ; 0            ; 0       ; 0         ; 0    ; 0            ; 0 (0)        ; 0 (0)             ; 0 (0)            ; 0          ; |decimation_filter_FilterSystem|decimation_filter_FilterSystem_DecimatingFIR2:theDecimatingFIR2|altsyncram:u0_m0_wo0_cm2_dmem|altsyncram_6102:auto_generated          ; altsyncram_6102                               ; work         ;
;       |altsyncram:u0_m0_wo0_cm3_dmem|                                ; 0 (0)       ; 0 (0)                     ; 0 (0)         ; 64          ; 1    ; 0          ; 0            ; 0       ; 0         ; 0    ; 0            ; 0 (0)        ; 0 (0)             ; 0 (0)            ; 0          ; |decimation_filter_FilterSystem|decimation_filter_FilterSystem_DecimatingFIR2:theDecimatingFIR2|altsyncram:u0_m0_wo0_cm3_dmem                                         ; altsyncram                                    ; work         ;
;          |altsyncram_6102:auto_generated|                            ; 0 (0)       ; 0 (0)                     ; 0 (0)         ; 64          ; 1    ; 0          ; 0            ; 0       ; 0         ; 0    ; 0            ; 0 (0)        ; 0 (0)             ; 0 (0)            ; 0          ; |decimation_filter_FilterSystem|decimation_filter_FilterSystem_DecimatingFIR2:theDecimatingFIR2|altsyncram:u0_m0_wo0_cm3_dmem|altsyncram_6102:auto_generated          ; altsyncram_6102                               ; work         ;
;       |altsyncram:u0_m0_wo0_wi0_r0_memr0_dmem|                       ; 0 (0)       ; 0 (0)                     ; 0 (0)         ; 136         ; 1    ; 0          ; 0            ; 0       ; 0         ; 0    ; 0            ; 0 (0)        ; 0 (0)             ; 0 (0)            ; 0          ; |decimation_filter_FilterSystem|decimation_filter_FilterSystem_DecimatingFIR2:theDecimatingFIR2|altsyncram:u0_m0_wo0_wi0_r0_memr0_dmem                                ; altsyncram                                    ; work         ;
;          |altsyncram_t302:auto_generated|                            ; 0 (0)       ; 0 (0)                     ; 0 (0)         ; 136         ; 1    ; 0          ; 0            ; 0       ; 0         ; 0    ; 0            ; 0 (0)        ; 0 (0)             ; 0 (0)            ; 0          ; |decimation_filter_FilterSystem|decimation_filter_FilterSystem_DecimatingFIR2:theDecimatingFIR2|altsyncram:u0_m0_wo0_wi0_r0_memr0_dmem|altsyncram_t302:auto_generated ; altsyncram_t302                               ; work         ;
;       |altsyncram:u0_m0_wo0_wi0_r0_memr4_dmem|                       ; 0 (0)       ; 0 (0)                     ; 0 (0)         ; 272         ; 1    ; 0          ; 0            ; 0       ; 0         ; 0    ; 0            ; 0 (0)        ; 0 (0)             ; 0 (0)            ; 0          ; |decimation_filter_FilterSystem|decimation_filter_FilterSystem_DecimatingFIR2:theDecimatingFIR2|altsyncram:u0_m0_wo0_wi0_r0_memr4_dmem                                ; altsyncram                                    ; work         ;
;          |altsyncram_t602:auto_generated|                            ; 0 (0)       ; 0 (0)                     ; 0 (0)         ; 272         ; 1    ; 0          ; 0            ; 0       ; 0         ; 0    ; 0            ; 0 (0)        ; 0 (0)             ; 0 (0)            ; 0          ; |decimation_filter_FilterSystem|decimation_filter_FilterSystem_DecimatingFIR2:theDecimatingFIR2|altsyncram:u0_m0_wo0_wi0_r0_memr4_dmem|altsyncram_t602:auto_generated ; altsyncram_t602                               ; work         ;
;       |dspba_delay_ver:d_in0_m0_wi0_wo0_assign_id1_q_13|             ; 3 (3)       ; 3 (3)                     ; 0 (0)         ; 0           ; 0    ; 0          ; 0            ; 0       ; 0         ; 0    ; 0            ; 0 (0)        ; 3 (3)             ; 0 (0)            ; 0          ; |decimation_filter_FilterSystem|decimation_filter_FilterSystem_DecimatingFIR2:theDecimatingFIR2|dspba_delay_ver:d_in0_m0_wi0_wo0_assign_id1_q_13                      ; dspba_delay_ver                               ; work         ;
;       |dspba_delay_ver:d_rblookup_h_12|                              ; 1 (1)       ; 1 (1)                     ; 0 (0)         ; 0           ; 0    ; 0          ; 0            ; 0       ; 0         ; 0    ; 0            ; 0 (0)        ; 1 (1)             ; 0 (0)            ; 0          ; |decimation_filter_FilterSystem|decimation_filter_FilterSystem_DecimatingFIR2:theDecimatingFIR2|dspba_delay_ver:d_rblookup_h_12                                       ; dspba_delay_ver                               ; work         ;
;       |dspba_delay_ver:d_u0_m0_wo0_compute_q_13|                     ; 1 (1)       ; 1 (1)                     ; 0 (0)         ; 0           ; 0    ; 0          ; 0            ; 0       ; 0         ; 0    ; 0            ; 0 (0)        ; 0 (0)             ; 1 (1)            ; 0          ; |decimation_filter_FilterSystem|decimation_filter_FilterSystem_DecimatingFIR2:theDecimatingFIR2|dspba_delay_ver:d_u0_m0_wo0_compute_q_13                              ; dspba_delay_ver                               ; work         ;
;       |dspba_delay_ver:d_u0_m0_wo0_compute_q_17|                     ; 4 (4)       ; 4 (4)                     ; 0 (0)         ; 0           ; 0    ; 0          ; 0            ; 0       ; 0         ; 0    ; 0            ; 0 (0)        ; 4 (4)             ; 0 (0)            ; 0          ; |decimation_filter_FilterSystem|decimation_filter_FilterSystem_DecimatingFIR2:theDecimatingFIR2|dspba_delay_ver:d_u0_m0_wo0_compute_q_17                              ; dspba_delay_ver                               ; work         ;
;       |dspba_delay_ver:d_u0_m0_wo0_compute_q_18|                     ; 1 (1)       ; 1 (1)                     ; 0 (0)         ; 0           ; 0    ; 0          ; 0            ; 0       ; 0         ; 0    ; 0            ; 0 (0)        ; 1 (1)             ; 0 (0)            ; 0          ; |decimation_filter_FilterSystem|decimation_filter_FilterSystem_DecimatingFIR2:theDecimatingFIR2|dspba_delay_ver:d_u0_m0_wo0_compute_q_18                              ; dspba_delay_ver                               ; work         ;
;       |dspba_delay_ver:d_u0_m0_wo0_memread_q_13|                     ; 1 (1)       ; 1 (1)                     ; 0 (0)         ; 0           ; 0    ; 0          ; 0            ; 0       ; 0         ; 0    ; 0            ; 0 (0)        ; 0 (0)             ; 1 (1)            ; 0          ; |decimation_filter_FilterSystem|decimation_filter_FilterSystem_DecimatingFIR2:theDecimatingFIR2|dspba_delay_ver:d_u0_m0_wo0_memread_q_13                              ; dspba_delay_ver                               ; work         ;
;       |dspba_delay_ver:d_xIn_0_13|                                   ; 51 (51)     ; 51 (51)                   ; 0 (0)         ; 0           ; 0    ; 0          ; 0            ; 0       ; 0         ; 0    ; 0            ; 0 (0)        ; 40 (40)           ; 11 (11)          ; 0          ; |decimation_filter_FilterSystem|decimation_filter_FilterSystem_DecimatingFIR2:theDecimatingFIR2|dspba_delay_ver:d_xIn_0_13                                            ; dspba_delay_ver                               ; work         ;
;       |dspba_delay_ver:u0_m0_wo0_compute|                            ; 1 (1)       ; 1 (1)                     ; 0 (0)         ; 0           ; 0    ; 0          ; 0            ; 0       ; 0         ; 0    ; 0            ; 0 (0)        ; 1 (1)             ; 0 (0)            ; 0          ; |decimation_filter_FilterSystem|decimation_filter_FilterSystem_DecimatingFIR2:theDecimatingFIR2|dspba_delay_ver:u0_m0_wo0_compute                                     ; dspba_delay_ver                               ; work         ;
;       |dspba_delay_ver:u0_m0_wo0_memread|                            ; 1 (1)       ; 1 (1)                     ; 0 (0)         ; 0           ; 0    ; 0          ; 0            ; 0       ; 0         ; 0    ; 0            ; 0 (0)        ; 1 (1)             ; 0 (0)            ; 0          ; |decimation_filter_FilterSystem|decimation_filter_FilterSystem_DecimatingFIR2:theDecimatingFIR2|dspba_delay_ver:u0_m0_wo0_memread                                     ; dspba_delay_ver                               ; work         ;
;       |dspba_delay_ver:u0_m0_wo0_wi0_r0_delayr1|                     ; 68 (68)     ; 68 (68)                   ; 0 (0)         ; 0           ; 0    ; 0          ; 0            ; 0       ; 0         ; 0    ; 0            ; 0 (0)        ; 67 (67)           ; 1 (1)            ; 0          ; |decimation_filter_FilterSystem|decimation_filter_FilterSystem_DecimatingFIR2:theDecimatingFIR2|dspba_delay_ver:u0_m0_wo0_wi0_r0_delayr1                              ; dspba_delay_ver                               ; work         ;
;       |dspba_delay_ver:u0_m0_wo0_wi0_r0_delayr2|                     ; 68 (68)     ; 68 (68)                   ; 0 (0)         ; 0           ; 0    ; 0          ; 0            ; 0       ; 0         ; 0    ; 0            ; 0 (0)        ; 68 (68)           ; 0 (0)            ; 0          ; |decimation_filter_FilterSystem|decimation_filter_FilterSystem_DecimatingFIR2:theDecimatingFIR2|dspba_delay_ver:u0_m0_wo0_wi0_r0_delayr2                              ; dspba_delay_ver                               ; work         ;
;       |dspba_delay_ver:u0_m0_wo0_wi0_r0_delayr3|                     ; 68 (68)     ; 68 (68)                   ; 0 (0)         ; 0           ; 0    ; 0          ; 0            ; 0       ; 0         ; 0    ; 0            ; 0 (0)        ; 68 (68)           ; 0 (0)            ; 0          ; |decimation_filter_FilterSystem|decimation_filter_FilterSystem_DecimatingFIR2:theDecimatingFIR2|dspba_delay_ver:u0_m0_wo0_wi0_r0_delayr3                              ; dspba_delay_ver                               ; work         ;
;       |dspba_delay_ver:u0_m0_wo0_wi0_r0_delayr5|                     ; 68 (68)     ; 68 (68)                   ; 0 (0)         ; 0           ; 0    ; 0          ; 0            ; 0       ; 0         ; 0    ; 0            ; 0 (0)        ; 68 (68)           ; 0 (0)            ; 0          ; |decimation_filter_FilterSystem|decimation_filter_FilterSystem_DecimatingFIR2:theDecimatingFIR2|dspba_delay_ver:u0_m0_wo0_wi0_r0_delayr5                              ; dspba_delay_ver                               ; work         ;
;       |dspba_delay_ver:u0_m0_wo0_wi0_r0_delayr6|                     ; 68 (68)     ; 68 (68)                   ; 0 (0)         ; 0           ; 0    ; 0          ; 0            ; 0       ; 0         ; 0    ; 0            ; 0 (0)        ; 68 (68)           ; 0 (0)            ; 0          ; |decimation_filter_FilterSystem|decimation_filter_FilterSystem_DecimatingFIR2:theDecimatingFIR2|dspba_delay_ver:u0_m0_wo0_wi0_r0_delayr6                              ; dspba_delay_ver                               ; work         ;
;       |dspba_delay_ver:u0_m0_wo0_wi0_r0_delayr7|                     ; 68 (68)     ; 68 (68)                   ; 0 (0)         ; 0           ; 0    ; 0          ; 0            ; 0       ; 0         ; 0    ; 0            ; 0 (0)        ; 67 (67)           ; 1 (1)            ; 0          ; |decimation_filter_FilterSystem|decimation_filter_FilterSystem_DecimatingFIR2:theDecimatingFIR2|dspba_delay_ver:u0_m0_wo0_wi0_r0_delayr7                              ; dspba_delay_ver                               ; work         ;
;       |lpm_mult:u0_m0_wo0_mtree_mult1_0_component|                   ; 0 (0)       ; 0 (0)                     ; 0 (0)         ; 0           ; 0    ; 0          ; 2            ; 0       ; 1         ; 0    ; 0            ; 0 (0)        ; 0 (0)             ; 0 (0)            ; 0          ; |decimation_filter_FilterSystem|decimation_filter_FilterSystem_DecimatingFIR2:theDecimatingFIR2|lpm_mult:u0_m0_wo0_mtree_mult1_0_component                            ; lpm_mult                                      ; work         ;
;          |mult_vot:auto_generated|                                   ; 0 (0)       ; 0 (0)                     ; 0 (0)         ; 0           ; 0    ; 0          ; 2            ; 0       ; 1         ; 0    ; 0            ; 0 (0)        ; 0 (0)             ; 0 (0)            ; 0          ; |decimation_filter_FilterSystem|decimation_filter_FilterSystem_DecimatingFIR2:theDecimatingFIR2|lpm_mult:u0_m0_wo0_mtree_mult1_0_component|mult_vot:auto_generated    ; mult_vot                                      ; work         ;
;       |lpm_mult:u0_m0_wo0_mtree_mult1_1_component|                   ; 0 (0)       ; 0 (0)                     ; 0 (0)         ; 0           ; 0    ; 0          ; 2            ; 0       ; 1         ; 0    ; 0            ; 0 (0)        ; 0 (0)             ; 0 (0)            ; 0          ; |decimation_filter_FilterSystem|decimation_filter_FilterSystem_DecimatingFIR2:theDecimatingFIR2|lpm_mult:u0_m0_wo0_mtree_mult1_1_component                            ; lpm_mult                                      ; work         ;
;          |mult_vot:auto_generated|                                   ; 0 (0)       ; 0 (0)                     ; 0 (0)         ; 0           ; 0    ; 0          ; 2            ; 0       ; 1         ; 0    ; 0            ; 0 (0)        ; 0 (0)             ; 0 (0)            ; 0          ; |decimation_filter_FilterSystem|decimation_filter_FilterSystem_DecimatingFIR2:theDecimatingFIR2|lpm_mult:u0_m0_wo0_mtree_mult1_1_component|mult_vot:auto_generated    ; mult_vot                                      ; work         ;
;       |lpm_mult:u0_m0_wo0_mtree_mult1_2_component|                   ; 0 (0)       ; 0 (0)                     ; 0 (0)         ; 0           ; 0    ; 0          ; 2            ; 0       ; 1         ; 0    ; 0            ; 0 (0)        ; 0 (0)             ; 0 (0)            ; 0          ; |decimation_filter_FilterSystem|decimation_filter_FilterSystem_DecimatingFIR2:theDecimatingFIR2|lpm_mult:u0_m0_wo0_mtree_mult1_2_component                            ; lpm_mult                                      ; work         ;
;          |mult_vot:auto_generated|                                   ; 0 (0)       ; 0 (0)                     ; 0 (0)         ; 0           ; 0    ; 0          ; 2            ; 0       ; 1         ; 0    ; 0            ; 0 (0)        ; 0 (0)             ; 0 (0)            ; 0          ; |decimation_filter_FilterSystem|decimation_filter_FilterSystem_DecimatingFIR2:theDecimatingFIR2|lpm_mult:u0_m0_wo0_mtree_mult1_2_component|mult_vot:auto_generated    ; mult_vot                                      ; work         ;
;       |lpm_mult:u0_m0_wo0_mtree_mult1_3_component|                   ; 0 (0)       ; 0 (0)                     ; 0 (0)         ; 0           ; 0    ; 0          ; 2            ; 0       ; 1         ; 0    ; 0            ; 0 (0)        ; 0 (0)             ; 0 (0)            ; 0          ; |decimation_filter_FilterSystem|decimation_filter_FilterSystem_DecimatingFIR2:theDecimatingFIR2|lpm_mult:u0_m0_wo0_mtree_mult1_3_component                            ; lpm_mult                                      ; work         ;
;          |mult_vot:auto_generated|                                   ; 0 (0)       ; 0 (0)                     ; 0 (0)         ; 0           ; 0    ; 0          ; 2            ; 0       ; 1         ; 0    ; 0            ; 0 (0)        ; 0 (0)             ; 0 (0)            ; 0          ; |decimation_filter_FilterSystem|decimation_filter_FilterSystem_DecimatingFIR2:theDecimatingFIR2|lpm_mult:u0_m0_wo0_mtree_mult1_3_component|mult_vot:auto_generated    ; mult_vot                                      ; work         ;
;    |decimation_filter_FilterSystem_Scale2:theScale2|                 ; 79 (78)     ; 18 (17)                   ; 0 (0)         ; 0           ; 0    ; 0          ; 0            ; 0       ; 0         ; 0    ; 0            ; 53 (53)      ; 1 (0)             ; 25 (25)          ; 0          ; |decimation_filter_FilterSystem|decimation_filter_FilterSystem_Scale2:theScale2                                                                                       ; decimation_filter_FilterSystem_Scale2         ; work         ;
;       |dspba_delay_ver:redist0_xIn_v_1|                              ; 1 (1)       ; 1 (1)                     ; 0 (0)         ; 0           ; 0    ; 0          ; 0            ; 0       ; 0         ; 0    ; 0            ; 0 (0)        ; 1 (1)             ; 0 (0)            ; 0          ; |decimation_filter_FilterSystem|decimation_filter_FilterSystem_Scale2:theScale2|dspba_delay_ver:redist0_xIn_v_1                                                       ; dspba_delay_ver                               ; work         ;
;    |decimation_filter_FilterSystem_Scale3:theScale3|                 ; 82 (81)     ; 18 (17)                   ; 0 (0)         ; 0           ; 0    ; 0          ; 0            ; 0       ; 0         ; 0    ; 0            ; 64 (64)      ; 1 (0)             ; 17 (17)          ; 0          ; |decimation_filter_FilterSystem|decimation_filter_FilterSystem_Scale3:theScale3                                                                                       ; decimation_filter_FilterSystem_Scale3         ; work         ;
;       |dspba_delay_ver:redist0_xIn_v_1|                              ; 1 (1)       ; 1 (1)                     ; 0 (0)         ; 0           ; 0    ; 0          ; 0            ; 0       ; 0         ; 0    ; 0            ; 0 (0)        ; 1 (1)             ; 0 (0)            ; 0          ; |decimation_filter_FilterSystem|decimation_filter_FilterSystem_Scale3:theScale3|dspba_delay_ver:redist0_xIn_v_1                                                       ; dspba_delay_ver                               ; work         ;
;    |dspba_delay_ver:decimation_filter_FilterSystem_readDelayed|      ; 2 (2)       ; 2 (2)                     ; 0 (0)         ; 0           ; 0    ; 0          ; 0            ; 0       ; 0         ; 0    ; 0            ; 0 (0)        ; 1 (1)             ; 1 (1)            ; 0          ; |decimation_filter_FilterSystem|dspba_delay_ver:decimation_filter_FilterSystem_readDelayed                                                                            ; dspba_delay_ver                               ; work         ;
+----------------------------------------------------------------------+-------------+---------------------------+---------------+-------------+------+------------+--------------+---------+-----------+------+--------------+--------------+-------------------+------------------+------------+-----------------------------------------------------------------------------------------------------------------------------------------------------------------------+-----------------------------------------------+--------------+
Note: For table entries with two numbers listed, the numbers in parentheses indicate the number of resources of the given type used by the specific entity alone. The numbers listed outside of parentheses indicate the total resources of the given type used by the specific entity and all of its sub-entities in the hierarchy.


+------------------------------------------------------------------------------------------+
; Delay Chain Summary                                                                      ;
+----------+----------+---------------+---------------+-----------------------+-----+------+
; Name     ; Pin Type ; Pad to Core 0 ; Pad to Core 1 ; Pad to Input Register ; TCO ; TCOE ;
+----------+----------+---------------+---------------+-----------------------+-----+------+
; clk      ; Input    ; (0) 0 ps      ; --            ; --                    ; --  ; --   ;
; h_areset ; Input    ; (0) 0 ps      ; --            ; --                    ; --  ; --   ;
; areset   ; Input    ; (0) 0 ps      ; --            ; --                    ; --  ; --   ;
+----------+----------+---------------+---------------+-----------------------+-----+------+


+---------------------------------------------------+
; Pad To Core Delay Chain Fanout                    ;
+---------------------+-------------------+---------+
; Source Pin / Fanout ; Pad To Core Index ; Setting ;
+---------------------+-------------------+---------+
; clk                 ;                   ;         ;
; h_areset            ;                   ;         ;
; areset              ;                   ;         ;
+---------------------+-------------------+---------+


+--------------------------------------------------------------------------------------------------------------------------------------------------------------------------------------------------------------------------------------------------------------------------+
; Control Signals                                                                                                                                                                                                                                                          ;
+-------------------------------------------------------------------------------------------------------------------------------+--------------------+---------+----------------------------+--------+----------------------+------------------+---------------------------+
; Name                                                                                                                          ; Location           ; Fan-Out ; Usage                      ; Global ; Global Resource Used ; Global Line Name ; Enable Signal Source Name ;
+-------------------------------------------------------------------------------------------------------------------------------+--------------------+---------+----------------------------+--------+----------------------+------------------+---------------------------+
; areset                                                                                                                        ; PIN_K6             ; 1027    ; Async. clear               ; yes    ; Global Clock         ; GCLK4            ; --                        ;
; clk                                                                                                                           ; PIN_J6             ; 1110    ; Clock                      ; yes    ; Global Clock         ; GCLK3            ; --                        ;
; decimation_filter_FilterSystem_DecimatingFIR1:theDecimatingFIR1|dspba_delay_ver:d_in0_m0_wi0_wo0_assign_id1_q_13|delays[2][0] ; FF_X54_Y31_N9      ; 14      ; Clock enable, Write enable ; no     ; --                   ; --               ; --                        ;
; decimation_filter_FilterSystem_DecimatingFIR1:theDecimatingFIR1|dspba_delay_ver:d_u0_m0_wo0_compute_q_13|delays[0][0]         ; FF_X54_Y28_N13     ; 14      ; Clock enable, Write enable ; no     ; --                   ; --               ; --                        ;
; decimation_filter_FilterSystem_DecimatingFIR1:theDecimatingFIR1|dspba_delay_ver:d_u0_m0_wo0_compute_q_16|delays[2][0]         ; FF_X55_Y29_N29     ; 11      ; Clock enable               ; no     ; --                   ; --               ; --                        ;
; decimation_filter_FilterSystem_DecimatingFIR1:theDecimatingFIR1|dspba_delay_ver:d_u0_m0_wo0_compute_q_17|delays[0][0]         ; FF_X50_Y29_N25     ; 38      ; Clock enable               ; no     ; --                   ; --               ; --                        ;
; decimation_filter_FilterSystem_DecimatingFIR1:theDecimatingFIR1|dspba_delay_ver:d_u0_m0_wo0_memread_q_13|delays[0][0]         ; FF_X55_Y30_N19     ; 25      ; Clock enable               ; no     ; --                   ; --               ; --                        ;
; decimation_filter_FilterSystem_DecimatingFIR1:theDecimatingFIR1|dspba_delay_ver:u0_m0_wo0_compute|delays[1][0]                ; FF_X54_Y28_N29     ; 9       ; Clock enable               ; no     ; --                   ; --               ; --                        ;
; decimation_filter_FilterSystem_DecimatingFIR1:theDecimatingFIR1|rblookup_e[0]                                                 ; FF_X54_Y24_N9      ; 1       ; Write enable               ; no     ; --                   ; --               ; --                        ;
; decimation_filter_FilterSystem_DecimatingFIR1:theDecimatingFIR1|u0_m0_wo0_aseq_c[3]                                           ; FF_X55_Y29_N19     ; 39      ; Sync. load                 ; no     ; --                   ; --               ; --                        ;
; decimation_filter_FilterSystem_DecimatingFIR1:theDecimatingFIR1|u0_m0_wo0_dec0_e[0]                                           ; FF_X54_Y24_N29     ; 1       ; Clock enable, Write enable ; no     ; --                   ; --               ; --                        ;
; decimation_filter_FilterSystem_DecimatingFIR1:theDecimatingFIR1|u0_m0_wo0_dec1_e[0]                                           ; FF_X54_Y24_N17     ; 1       ; Clock enable, Write enable ; no     ; --                   ; --               ; --                        ;
; decimation_filter_FilterSystem_DecimatingFIR1:theDecimatingFIR1|u0_m0_wo0_symSuppress_1_seq_c[3]                              ; FF_X54_Y28_N3      ; 20      ; Sync. load                 ; no     ; --                   ; --               ; --                        ;
; decimation_filter_FilterSystem_DecimatingFIR1:theDecimatingFIR1|u0_m0_wo0_wi0_r0_ra2_count0_i[0]~0                            ; LCCOMB_X54_Y29_N16 ; 2       ; Clock enable               ; no     ; --                   ; --               ; --                        ;
; decimation_filter_FilterSystem_DecimatingFIR2:theDecimatingFIR2|dspba_delay_ver:d_in0_m0_wi0_wo0_assign_id1_q_13|delays[2][0] ; FF_X51_Y23_N21     ; 4       ; Clock enable, Write enable ; no     ; --                   ; --               ; --                        ;
; decimation_filter_FilterSystem_DecimatingFIR2:theDecimatingFIR2|dspba_delay_ver:d_u0_m0_wo0_compute_q_13|delays[0][0]         ; FF_X52_Y19_N29     ; 414     ; Clock enable, Write enable ; no     ; --                   ; --               ; --                        ;
; decimation_filter_FilterSystem_DecimatingFIR2:theDecimatingFIR2|dspba_delay_ver:d_u0_m0_wo0_compute_q_17|delays[3][0]         ; FF_X45_Y21_N25     ; 13      ; Clock enable               ; no     ; --                   ; --               ; --                        ;
; decimation_filter_FilterSystem_DecimatingFIR2:theDecimatingFIR2|dspba_delay_ver:d_u0_m0_wo0_compute_q_18|delays[0][0]         ; FF_X45_Y21_N23     ; 39      ; Clock enable               ; no     ; --                   ; --               ; --                        ;
; decimation_filter_FilterSystem_DecimatingFIR2:theDecimatingFIR2|dspba_delay_ver:d_u0_m0_wo0_memread_q_13|delays[0][0]         ; FF_X54_Y19_N13     ; 12      ; Clock enable               ; no     ; --                   ; --               ; --                        ;
; decimation_filter_FilterSystem_DecimatingFIR2:theDecimatingFIR2|dspba_delay_ver:u0_m0_wo0_compute|delays[1][0]                ; FF_X54_Y19_N7      ; 9       ; Clock enable               ; no     ; --                   ; --               ; --                        ;
; decimation_filter_FilterSystem_DecimatingFIR2:theDecimatingFIR2|rblookup_e[0]                                                 ; FF_X56_Y23_N13     ; 1       ; Write enable               ; no     ; --                   ; --               ; --                        ;
; decimation_filter_FilterSystem_DecimatingFIR2:theDecimatingFIR2|u0_m0_wo0_aseq_c[4]                                           ; FF_X45_Y20_N13     ; 40      ; Sync. load                 ; no     ; --                   ; --               ; --                        ;
; decimation_filter_FilterSystem_DecimatingFIR2:theDecimatingFIR2|u0_m0_wo0_dec0_e[0]                                           ; FF_X54_Y24_N5      ; 1       ; Clock enable, Write enable ; no     ; --                   ; --               ; --                        ;
; decimation_filter_FilterSystem_DecimatingFIR2:theDecimatingFIR2|u0_m0_wo0_dec1_e[0]                                           ; FF_X54_Y25_N9      ; 1       ; Clock enable, Write enable ; no     ; --                   ; --               ; --                        ;
; decimation_filter_FilterSystem_DecimatingFIR2:theDecimatingFIR2|u0_m0_wo0_dec2_e[0]                                           ; FF_X56_Y24_N3      ; 1       ; Clock enable, Write enable ; no     ; --                   ; --               ; --                        ;
; decimation_filter_FilterSystem_DecimatingFIR2:theDecimatingFIR2|u0_m0_wo0_dec3_e[0]                                           ; FF_X56_Y23_N31     ; 1       ; Clock enable, Write enable ; no     ; --                   ; --               ; --                        ;
; decimation_filter_FilterSystem_DecimatingFIR2:theDecimatingFIR2|u0_m0_wo0_run_count[3]                                        ; FF_X50_Y25_N31     ; 7       ; Clock enable               ; no     ; --                   ; --               ; --                        ;
; decimation_filter_FilterSystem_DecimatingFIR2:theDecimatingFIR2|u0_m0_wo0_symSuppress_3_seq_c[4]                              ; FF_X52_Y19_N23     ; 20      ; Sync. load                 ; no     ; --                   ; --               ; --                        ;
; h_areset                                                                                                                      ; PIN_M3             ; 69      ; Async. clear               ; yes    ; Global Clock         ; GCLK2            ; --                        ;
+-------------------------------------------------------------------------------------------------------------------------------+--------------------+---------+----------------------------+--------+----------------------+------------------+---------------------------+


+--------------------------------------------------------------------------------------------------------------------------------------------+
; Global & Other Fast Signals                                                                                                                ;
+----------+----------+---------+--------------------------------------+----------------------+------------------+---------------------------+
; Name     ; Location ; Fan-Out ; Fan-Out Using Intentional Clock Skew ; Global Resource Used ; Global Line Name ; Enable Signal Source Name ;
+----------+----------+---------+--------------------------------------+----------------------+------------------+---------------------------+
; areset   ; PIN_K6   ; 1027    ; 0                                    ; Global Clock         ; GCLK4            ; --                        ;
; clk      ; PIN_J6   ; 1110    ; 0                                    ; Global Clock         ; GCLK3            ; --                        ;
; h_areset ; PIN_M3   ; 69      ; 0                                    ; Global Clock         ; GCLK2            ; --                        ;
+----------+----------+---------+--------------------------------------+----------------------+------------------+---------------------------+


+------------------------------------------------------------------------------------------------------------------------------------------------------------------------------------------------------------------------------------------------------------------------------------------------------------------------------------------------------------------------------------------------------------------------------------------------------------------------------------------------------------------------------------------------------------------------------------------------------------------------------------------------------------------------------+
; Fitter RAM Summary                                                                                                                                                                                                                                                                                                                                                                                                                                                                                                                                                                                                                                                           ;
+--------------------------------------------------------------------------------------------------------------------------------------------------+------+------------------+--------------+--------------+--------------+--------------+--------------+------------------------+-------------------------+------------------------+-------------------------+------+-----------------------------+-----------------------------+-----------------------------+-----------------------------+---------------------+------+------+----------------+----------------------+------------------------+------------------------+----------+------------------------+---------------+
; Name                                                                                                                                             ; Type ; Mode             ; Clock Mode   ; Port A Depth ; Port A Width ; Port B Depth ; Port B Width ; Port A Input Registers ; Port A Output Registers ; Port B Input Registers ; Port B Output Registers ; Size ; Implementation Port A Depth ; Implementation Port A Width ; Implementation Port B Depth ; Implementation Port B Width ; Implementation Bits ; M9Ks ; MIF  ; Location       ; Mixed Width RDW Mode ; Port A RDW Mode        ; Port B RDW Mode        ; ECC Mode ; ECC Pipeline Registers ; Fits in MLABs ;
+--------------------------------------------------------------------------------------------------------------------------------------------------+------+------------------+--------------+--------------+--------------+--------------+--------------+------------------------+-------------------------+------------------------+-------------------------+------+-----------------------------+-----------------------------+-----------------------------+-----------------------------+---------------------+------+------+----------------+----------------------+------------------------+------------------------+----------+------------------------+---------------+
; decimation_filter_FilterSystem_DecimatingFIR1:theDecimatingFIR1|altsyncram:rm_dmem|altsyncram_oab1:auto_generated|ALTSYNCRAM                     ; M9K  ; Single Port      ; Single Clock ; 6            ; 16           ; --           ; --           ; yes                    ; yes                     ; --                     ; --                      ; 96   ; 6                           ; 16                          ; --                          ; --                          ; 96                  ; 1    ; None ; M9K_X53_Y26_N0 ; Don't care           ; New data with NBE Read ; New data with NBE Read ; Off      ; No                     ; No - Unknown  ;
; decimation_filter_FilterSystem_DecimatingFIR1:theDecimatingFIR1|altsyncram:u0_m0_wo0_cm0_dmem|altsyncram_6102:auto_generated|ALTSYNCRAM          ; M9K  ; Simple Dual Port ; Single Clock ; 4            ; 16           ; 4            ; 16           ; yes                    ; no                      ; yes                    ; yes                     ; 64   ; 4                           ; 16                          ; 4                           ; 16                          ; 64                  ; 1    ; None ; M9K_X53_Y27_N0 ; Don't care           ; New data with NBE Read ; New data with NBE Read ; Off      ; No                     ; No - Unknown  ;
; decimation_filter_FilterSystem_DecimatingFIR1:theDecimatingFIR1|altsyncram:u0_m0_wo0_cm1_dmem|altsyncram_6102:auto_generated|ALTSYNCRAM          ; M9K  ; Simple Dual Port ; Single Clock ; 4            ; 16           ; 4            ; 16           ; yes                    ; no                      ; yes                    ; yes                     ; 64   ; 4                           ; 16                          ; 4                           ; 16                          ; 64                  ; 1    ; None ; M9K_X53_Y28_N0 ; Don't care           ; New data with NBE Read ; New data with NBE Read ; Off      ; No                     ; No - Unknown  ;
; decimation_filter_FilterSystem_DecimatingFIR1:theDecimatingFIR1|altsyncram:u0_m0_wo0_wi0_r0_memr0_dmem|altsyncram_t302:auto_generated|ALTSYNCRAM ; M9K  ; Simple Dual Port ; Single Clock ; 8            ; 17           ; 8            ; 17           ; yes                    ; no                      ; yes                    ; yes                     ; 136  ; 8                           ; 17                          ; 8                           ; 17                          ; 136                 ; 1    ; None ; M9K_X53_Y31_N0 ; Don't care           ; New data with NBE Read ; New data with NBE Read ; Off      ; No                     ; No - Unknown  ;
; decimation_filter_FilterSystem_DecimatingFIR1:theDecimatingFIR1|altsyncram:u0_m0_wo0_wi0_r0_memr1_dmem|altsyncram_t302:auto_generated|ALTSYNCRAM ; M9K  ; Simple Dual Port ; Single Clock ; 8            ; 17           ; 8            ; 17           ; yes                    ; no                      ; yes                    ; yes                     ; 136  ; 8                           ; 17                          ; 8                           ; 17                          ; 136                 ; 1    ; None ; M9K_X53_Y30_N0 ; Don't care           ; New data with NBE Read ; New data with NBE Read ; Off      ; No                     ; No - Unknown  ;
; decimation_filter_FilterSystem_DecimatingFIR1:theDecimatingFIR1|altsyncram:u0_m0_wo0_wi0_r0_memr2_dmem|altsyncram_l602:auto_generated|ALTSYNCRAM ; M9K  ; Simple Dual Port ; Single Clock ; 12           ; 17           ; 12           ; 17           ; yes                    ; no                      ; yes                    ; yes                     ; 204  ; 12                          ; 17                          ; 12                          ; 17                          ; 204                 ; 1    ; None ; M9K_X53_Y29_N0 ; Don't care           ; New data with NBE Read ; New data with NBE Read ; Off      ; No                     ; No - Unknown  ;
; decimation_filter_FilterSystem_DecimatingFIR1:theDecimatingFIR1|altsyncram:u0_m0_wo0_wi0_r0_memr3_dmem|altsyncram_l602:auto_generated|ALTSYNCRAM ; M9K  ; Simple Dual Port ; Single Clock ; 12           ; 17           ; 12           ; 17           ; yes                    ; no                      ; yes                    ; yes                     ; 204  ; 12                          ; 17                          ; 12                          ; 17                          ; 204                 ; 1    ; None ; M9K_X53_Y32_N0 ; Don't care           ; New data with NBE Read ; New data with NBE Read ; Off      ; No                     ; No - Unknown  ;
; decimation_filter_FilterSystem_DecimatingFIR2:theDecimatingFIR2|altsyncram:rm_dmem|altsyncram_8cb1:auto_generated|ALTSYNCRAM                     ; M9K  ; Single Port      ; Single Clock ; 14           ; 16           ; --           ; --           ; yes                    ; yes                     ; --                     ; --                      ; 224  ; 14                          ; 16                          ; --                          ; --                          ; 224                 ; 1    ; None ; M9K_X53_Y21_N0 ; Don't care           ; New data with NBE Read ; New data with NBE Read ; Off      ; No                     ; No - Unknown  ;
; decimation_filter_FilterSystem_DecimatingFIR2:theDecimatingFIR2|altsyncram:u0_m0_wo0_cm0_dmem|altsyncram_6102:auto_generated|ALTSYNCRAM          ; M9K  ; Simple Dual Port ; Single Clock ; 4            ; 16           ; 4            ; 16           ; yes                    ; no                      ; yes                    ; yes                     ; 64   ; 4                           ; 16                          ; 4                           ; 16                          ; 64                  ; 1    ; None ; M9K_X53_Y24_N0 ; Don't care           ; New data with NBE Read ; New data with NBE Read ; Off      ; No                     ; No - Unknown  ;
; decimation_filter_FilterSystem_DecimatingFIR2:theDecimatingFIR2|altsyncram:u0_m0_wo0_cm1_dmem|altsyncram_6102:auto_generated|ALTSYNCRAM          ; M9K  ; Simple Dual Port ; Single Clock ; 4            ; 16           ; 4            ; 16           ; yes                    ; no                      ; yes                    ; yes                     ; 64   ; 4                           ; 16                          ; 4                           ; 16                          ; 64                  ; 1    ; None ; M9K_X53_Y25_N0 ; Don't care           ; New data with NBE Read ; New data with NBE Read ; Off      ; No                     ; No - Unknown  ;
; decimation_filter_FilterSystem_DecimatingFIR2:theDecimatingFIR2|altsyncram:u0_m0_wo0_cm2_dmem|altsyncram_6102:auto_generated|ALTSYNCRAM          ; M9K  ; Simple Dual Port ; Single Clock ; 4            ; 16           ; 4            ; 16           ; yes                    ; no                      ; yes                    ; yes                     ; 64   ; 4                           ; 16                          ; 4                           ; 16                          ; 64                  ; 1    ; None ; M9K_X53_Y22_N0 ; Don't care           ; New data with NBE Read ; New data with NBE Read ; Off      ; No                     ; No - Unknown  ;
; decimation_filter_FilterSystem_DecimatingFIR2:theDecimatingFIR2|altsyncram:u0_m0_wo0_cm3_dmem|altsyncram_6102:auto_generated|ALTSYNCRAM          ; M9K  ; Simple Dual Port ; Single Clock ; 4            ; 16           ; 4            ; 16           ; yes                    ; no                      ; yes                    ; yes                     ; 64   ; 4                           ; 16                          ; 4                           ; 16                          ; 64                  ; 1    ; None ; M9K_X53_Y20_N0 ; Don't care           ; New data with NBE Read ; New data with NBE Read ; Off      ; No                     ; No - Unknown  ;
; decimation_filter_FilterSystem_DecimatingFIR2:theDecimatingFIR2|altsyncram:u0_m0_wo0_wi0_r0_memr0_dmem|altsyncram_t302:auto_generated|ALTSYNCRAM ; M9K  ; Simple Dual Port ; Single Clock ; 8            ; 17           ; 8            ; 17           ; yes                    ; no                      ; yes                    ; yes                     ; 136  ; 8                           ; 17                          ; 8                           ; 17                          ; 136                 ; 1    ; None ; M9K_X53_Y23_N0 ; Don't care           ; New data with NBE Read ; New data with NBE Read ; Off      ; No                     ; No - Unknown  ;
; decimation_filter_FilterSystem_DecimatingFIR2:theDecimatingFIR2|altsyncram:u0_m0_wo0_wi0_r0_memr4_dmem|altsyncram_t602:auto_generated|ALTSYNCRAM ; M9K  ; Simple Dual Port ; Single Clock ; 16           ; 17           ; 16           ; 17           ; yes                    ; no                      ; yes                    ; yes                     ; 272  ; 16                          ; 17                          ; 16                          ; 17                          ; 272                 ; 1    ; None ; M9K_X53_Y19_N0 ; Don't care           ; New data with NBE Read ; New data with NBE Read ; Off      ; No                     ; No - Unknown  ;
+--------------------------------------------------------------------------------------------------------------------------------------------------+------+------------------+--------------+--------------+--------------+--------------+--------------+------------------------+-------------------------+------------------------+-------------------------+------+-----------------------------+-----------------------------+-----------------------------+-----------------------------+---------------------+------+------+----------------+----------------------+------------------------+------------------------+----------+------------------------+---------------+
Note: Fitter may spread logical memories into multiple blocks to improve timing. The actual required RAM blocks can be found in the Fitter Resource Usage section.


+-----------------------------------------------------------------------------------------------+
; Fitter DSP Block Usage Summary                                                                ;
+---------------------------------------+-------------+---------------------+-------------------+
; Statistic                             ; Number Used ; Available per Block ; Maximum Available ;
+---------------------------------------+-------------+---------------------+-------------------+
; Simple Multipliers (9-bit)            ; 0           ; 2                   ; 250               ;
; Simple Multipliers (18-bit)           ; 6           ; 1                   ; 125               ;
; Embedded Multiplier Blocks            ; 6           ; --                  ; 125               ;
; Embedded Multiplier 9-bit elements    ; 12          ; 2                   ; 250               ;
; Signed Embedded Multipliers           ; 6           ; --                  ; --                ;
; Unsigned Embedded Multipliers         ; 0           ; --                  ; --                ;
; Mixed Sign Embedded Multipliers       ; 0           ; --                  ; --                ;
; Variable Sign Embedded Multipliers    ; 0           ; --                  ; --                ;
; Dedicated Input Shift Register Chains ; 0           ; --                  ; --                ;
+---------------------------------------+-------------+---------------------+-------------------+


+------------------------------------------------------------------------------------------------------------------------------------------------------------------------------------------------------------------------------------------------------------------------------------------------------------------------------------------------+
; DSP Block Details                                                                                                                                                                                                                                                                                                                              ;
+-------------------------------------------------------------------------------------------------------------------------------------------------+----------------------------+--------------------+---------------------+--------------------------------+-----------------------+-----------------------+-------------------+-----------------+
; Name                                                                                                                                            ; Mode                       ; Location           ; Sign Representation ; Has Input Shift Register Chain ; Data A Input Register ; Data B Input Register ; Pipeline Register ; Output Register ;
+-------------------------------------------------------------------------------------------------------------------------------------------------+----------------------------+--------------------+---------------------+--------------------------------+-----------------------+-----------------------+-------------------+-----------------+
; decimation_filter_FilterSystem_DecimatingFIR2:theDecimatingFIR2|lpm_mult:u0_m0_wo0_mtree_mult1_0_component|mult_vot:auto_generated|result[0]    ; Simple Multiplier (18-bit) ; DSPOUT_X48_Y20_N2  ;                     ; No                             ;                       ;                       ;                   ; yes             ;
;    decimation_filter_FilterSystem_DecimatingFIR2:theDecimatingFIR2|lpm_mult:u0_m0_wo0_mtree_mult1_0_component|mult_vot:auto_generated|mac_mult1 ;                            ; DSPMULT_X48_Y20_N0 ; Signed              ;                                ; yes                   ; yes                   ; no                ;                 ;
; decimation_filter_FilterSystem_DecimatingFIR2:theDecimatingFIR2|lpm_mult:u0_m0_wo0_mtree_mult1_1_component|mult_vot:auto_generated|result[0]    ; Simple Multiplier (18-bit) ; DSPOUT_X48_Y22_N2  ;                     ; No                             ;                       ;                       ;                   ; yes             ;
;    decimation_filter_FilterSystem_DecimatingFIR2:theDecimatingFIR2|lpm_mult:u0_m0_wo0_mtree_mult1_1_component|mult_vot:auto_generated|mac_mult1 ;                            ; DSPMULT_X48_Y22_N0 ; Signed              ;                                ; yes                   ; yes                   ; no                ;                 ;
; decimation_filter_FilterSystem_DecimatingFIR2:theDecimatingFIR2|lpm_mult:u0_m0_wo0_mtree_mult1_2_component|mult_vot:auto_generated|result[0]    ; Simple Multiplier (18-bit) ; DSPOUT_X48_Y25_N2  ;                     ; No                             ;                       ;                       ;                   ; yes             ;
;    decimation_filter_FilterSystem_DecimatingFIR2:theDecimatingFIR2|lpm_mult:u0_m0_wo0_mtree_mult1_2_component|mult_vot:auto_generated|mac_mult1 ;                            ; DSPMULT_X48_Y25_N0 ; Signed              ;                                ; yes                   ; yes                   ; no                ;                 ;
; decimation_filter_FilterSystem_DecimatingFIR2:theDecimatingFIR2|lpm_mult:u0_m0_wo0_mtree_mult1_3_component|mult_vot:auto_generated|result[0]    ; Simple Multiplier (18-bit) ; DSPOUT_X48_Y24_N2  ;                     ; No                             ;                       ;                       ;                   ; yes             ;
;    decimation_filter_FilterSystem_DecimatingFIR2:theDecimatingFIR2|lpm_mult:u0_m0_wo0_mtree_mult1_3_component|mult_vot:auto_generated|mac_mult1 ;                            ; DSPMULT_X48_Y24_N0 ; Signed              ;                                ; yes                   ; yes                   ; no                ;                 ;
; decimation_filter_FilterSystem_DecimatingFIR1:theDecimatingFIR1|lpm_mult:u0_m0_wo0_mtree_mult1_0_component|mult_vot:auto_generated|result[0]    ; Simple Multiplier (18-bit) ; DSPOUT_X48_Y29_N2  ;                     ; No                             ;                       ;                       ;                   ; yes             ;
;    decimation_filter_FilterSystem_DecimatingFIR1:theDecimatingFIR1|lpm_mult:u0_m0_wo0_mtree_mult1_0_component|mult_vot:auto_generated|mac_mult1 ;                            ; DSPMULT_X48_Y29_N0 ; Signed              ;                                ; yes                   ; yes                   ; no                ;                 ;
; decimation_filter_FilterSystem_DecimatingFIR1:theDecimatingFIR1|lpm_mult:u0_m0_wo0_mtree_mult1_1_component|mult_vot:auto_generated|result[0]    ; Simple Multiplier (18-bit) ; DSPOUT_X48_Y31_N2  ;                     ; No                             ;                       ;                       ;                   ; yes             ;
;    decimation_filter_FilterSystem_DecimatingFIR1:theDecimatingFIR1|lpm_mult:u0_m0_wo0_mtree_mult1_1_component|mult_vot:auto_generated|mac_mult1 ;                            ; DSPMULT_X48_Y31_N0 ; Signed              ;                                ; yes                   ; yes                   ; no                ;                 ;
+-------------------------------------------------------------------------------------------------------------------------------------------------+----------------------------+--------------------+---------------------+--------------------------------+-----------------------+-----------------------+-------------------+-----------------+


+---------------------------------------------------+
; Routing Usage Summary                             ;
+-----------------------+---------------------------+
; Routing Resource Type ; Usage                     ;
+-----------------------+---------------------------+
; Block interconnects   ; 1,638 / 148,641 ( 1 % )   ;
; C16 interconnects     ; 1 / 5,382 ( < 1 % )       ;
; C4 interconnects      ; 851 / 106,704 ( < 1 % )   ;
; Direct links          ; 274 / 148,641 ( < 1 % )   ;
; Global clocks         ; 3 / 20 ( 15 % )           ;
; Local interconnects   ; 599 / 49,760 ( 1 % )      ;
; NSLEEPs               ; 0 / 500 ( 0 % )           ;
; R24 interconnects     ; 2 / 5,406 ( < 1 % )       ;
; R4 interconnects      ; 1,099 / 147,764 ( < 1 % ) ;
+-----------------------+---------------------------+


+-----------------------------------------------------------------------------+
; LAB Logic Elements                                                          ;
+---------------------------------------------+-------------------------------+
; Number of Logic Elements  (Average = 10.57) ; Number of LABs  (Total = 128) ;
+---------------------------------------------+-------------------------------+
; 1                                           ; 21                            ;
; 2                                           ; 7                             ;
; 3                                           ; 4                             ;
; 4                                           ; 2                             ;
; 5                                           ; 1                             ;
; 6                                           ; 2                             ;
; 7                                           ; 0                             ;
; 8                                           ; 0                             ;
; 9                                           ; 9                             ;
; 10                                          ; 7                             ;
; 11                                          ; 1                             ;
; 12                                          ; 5                             ;
; 13                                          ; 7                             ;
; 14                                          ; 4                             ;
; 15                                          ; 16                            ;
; 16                                          ; 42                            ;
+---------------------------------------------+-------------------------------+


+--------------------------------------------------------------------+
; LAB-wide Signals                                                   ;
+------------------------------------+-------------------------------+
; LAB-wide Signals  (Average = 1.89) ; Number of LABs  (Total = 128) ;
+------------------------------------+-------------------------------+
; 1 Async. clear                     ; 90                            ;
; 1 Clock                            ; 95                            ;
; 1 Clock enable                     ; 41                            ;
; 1 Sync. load                       ; 10                            ;
; 2 Async. clears                    ; 5                             ;
; 2 Clock enables                    ; 1                             ;
+------------------------------------+-------------------------------+


+------------------------------------------------------------------------------+
; LAB Signals Sourced                                                          ;
+----------------------------------------------+-------------------------------+
; Number of Signals Sourced  (Average = 16.77) ; Number of LABs  (Total = 128) ;
+----------------------------------------------+-------------------------------+
; 0                                            ; 18                            ;
; 1                                            ; 8                             ;
; 2                                            ; 5                             ;
; 3                                            ; 1                             ;
; 4                                            ; 2                             ;
; 5                                            ; 1                             ;
; 6                                            ; 2                             ;
; 7                                            ; 2                             ;
; 8                                            ; 2                             ;
; 9                                            ; 2                             ;
; 10                                           ; 1                             ;
; 11                                           ; 1                             ;
; 12                                           ; 1                             ;
; 13                                           ; 0                             ;
; 14                                           ; 1                             ;
; 15                                           ; 2                             ;
; 16                                           ; 1                             ;
; 17                                           ; 1                             ;
; 18                                           ; 6                             ;
; 19                                           ; 3                             ;
; 20                                           ; 7                             ;
; 21                                           ; 4                             ;
; 22                                           ; 2                             ;
; 23                                           ; 2                             ;
; 24                                           ; 3                             ;
; 25                                           ; 10                            ;
; 26                                           ; 8                             ;
; 27                                           ; 11                            ;
; 28                                           ; 5                             ;
; 29                                           ; 2                             ;
; 30                                           ; 5                             ;
; 31                                           ; 0                             ;
; 32                                           ; 9                             ;
+----------------------------------------------+-------------------------------+


+---------------------------------------------------------------------------------+
; LAB Signals Sourced Out                                                         ;
+-------------------------------------------------+-------------------------------+
; Number of Signals Sourced Out  (Average = 6.12) ; Number of LABs  (Total = 128) ;
+-------------------------------------------------+-------------------------------+
; 0                                               ; 18                            ;
; 1                                               ; 14                            ;
; 2                                               ; 7                             ;
; 3                                               ; 7                             ;
; 4                                               ; 14                            ;
; 5                                               ; 13                            ;
; 6                                               ; 6                             ;
; 7                                               ; 2                             ;
; 8                                               ; 5                             ;
; 9                                               ; 7                             ;
; 10                                              ; 8                             ;
; 11                                              ; 4                             ;
; 12                                              ; 3                             ;
; 13                                              ; 5                             ;
; 14                                              ; 2                             ;
; 15                                              ; 2                             ;
; 16                                              ; 10                            ;
; 17                                              ; 1                             ;
+-------------------------------------------------+-------------------------------+


+-----------------------------------------------------------------------------+
; LAB Distinct Inputs                                                         ;
+---------------------------------------------+-------------------------------+
; Number of Distinct Inputs  (Average = 9.70) ; Number of LABs  (Total = 128) ;
+---------------------------------------------+-------------------------------+
; 0                                           ; 0                             ;
; 1                                           ; 2                             ;
; 2                                           ; 4                             ;
; 3                                           ; 9                             ;
; 4                                           ; 6                             ;
; 5                                           ; 16                            ;
; 6                                           ; 9                             ;
; 7                                           ; 4                             ;
; 8                                           ; 2                             ;
; 9                                           ; 1                             ;
; 10                                          ; 2                             ;
; 11                                          ; 3                             ;
; 12                                          ; 1                             ;
; 13                                          ; 2                             ;
; 14                                          ; 2                             ;
; 15                                          ; 2                             ;
; 16                                          ; 3                             ;
; 17                                          ; 3                             ;
; 18                                          ; 4                             ;
; 19                                          ; 1                             ;
; 20                                          ; 9                             ;
; 21                                          ; 9                             ;
; 22                                          ; 5                             ;
; 23                                          ; 0                             ;
; 24                                          ; 0                             ;
; 25                                          ; 0                             ;
; 26                                          ; 0                             ;
; 27                                          ; 0                             ;
; 28                                          ; 0                             ;
; 29                                          ; 0                             ;
; 30                                          ; 0                             ;
; 31                                          ; 0                             ;
; 32                                          ; 0                             ;
; 33                                          ; 0                             ;
; 34                                          ; 0                             ;
; 35                                          ; 5                             ;
+---------------------------------------------+-------------------------------+


+------------------------------------------+
; I/O Rules Summary                        ;
+----------------------------------+-------+
; I/O Rules Statistic              ; Total ;
+----------------------------------+-------+
; Total I/O Rules                  ; 30    ;
; Number of I/O Rules Passed       ; 6     ;
; Number of I/O Rules Failed       ; 0     ;
; Number of I/O Rules Unchecked    ; 0     ;
; Number of I/O Rules Inapplicable ; 24    ;
+----------------------------------+-------+


+-------------------------------------------------------------------------------------------------------------------------------------------------------------------------------------------------------------------------------------------------------------------------------------------------------+
; I/O Rules Details                                                                                                                                                                                                                                                                                     ;
+--------------+-----------+-----------------------------------+------------------------------------------------------------------------------------------------------+----------+-------------------------------------------------------------------------------------------+------+-------------------+
; Status       ; ID        ; Category                          ; Rule Description                                                                                     ; Severity ; Information                                                                               ; Area ; Extra Information ;
+--------------+-----------+-----------------------------------+------------------------------------------------------------------------------------------------------+----------+-------------------------------------------------------------------------------------------+------+-------------------+
; Inapplicable ; IO_000001 ; Capacity Checks                   ; Number of pins in an I/O bank should not exceed the number of locations available.                   ; Critical ; No Location assignments found.                                                            ; I/O  ;                   ;
; Inapplicable ; IO_000002 ; Capacity Checks                   ; Number of clocks in an I/O bank should not exceed the number of clocks available.                    ; Critical ; No Global Signal assignments found.                                                       ; I/O  ;                   ;
; Inapplicable ; IO_000003 ; Capacity Checks                   ; Number of pins in a Vrefgroup should not exceed the number of locations available.                   ; Critical ; No Location assignments found.                                                            ; I/O  ;                   ;
; Inapplicable ; IO_000004 ; Voltage Compatibility Checks      ; The I/O bank should support the requested VCCIO.                                                     ; Critical ; No IOBANK_VCCIO assignments found.                                                        ; I/O  ;                   ;
; Inapplicable ; IO_000005 ; Voltage Compatibility Checks      ; The I/O bank should not have competing VREF values.                                                  ; Critical ; No VREF I/O Standard assignments found.                                                   ; I/O  ;                   ;
; Pass         ; IO_000006 ; Voltage Compatibility Checks      ; The I/O bank should not have competing VCCIO values.                                                 ; Critical ; 0 such failures found.                                                                    ; I/O  ;                   ;
; Inapplicable ; IO_000007 ; Valid Location Checks             ; Checks for unavailable locations.                                                                    ; Critical ; No Location assignments found.                                                            ; I/O  ;                   ;
; Inapplicable ; IO_000008 ; Valid Location Checks             ; Checks for reserved locations.                                                                       ; Critical ; No reserved LogicLock region found.                                                       ; I/O  ;                   ;
; Pass         ; IO_000009 ; I/O Properties Checks for One I/O ; The location should support the requested I/O standard.                                              ; Critical ; 0 such failures found.                                                                    ; I/O  ;                   ;
; Pass         ; IO_000010 ; I/O Properties Checks for One I/O ; The location should support the requested I/O direction.                                             ; Critical ; 0 such failures found.                                                                    ; I/O  ;                   ;
; Inapplicable ; IO_000011 ; I/O Properties Checks for One I/O ; The location should support the requested Current Strength.                                          ; Critical ; No Current Strength assignments found.                                                    ; I/O  ;                   ;
; Inapplicable ; IO_000012 ; I/O Properties Checks for One I/O ; The location should support the requested On Chip Termination value.                                 ; Critical ; No Termination assignments found.                                                         ; I/O  ;                   ;
; Inapplicable ; IO_000013 ; I/O Properties Checks for One I/O ; The location should support the requested Bus Hold value.                                            ; Critical ; No Enable Bus-Hold Circuitry assignments found.                                           ; I/O  ;                   ;
; Inapplicable ; IO_000014 ; I/O Properties Checks for One I/O ; The location should support the requested Weak Pull Up value.                                        ; Critical ; No Weak Pull-Up Resistor assignments found.                                               ; I/O  ;                   ;
; Pass         ; IO_000015 ; I/O Properties Checks for One I/O ; The location should support the requested PCI Clamp Diode.                                           ; Critical ; 0 such failures found.                                                                    ; I/O  ;                   ;
; Inapplicable ; IO_000018 ; I/O Properties Checks for One I/O ; The I/O standard should support the requested Current Strength.                                      ; Critical ; No Current Strength assignments found.                                                    ; I/O  ;                   ;
; Inapplicable ; IO_000019 ; I/O Properties Checks for One I/O ; The I/O standard should support the requested On Chip Termination value.                             ; Critical ; No Termination assignments found.                                                         ; I/O  ;                   ;
; Pass         ; IO_000020 ; I/O Properties Checks for One I/O ; The I/O standard should support the requested PCI Clamp Diode.                                       ; Critical ; 0 such failures found.                                                                    ; I/O  ;                   ;
; Inapplicable ; IO_000021 ; I/O Properties Checks for One I/O ; The I/O standard should support the requested Weak Pull Up value.                                    ; Critical ; No Weak Pull-Up Resistor assignments found.                                               ; I/O  ;                   ;
; Inapplicable ; IO_000022 ; I/O Properties Checks for One I/O ; The I/O standard should support the requested Bus Hold value.                                        ; Critical ; No Enable Bus-Hold Circuitry assignments found.                                           ; I/O  ;                   ;
; Inapplicable ; IO_000023 ; I/O Properties Checks for One I/O ; The I/O standard should support the Open Drain value.                                                ; Critical ; No open drain assignments found.                                                          ; I/O  ;                   ;
; Inapplicable ; IO_000024 ; I/O Properties Checks for One I/O ; The I/O direction should support the On Chip Termination value.                                      ; Critical ; No Termination assignments found.                                                         ; I/O  ;                   ;
; Inapplicable ; IO_000026 ; I/O Properties Checks for One I/O ; On Chip Termination and Current Strength should not be used at the same time.                        ; Critical ; No Current Strength or Termination assignments found.                                     ; I/O  ;                   ;
; Inapplicable ; IO_000027 ; I/O Properties Checks for One I/O ; Weak Pull Up and Bus Hold should not be used at the same time.                                       ; Critical ; No Enable Bus-Hold Circuitry or Weak Pull-Up Resistor assignments found.                  ; I/O  ;                   ;
; Inapplicable ; IO_000045 ; I/O Properties Checks for One I/O ; The I/O standard should support the requested Slew Rate value.                                       ; Critical ; No Slew Rate assignments found.                                                           ; I/O  ;                   ;
; Inapplicable ; IO_000046 ; I/O Properties Checks for One I/O ; The location should support the requested Slew Rate value.                                           ; Critical ; No Slew Rate assignments found.                                                           ; I/O  ;                   ;
; Inapplicable ; IO_000047 ; I/O Properties Checks for One I/O ; On Chip Termination and Slew Rate should not be used at the same time.                               ; Critical ; No Slew Rate assignments found.                                                           ; I/O  ;                   ;
; Pass         ; IO_000033 ; Electromigration Checks           ; Current density for consecutive I/Os should not exceed 160mA for row I/Os and 160mA for column I/Os. ; Critical ; 0 such failures found.                                                                    ; I/O  ;                   ;
; Inapplicable ; IO_000034 ; SI Related Distance Checks        ; Single-ended outputs should be 5 LAB row(s) away from a differential I/O.                            ; High     ; No Outputs with single-ended I/O Standard or Differential I/O Standard assignments found. ; I/O  ;                   ;
; Inapplicable ; IO_000042 ; SI Related SSO Limit Checks       ; No more than 20 outputs are allowed in a VREF group when VREF is being read from.                    ; High     ; No Outputs or VREF I/O Standard assignments found.                                        ; I/O  ;                   ;
+--------------+-----------+-----------------------------------+------------------------------------------------------------------------------------------------------+----------+-------------------------------------------------------------------------------------------+------+-------------------+


+--------------------------------------------------------------------------------------------------------------------------------------------------------------------------------------------------------------------------------------------------------------------------------------------------------------------------------------------------------------------------------------------------------------------------------------------------------------------+
; I/O Rules Matrix                                                                                                                                                                                                                                                                                                                                                                                                                                                   ;
+--------------------+--------------+--------------+--------------+--------------+--------------+-----------+--------------+--------------+-----------+-----------+--------------+--------------+--------------+--------------+-----------+--------------+--------------+-----------+--------------+--------------+--------------+--------------+--------------+--------------+--------------+--------------+--------------+-----------+--------------+--------------+
; Pin/Rules          ; IO_000001    ; IO_000002    ; IO_000003    ; IO_000004    ; IO_000005    ; IO_000006 ; IO_000007    ; IO_000008    ; IO_000009 ; IO_000010 ; IO_000011    ; IO_000012    ; IO_000013    ; IO_000014    ; IO_000015 ; IO_000018    ; IO_000019    ; IO_000020 ; IO_000021    ; IO_000022    ; IO_000023    ; IO_000024    ; IO_000026    ; IO_000027    ; IO_000045    ; IO_000046    ; IO_000047    ; IO_000033 ; IO_000034    ; IO_000042    ;
+--------------------+--------------+--------------+--------------+--------------+--------------+-----------+--------------+--------------+-----------+-----------+--------------+--------------+--------------+--------------+-----------+--------------+--------------+-----------+--------------+--------------+--------------+--------------+--------------+--------------+--------------+--------------+--------------+-----------+--------------+--------------+
; Total Pass         ; 0            ; 0            ; 0            ; 0            ; 0            ; 3         ; 0            ; 0            ; 3         ; 3         ; 0            ; 0            ; 0            ; 0            ; 3         ; 0            ; 0            ; 3         ; 0            ; 0            ; 0            ; 0            ; 0            ; 0            ; 0            ; 0            ; 0            ; 3         ; 0            ; 0            ;
; Total Unchecked    ; 0            ; 0            ; 0            ; 0            ; 0            ; 0         ; 0            ; 0            ; 0         ; 0         ; 0            ; 0            ; 0            ; 0            ; 0         ; 0            ; 0            ; 0         ; 0            ; 0            ; 0            ; 0            ; 0            ; 0            ; 0            ; 0            ; 0            ; 0         ; 0            ; 0            ;
; Total Inapplicable ; 3            ; 3            ; 3            ; 3            ; 3            ; 0         ; 3            ; 3            ; 0         ; 0         ; 3            ; 3            ; 3            ; 3            ; 0         ; 3            ; 3            ; 0         ; 3            ; 3            ; 3            ; 3            ; 3            ; 3            ; 3            ; 3            ; 3            ; 0         ; 3            ; 3            ;
; Total Fail         ; 0            ; 0            ; 0            ; 0            ; 0            ; 0         ; 0            ; 0            ; 0         ; 0         ; 0            ; 0            ; 0            ; 0            ; 0         ; 0            ; 0            ; 0         ; 0            ; 0            ; 0            ; 0            ; 0            ; 0            ; 0            ; 0            ; 0            ; 0         ; 0            ; 0            ;
; clk                ; Inapplicable ; Inapplicable ; Inapplicable ; Inapplicable ; Inapplicable ; Pass      ; Inapplicable ; Inapplicable ; Pass      ; Pass      ; Inapplicable ; Inapplicable ; Inapplicable ; Inapplicable ; Pass      ; Inapplicable ; Inapplicable ; Pass      ; Inapplicable ; Inapplicable ; Inapplicable ; Inapplicable ; Inapplicable ; Inapplicable ; Inapplicable ; Inapplicable ; Inapplicable ; Pass      ; Inapplicable ; Inapplicable ;
; h_areset           ; Inapplicable ; Inapplicable ; Inapplicable ; Inapplicable ; Inapplicable ; Pass      ; Inapplicable ; Inapplicable ; Pass      ; Pass      ; Inapplicable ; Inapplicable ; Inapplicable ; Inapplicable ; Pass      ; Inapplicable ; Inapplicable ; Pass      ; Inapplicable ; Inapplicable ; Inapplicable ; Inapplicable ; Inapplicable ; Inapplicable ; Inapplicable ; Inapplicable ; Inapplicable ; Pass      ; Inapplicable ; Inapplicable ;
; areset             ; Inapplicable ; Inapplicable ; Inapplicable ; Inapplicable ; Inapplicable ; Pass      ; Inapplicable ; Inapplicable ; Pass      ; Pass      ; Inapplicable ; Inapplicable ; Inapplicable ; Inapplicable ; Pass      ; Inapplicable ; Inapplicable ; Pass      ; Inapplicable ; Inapplicable ; Inapplicable ; Inapplicable ; Inapplicable ; Inapplicable ; Inapplicable ; Inapplicable ; Inapplicable ; Pass      ; Inapplicable ; Inapplicable ;
+--------------------+--------------+--------------+--------------+--------------+--------------+-----------+--------------+--------------+-----------+-----------+--------------+--------------+--------------+--------------+-----------+--------------+--------------+-----------+--------------+--------------+--------------+--------------+--------------+--------------+--------------+--------------+--------------+-----------+--------------+--------------+


+-------------------------------------------------------------------------------------------+
; Fitter Device Options                                                                     ;
+------------------------------------------------------------------+------------------------+
; Option                                                           ; Setting                ;
+------------------------------------------------------------------+------------------------+
; Enable user-supplied start-up clock (CLKUSR)                     ; Off                    ;
; Enable device-wide reset (DEV_CLRn)                              ; Off                    ;
; Enable device-wide output enable (DEV_OE)                        ; Off                    ;
; Enable INIT_DONE output                                          ; Off                    ;
; Configuration scheme                                             ; Internal Configuration ;
; Enable Error Detection CRC_ERROR pin                             ; Off                    ;
; Enable open drain on CRC_ERROR pin                               ; Off                    ;
; Enable nCONFIG, nSTATUS, and CONF_DONE pins                      ; On                     ;
; Enable JTAG pin sharing                                          ; Off                    ;
; Enable nCE pin                                                   ; Off                    ;
; Enable CONFIG_SEL pin                                            ; On                     ;
; Enable input tri-state on active configuration pins in user mode ; Off                    ;
; Configuration Voltage Level                                      ; Auto                   ;
; Force Configuration Voltage Level                                ; Off                    ;
; Data[0]                                                          ; Unreserved             ;
; Data[1]/ASDO                                                     ; Unreserved             ;
; FLASH_nCE/nCSO                                                   ; Unreserved             ;
; DCLK                                                             ; Unreserved             ;
+------------------------------------------------------------------+------------------------+


+------------------------------------+
; Operating Settings and Conditions  ;
+---------------------------+--------+
; Setting                   ; Value  ;
+---------------------------+--------+
; Nominal Core Voltage      ; 1.20 V ;
; Low Junction Temperature  ; -40 °C ;
; High Junction Temperature ; 125 °C ;
+---------------------------+--------+


+------------------------------------------------------------+
; Estimated Delay Added for Hold Timing Summary              ;
+-----------------+----------------------+-------------------+
; Source Clock(s) ; Destination Clock(s) ; Delay Added in ns ;
+-----------------+----------------------+-------------------+
; clk             ; clk                  ; 10.5              ;
+-----------------+----------------------+-------------------+
Note: For more information on problematic transfers, consider running the Fitter again with the Optimize hold timing option (Settings Menu) turned off.
This will disable optimization of problematic paths and expose them for further analysis using the Timing Analyzer.


+--------------------------------------------------------------------------------------------------------------------------------------------------------------------------------------------------------------------------------------------------------------------------------------------------------------------+
; Estimated Delay Added for Hold Timing Details                                                                                                                                                                                                                                                                      ;
+------------------------------------------------------------------------------------------------------------------------+-----------------------------------------------------------------------------------------------------------------------------------------------------------------------+-------------------+
; Source Register                                                                                                        ; Destination Register                                                                                                                                                  ; Delay Added in ns ;
+------------------------------------------------------------------------------------------------------------------------+-----------------------------------------------------------------------------------------------------------------------------------------------------------------------+-------------------+
; decimation_filter_FilterSystem_DecimatingFIR2:theDecimatingFIR2|dspba_delay_ver:d_xIn_0_13|delays[2][9]                ; decimation_filter_FilterSystem_DecimatingFIR2:theDecimatingFIR2|altsyncram:u0_m0_wo0_wi0_r0_memr0_dmem|altsyncram_t302:auto_generated|ram_block1a9~porta_datain_reg0  ; 0.444             ;
; decimation_filter_FilterSystem_DecimatingFIR1:theDecimatingFIR1|u0_m0_wo0_wi0_r0_wa1_i[0]                              ; decimation_filter_FilterSystem_DecimatingFIR1:theDecimatingFIR1|altsyncram:u0_m0_wo0_wi0_r0_memr1_dmem|altsyncram_t302:auto_generated|ram_block1a1~porta_address_reg0 ; 0.430             ;
; decimation_filter_FilterSystem_DecimatingFIR1:theDecimatingFIR1|u0_m0_wo0_wi0_r0_wa1_i[1]                              ; decimation_filter_FilterSystem_DecimatingFIR1:theDecimatingFIR1|altsyncram:u0_m0_wo0_wi0_r0_memr1_dmem|altsyncram_t302:auto_generated|ram_block1a1~porta_address_reg0 ; 0.430             ;
; decimation_filter_FilterSystem_DecimatingFIR1:theDecimatingFIR1|u0_m0_wo0_wi0_r0_wa1_i[2]                              ; decimation_filter_FilterSystem_DecimatingFIR1:theDecimatingFIR1|altsyncram:u0_m0_wo0_wi0_r0_memr1_dmem|altsyncram_t302:auto_generated|ram_block1a1~porta_address_reg0 ; 0.428             ;
; decimation_filter_FilterSystem_DecimatingFIR1:theDecimatingFIR1|u0_m0_wo0_wi0_r0_ra2_count0_lutreg_q[2]                ; decimation_filter_FilterSystem_DecimatingFIR1:theDecimatingFIR1|altsyncram:u0_m0_wo0_wi0_r0_memr2_dmem|altsyncram_l602:auto_generated|ram_block1a0~portb_address_reg0 ; 0.397             ;
; decimation_filter_FilterSystem_DecimatingFIR1:theDecimatingFIR1|u0_m0_wo0_wi0_r0_ra2_count0_lutreg_q[3]                ; decimation_filter_FilterSystem_DecimatingFIR1:theDecimatingFIR1|altsyncram:u0_m0_wo0_wi0_r0_memr2_dmem|altsyncram_l602:auto_generated|ram_block1a0~portb_address_reg0 ; 0.397             ;
; decimation_filter_FilterSystem_DecimatingFIR1:theDecimatingFIR1|u0_m0_wo0_ca1_i[1]                                     ; decimation_filter_FilterSystem_DecimatingFIR1:theDecimatingFIR1|altsyncram:u0_m0_wo0_cm1_dmem|altsyncram_6102:auto_generated|ram_block1a15~portb_address_reg0         ; 0.397             ;
; decimation_filter_FilterSystem_DecimatingFIR2:theDecimatingFIR2|u0_m0_wo0_wi0_r0_ra4_count0_lutreg_q[1]                ; decimation_filter_FilterSystem_DecimatingFIR2:theDecimatingFIR2|altsyncram:u0_m0_wo0_wi0_r0_memr4_dmem|altsyncram_t602:auto_generated|ram_block1a0~portb_address_reg0 ; 0.397             ;
; decimation_filter_FilterSystem_DecimatingFIR2:theDecimatingFIR2|u0_m0_wo0_wi0_r0_ra4_count0_lutreg_q[3]                ; decimation_filter_FilterSystem_DecimatingFIR2:theDecimatingFIR2|altsyncram:u0_m0_wo0_wi0_r0_memr4_dmem|altsyncram_t602:auto_generated|ram_block1a0~portb_address_reg0 ; 0.397             ;
; decimation_filter_FilterSystem_DecimatingFIR1:theDecimatingFIR1|u0_m0_wo0_ca1_i[0]                                     ; decimation_filter_FilterSystem_DecimatingFIR1:theDecimatingFIR1|altsyncram:u0_m0_wo0_cm1_dmem|altsyncram_6102:auto_generated|ram_block1a15~portb_address_reg0         ; 0.395             ;
; decimation_filter_FilterSystem_DecimatingFIR1:theDecimatingFIR1|u0_m0_wo0_wi0_r0_wa3_1_q.0000                          ; decimation_filter_FilterSystem_DecimatingFIR1:theDecimatingFIR1|altsyncram:u0_m0_wo0_wi0_r0_memr3_dmem|altsyncram_l602:auto_generated|ram_block1a0~porta_address_reg0 ; 0.257             ;
; decimation_filter_FilterSystem_DecimatingFIR1:theDecimatingFIR1|u0_m0_wo0_wi0_r0_wa3_1_q.0001                          ; decimation_filter_FilterSystem_DecimatingFIR1:theDecimatingFIR1|altsyncram:u0_m0_wo0_wi0_r0_memr3_dmem|altsyncram_l602:auto_generated|ram_block1a0~porta_address_reg0 ; 0.257             ;
; decimation_filter_FilterSystem_DecimatingFIR1:theDecimatingFIR1|u0_m0_wo0_wi0_r0_wa3_1_q.0010                          ; decimation_filter_FilterSystem_DecimatingFIR1:theDecimatingFIR1|altsyncram:u0_m0_wo0_wi0_r0_memr3_dmem|altsyncram_l602:auto_generated|ram_block1a0~porta_address_reg0 ; 0.257             ;
; decimation_filter_FilterSystem_DecimatingFIR1:theDecimatingFIR1|u0_m0_wo0_wi0_r0_wa3_1_q.0100                          ; decimation_filter_FilterSystem_DecimatingFIR1:theDecimatingFIR1|altsyncram:u0_m0_wo0_wi0_r0_memr3_dmem|altsyncram_l602:auto_generated|ram_block1a0~porta_address_reg0 ; 0.257             ;
; decimation_filter_FilterSystem_DecimatingFIR1:theDecimatingFIR1|u0_m0_wo0_wi0_r0_wa3_1_q.0101                          ; decimation_filter_FilterSystem_DecimatingFIR1:theDecimatingFIR1|altsyncram:u0_m0_wo0_wi0_r0_memr3_dmem|altsyncram_l602:auto_generated|ram_block1a0~porta_address_reg0 ; 0.257             ;
; decimation_filter_FilterSystem_DecimatingFIR1:theDecimatingFIR1|u0_m0_wo0_wi0_r0_wa3_1_q.0110                          ; decimation_filter_FilterSystem_DecimatingFIR1:theDecimatingFIR1|altsyncram:u0_m0_wo0_wi0_r0_memr3_dmem|altsyncram_l602:auto_generated|ram_block1a0~porta_address_reg0 ; 0.257             ;
; decimation_filter_FilterSystem_DecimatingFIR1:theDecimatingFIR1|u0_m0_wo0_wi0_r0_wa3_1_q.1000                          ; decimation_filter_FilterSystem_DecimatingFIR1:theDecimatingFIR1|altsyncram:u0_m0_wo0_wi0_r0_memr3_dmem|altsyncram_l602:auto_generated|ram_block1a0~porta_address_reg0 ; 0.257             ;
; decimation_filter_FilterSystem_DecimatingFIR1:theDecimatingFIR1|u0_m0_wo0_wi0_r0_wa3_1_q.1001                          ; decimation_filter_FilterSystem_DecimatingFIR1:theDecimatingFIR1|altsyncram:u0_m0_wo0_wi0_r0_memr3_dmem|altsyncram_l602:auto_generated|ram_block1a0~porta_address_reg0 ; 0.257             ;
; decimation_filter_FilterSystem_DecimatingFIR1:theDecimatingFIR1|u0_m0_wo0_wi0_r0_wa3_1_q.1010                          ; decimation_filter_FilterSystem_DecimatingFIR1:theDecimatingFIR1|altsyncram:u0_m0_wo0_wi0_r0_memr3_dmem|altsyncram_l602:auto_generated|ram_block1a0~porta_address_reg0 ; 0.257             ;
; decimation_filter_FilterSystem_DecimatingFIR2:theDecimatingFIR2|u0_m0_wo0_dec0_q[0]                                    ; decimation_filter_FilterSystem_DecimatingFIR2:theDecimatingFIR2|altsyncram:u0_m0_wo0_cm0_dmem|altsyncram_6102:auto_generated|ram_block1a15~porta_address_reg0         ; 0.242             ;
; decimation_filter_FilterSystem_DecimatingFIR1:theDecimatingFIR1|u0_m0_wo0_wi0_r0_wa3_1_q.0111                          ; decimation_filter_FilterSystem_DecimatingFIR1:theDecimatingFIR1|altsyncram:u0_m0_wo0_wi0_r0_memr3_dmem|altsyncram_l602:auto_generated|ram_block1a0~porta_address_reg0 ; 0.180             ;
; decimation_filter_FilterSystem_DecimatingFIR2:theDecimatingFIR2|u0_m0_wo0_wi0_r0_wa4_i[2]                              ; decimation_filter_FilterSystem_DecimatingFIR2:theDecimatingFIR2|altsyncram:u0_m0_wo0_wi0_r0_memr4_dmem|altsyncram_t602:auto_generated|ram_block1a0~porta_address_reg0 ; 0.159             ;
; decimation_filter_FilterSystem_DecimatingFIR2:theDecimatingFIR2|u0_m0_wo0_wi0_r0_wa4_i[1]                              ; decimation_filter_FilterSystem_DecimatingFIR2:theDecimatingFIR2|altsyncram:u0_m0_wo0_wi0_r0_memr4_dmem|altsyncram_t602:auto_generated|ram_block1a0~porta_address_reg0 ; 0.158             ;
; decimation_filter_FilterSystem_DecimatingFIR1:theDecimatingFIR1|rblookup_q[0]                                          ; decimation_filter_FilterSystem_DecimatingFIR1:theDecimatingFIR1|altsyncram:rm_dmem|altsyncram_oab1:auto_generated|ram_block1a0~porta_address_reg0                     ; 0.154             ;
; decimation_filter_FilterSystem_DecimatingFIR2:theDecimatingFIR2|u0_m0_wo0_wi0_r0_wa0_i[0]                              ; decimation_filter_FilterSystem_DecimatingFIR2:theDecimatingFIR2|altsyncram:u0_m0_wo0_wi0_r0_memr0_dmem|altsyncram_t302:auto_generated|ram_block1a0~porta_address_reg0 ; 0.153             ;
; decimation_filter_FilterSystem_DecimatingFIR1:theDecimatingFIR1|u0_m0_wo0_wi0_r0_wa0_i[1]                              ; decimation_filter_FilterSystem_DecimatingFIR1:theDecimatingFIR1|altsyncram:u0_m0_wo0_wi0_r0_memr0_dmem|altsyncram_t302:auto_generated|ram_block1a0~porta_address_reg0 ; 0.147             ;
; decimation_filter_FilterSystem_DecimatingFIR2:theDecimatingFIR2|u0_m0_wo0_wi0_r0_wa0_i[1]                              ; decimation_filter_FilterSystem_DecimatingFIR2:theDecimatingFIR2|altsyncram:u0_m0_wo0_wi0_r0_memr0_dmem|altsyncram_t302:auto_generated|ram_block1a0~porta_address_reg0 ; 0.132             ;
; decimation_filter_FilterSystem_DecimatingFIR1:theDecimatingFIR1|dspba_delay_ver:d_xIn_0_13|delays[2][12]               ; decimation_filter_FilterSystem_DecimatingFIR1:theDecimatingFIR1|altsyncram:u0_m0_wo0_wi0_r0_memr0_dmem|altsyncram_t302:auto_generated|ram_block1a12~porta_datain_reg0 ; 0.130             ;
; decimation_filter_FilterSystem_DecimatingFIR1:theDecimatingFIR1|dspba_delay_ver:d_xIn_0_13|delays[2][10]               ; decimation_filter_FilterSystem_DecimatingFIR1:theDecimatingFIR1|altsyncram:u0_m0_wo0_wi0_r0_memr0_dmem|altsyncram_t302:auto_generated|ram_block1a10~porta_datain_reg0 ; 0.126             ;
; decimation_filter_FilterSystem_DecimatingFIR1:theDecimatingFIR1|u0_m0_wo0_wi0_r0_wa3_1_q.1011                          ; decimation_filter_FilterSystem_DecimatingFIR1:theDecimatingFIR1|altsyncram:u0_m0_wo0_wi0_r0_memr3_dmem|altsyncram_l602:auto_generated|ram_block1a0~porta_address_reg0 ; 0.117             ;
; decimation_filter_FilterSystem_DecimatingFIR2:theDecimatingFIR2|dspba_delay_ver:d_xIn_0_13|delays[2][16]               ; decimation_filter_FilterSystem_DecimatingFIR2:theDecimatingFIR2|altsyncram:u0_m0_wo0_wi0_r0_memr0_dmem|altsyncram_t302:auto_generated|ram_block1a16~porta_datain_reg0 ; 0.116             ;
; decimation_filter_FilterSystem_DecimatingFIR2:theDecimatingFIR2|dspba_delay_ver:d_xIn_0_13|delays[2][15]               ; decimation_filter_FilterSystem_DecimatingFIR2:theDecimatingFIR2|altsyncram:u0_m0_wo0_wi0_r0_memr0_dmem|altsyncram_t302:auto_generated|ram_block1a15~porta_datain_reg0 ; 0.116             ;
; decimation_filter_FilterSystem_DecimatingFIR2:theDecimatingFIR2|dspba_delay_ver:d_xIn_0_13|delays[2][13]               ; decimation_filter_FilterSystem_DecimatingFIR2:theDecimatingFIR2|altsyncram:u0_m0_wo0_wi0_r0_memr0_dmem|altsyncram_t302:auto_generated|ram_block1a13~porta_datain_reg0 ; 0.116             ;
; decimation_filter_FilterSystem_DecimatingFIR2:theDecimatingFIR2|dspba_delay_ver:d_xIn_0_13|delays[2][12]               ; decimation_filter_FilterSystem_DecimatingFIR2:theDecimatingFIR2|altsyncram:u0_m0_wo0_wi0_r0_memr0_dmem|altsyncram_t302:auto_generated|ram_block1a12~porta_datain_reg0 ; 0.116             ;
; decimation_filter_FilterSystem_DecimatingFIR2:theDecimatingFIR2|dspba_delay_ver:d_xIn_0_13|delays[2][6]                ; decimation_filter_FilterSystem_DecimatingFIR2:theDecimatingFIR2|altsyncram:u0_m0_wo0_wi0_r0_memr0_dmem|altsyncram_t302:auto_generated|ram_block1a6~porta_datain_reg0  ; 0.116             ;
; decimation_filter_FilterSystem_DecimatingFIR2:theDecimatingFIR2|dspba_delay_ver:d_xIn_0_13|delays[2][5]                ; decimation_filter_FilterSystem_DecimatingFIR2:theDecimatingFIR2|altsyncram:u0_m0_wo0_wi0_r0_memr0_dmem|altsyncram_t302:auto_generated|ram_block1a5~porta_datain_reg0  ; 0.116             ;
; decimation_filter_FilterSystem_DecimatingFIR2:theDecimatingFIR2|dspba_delay_ver:d_xIn_0_13|delays[2][1]                ; decimation_filter_FilterSystem_DecimatingFIR2:theDecimatingFIR2|altsyncram:u0_m0_wo0_wi0_r0_memr0_dmem|altsyncram_t302:auto_generated|ram_block1a1~porta_datain_reg0  ; 0.116             ;
; decimation_filter_FilterSystem_DecimatingFIR2:theDecimatingFIR2|dspba_delay_ver:d_xIn_0_13|delays[2][0]                ; decimation_filter_FilterSystem_DecimatingFIR2:theDecimatingFIR2|altsyncram:u0_m0_wo0_wi0_r0_memr0_dmem|altsyncram_t302:auto_generated|ram_block1a0~porta_datain_reg0  ; 0.116             ;
; decimation_filter_FilterSystem_DecimatingFIR2:theDecimatingFIR2|dspba_delay_ver:d_u0_m0_wo0_compute_q_13|delays[0][0]  ; decimation_filter_FilterSystem_DecimatingFIR2:theDecimatingFIR2|altsyncram:u0_m0_wo0_wi0_r0_memr4_dmem|altsyncram_t602:auto_generated|ram_block1a0~porta_we_reg       ; 0.112             ;
; decimation_filter_FilterSystem_DecimatingFIR2:theDecimatingFIR2|dspba_delay_ver:d_xIn_0_13|delays[2][2]                ; decimation_filter_FilterSystem_DecimatingFIR2:theDecimatingFIR2|altsyncram:u0_m0_wo0_wi0_r0_memr0_dmem|altsyncram_t302:auto_generated|ram_block1a2~porta_datain_reg0  ; 0.104             ;
; decimation_filter_FilterSystem_DecimatingFIR2:theDecimatingFIR2|dspba_delay_ver:u0_m0_wo0_wi0_r0_delayr1|delays[3][6]  ; decimation_filter_FilterSystem_DecimatingFIR2:theDecimatingFIR2|altsyncram:u0_m0_wo0_wi0_r0_memr4_dmem|altsyncram_t602:auto_generated|ram_block1a6~porta_datain_reg0  ; 0.103             ;
; decimation_filter_FilterSystem_DecimatingFIR1:theDecimatingFIR1|dspba_delay_ver:d_xIn_0_13|delays[2][4]                ; decimation_filter_FilterSystem_DecimatingFIR1:theDecimatingFIR1|altsyncram:u0_m0_wo0_wi0_r0_memr1_dmem|altsyncram_t302:auto_generated|ram_block1a4~porta_datain_reg0  ; 0.101             ;
; decimation_filter_FilterSystem_DecimatingFIR1:theDecimatingFIR1|dspba_delay_ver:d_busIn_writedata_11|delays[0][11]     ; decimation_filter_FilterSystem_DecimatingFIR2:theDecimatingFIR2|altsyncram:u0_m0_wo0_cm0_dmem|altsyncram_6102:auto_generated|ram_block1a11~porta_datain_reg0          ; 0.101             ;
; decimation_filter_FilterSystem_DecimatingFIR1:theDecimatingFIR1|dspba_delay_ver:d_busIn_writedata_11|delays[0][7]      ; decimation_filter_FilterSystem_DecimatingFIR2:theDecimatingFIR2|altsyncram:u0_m0_wo0_cm0_dmem|altsyncram_6102:auto_generated|ram_block1a7~porta_datain_reg0           ; 0.101             ;
; decimation_filter_FilterSystem_DecimatingFIR1:theDecimatingFIR1|dspba_delay_ver:d_busIn_writedata_11|delays[0][3]      ; decimation_filter_FilterSystem_DecimatingFIR2:theDecimatingFIR2|altsyncram:u0_m0_wo0_cm0_dmem|altsyncram_6102:auto_generated|ram_block1a3~porta_datain_reg0           ; 0.101             ;
; decimation_filter_FilterSystem_DecimatingFIR2:theDecimatingFIR2|dspba_delay_ver:u0_m0_wo0_wi0_r0_delayr1|delays[3][0]  ; decimation_filter_FilterSystem_DecimatingFIR2:theDecimatingFIR2|altsyncram:u0_m0_wo0_wi0_r0_memr4_dmem|altsyncram_t602:auto_generated|ram_block1a0~porta_datain_reg0  ; 0.100             ;
; decimation_filter_FilterSystem_DecimatingFIR1:theDecimatingFIR1|u0_m0_wo0_wi0_r0_ra1_count0_lutreg_q[2]                ; decimation_filter_FilterSystem_DecimatingFIR1:theDecimatingFIR1|altsyncram:u0_m0_wo0_wi0_r0_memr1_dmem|altsyncram_t302:auto_generated|ram_block1a1~portb_address_reg0 ; 0.099             ;
; decimation_filter_FilterSystem_DecimatingFIR2:theDecimatingFIR2|dspba_delay_ver:u0_m0_wo0_wi0_r0_delayr1|delays[3][1]  ; decimation_filter_FilterSystem_DecimatingFIR2:theDecimatingFIR2|altsyncram:u0_m0_wo0_wi0_r0_memr4_dmem|altsyncram_t602:auto_generated|ram_block1a1~porta_datain_reg0  ; 0.099             ;
; decimation_filter_FilterSystem_DecimatingFIR1:theDecimatingFIR1|dspba_delay_ver:d_xIn_0_13|delays[2][8]                ; decimation_filter_FilterSystem_DecimatingFIR1:theDecimatingFIR1|altsyncram:u0_m0_wo0_wi0_r0_memr1_dmem|altsyncram_t302:auto_generated|ram_block1a8~porta_datain_reg0  ; 0.097             ;
; decimation_filter_FilterSystem_DecimatingFIR1:theDecimatingFIR1|dspba_delay_ver:d_busIn_writedata_11|delays[0][14]     ; decimation_filter_FilterSystem_DecimatingFIR1:theDecimatingFIR1|altsyncram:u0_m0_wo0_cm1_dmem|altsyncram_6102:auto_generated|ram_block1a14~porta_datain_reg0          ; 0.095             ;
; decimation_filter_FilterSystem_DecimatingFIR1:theDecimatingFIR1|dspba_delay_ver:d_xIn_0_13|delays[2][2]                ; decimation_filter_FilterSystem_DecimatingFIR1:theDecimatingFIR1|altsyncram:u0_m0_wo0_wi0_r0_memr0_dmem|altsyncram_t302:auto_generated|ram_block1a2~porta_datain_reg0  ; 0.093             ;
; decimation_filter_FilterSystem_DecimatingFIR2:theDecimatingFIR2|dspba_delay_ver:d_xIn_0_13|delays[2][7]                ; decimation_filter_FilterSystem_DecimatingFIR2:theDecimatingFIR2|altsyncram:u0_m0_wo0_wi0_r0_memr0_dmem|altsyncram_t302:auto_generated|ram_block1a7~porta_datain_reg0  ; 0.093             ;
; decimation_filter_FilterSystem_DecimatingFIR2:theDecimatingFIR2|dspba_delay_ver:d_xIn_0_13|delays[2][4]                ; decimation_filter_FilterSystem_DecimatingFIR2:theDecimatingFIR2|altsyncram:u0_m0_wo0_wi0_r0_memr0_dmem|altsyncram_t302:auto_generated|ram_block1a4~porta_datain_reg0  ; 0.093             ;
; decimation_filter_FilterSystem_DecimatingFIR1:theDecimatingFIR1|u0_m0_wo0_wi0_r0_wa2_i[0]                              ; decimation_filter_FilterSystem_DecimatingFIR1:theDecimatingFIR1|altsyncram:u0_m0_wo0_wi0_r0_memr2_dmem|altsyncram_l602:auto_generated|ram_block1a0~porta_address_reg0 ; 0.087             ;
; decimation_filter_FilterSystem_DecimatingFIR1:theDecimatingFIR1|u0_m0_wo0_dec0_q[0]                                    ; decimation_filter_FilterSystem_DecimatingFIR1:theDecimatingFIR1|altsyncram:u0_m0_wo0_cm0_dmem|altsyncram_6102:auto_generated|ram_block1a15~porta_address_reg0         ; 0.083             ;
; decimation_filter_FilterSystem_DecimatingFIR2:theDecimatingFIR2|dspba_delay_ver:u0_m0_wo0_wi0_r0_delayr1|delays[3][16] ; decimation_filter_FilterSystem_DecimatingFIR2:theDecimatingFIR2|altsyncram:u0_m0_wo0_wi0_r0_memr4_dmem|altsyncram_t602:auto_generated|ram_block1a16~porta_datain_reg0 ; 0.082             ;
; decimation_filter_FilterSystem_DecimatingFIR1:theDecimatingFIR1|u0_m0_wo0_wi0_r0_wa2_i[1]                              ; decimation_filter_FilterSystem_DecimatingFIR1:theDecimatingFIR1|altsyncram:u0_m0_wo0_wi0_r0_memr2_dmem|altsyncram_l602:auto_generated|ram_block1a0~porta_address_reg0 ; 0.072             ;
; decimation_filter_FilterSystem_DecimatingFIR1:theDecimatingFIR1|rblookup_q[1]                                          ; decimation_filter_FilterSystem_DecimatingFIR1:theDecimatingFIR1|altsyncram:rm_dmem|altsyncram_oab1:auto_generated|ram_block1a0~porta_address_reg0                     ; 0.072             ;
; decimation_filter_FilterSystem_DecimatingFIR1:theDecimatingFIR1|rblookup_q[2]                                          ; decimation_filter_FilterSystem_DecimatingFIR1:theDecimatingFIR1|altsyncram:rm_dmem|altsyncram_oab1:auto_generated|ram_block1a0~porta_address_reg0                     ; 0.072             ;
; decimation_filter_FilterSystem_DecimatingFIR1:theDecimatingFIR1|u0_m0_wo0_wi0_r0_wa2_i[2]                              ; decimation_filter_FilterSystem_DecimatingFIR1:theDecimatingFIR1|altsyncram:u0_m0_wo0_wi0_r0_memr2_dmem|altsyncram_l602:auto_generated|ram_block1a0~porta_address_reg0 ; 0.071             ;
; decimation_filter_FilterSystem_DecimatingFIR1:theDecimatingFIR1|dspba_delay_ver:d_busIn_writedata_11|delays[0][12]     ; decimation_filter_FilterSystem_DecimatingFIR2:theDecimatingFIR2|altsyncram:u0_m0_wo0_cm0_dmem|altsyncram_6102:auto_generated|ram_block1a12~porta_datain_reg0          ; 0.068             ;
; decimation_filter_FilterSystem_DecimatingFIR1:theDecimatingFIR1|dspba_delay_ver:d_busIn_writedata_11|delays[0][8]      ; decimation_filter_FilterSystem_DecimatingFIR2:theDecimatingFIR2|altsyncram:u0_m0_wo0_cm0_dmem|altsyncram_6102:auto_generated|ram_block1a8~porta_datain_reg0           ; 0.068             ;
; decimation_filter_FilterSystem_DecimatingFIR1:theDecimatingFIR1|dspba_delay_ver:d_busIn_writedata_11|delays[0][4]      ; decimation_filter_FilterSystem_DecimatingFIR2:theDecimatingFIR2|altsyncram:u0_m0_wo0_cm0_dmem|altsyncram_6102:auto_generated|ram_block1a4~porta_datain_reg0           ; 0.068             ;
; decimation_filter_FilterSystem_DecimatingFIR1:theDecimatingFIR1|dspba_delay_ver:d_busIn_writedata_11|delays[0][0]      ; decimation_filter_FilterSystem_DecimatingFIR2:theDecimatingFIR2|altsyncram:u0_m0_wo0_cm0_dmem|altsyncram_6102:auto_generated|ram_block1a0~porta_datain_reg0           ; 0.068             ;
; decimation_filter_FilterSystem_DecimatingFIR1:theDecimatingFIR1|dspba_delay_ver:d_busIn_writedata_11|delays[0][13]     ; decimation_filter_FilterSystem_DecimatingFIR2:theDecimatingFIR2|altsyncram:u0_m0_wo0_cm0_dmem|altsyncram_6102:auto_generated|ram_block1a13~porta_datain_reg0          ; 0.067             ;
; decimation_filter_FilterSystem_DecimatingFIR1:theDecimatingFIR1|dspba_delay_ver:d_busIn_writedata_11|delays[0][6]      ; decimation_filter_FilterSystem_DecimatingFIR2:theDecimatingFIR2|altsyncram:u0_m0_wo0_cm0_dmem|altsyncram_6102:auto_generated|ram_block1a6~porta_datain_reg0           ; 0.066             ;
; decimation_filter_FilterSystem_DecimatingFIR1:theDecimatingFIR1|dspba_delay_ver:d_xIn_0_13|delays[2][6]                ; decimation_filter_FilterSystem_DecimatingFIR1:theDecimatingFIR1|altsyncram:u0_m0_wo0_wi0_r0_memr1_dmem|altsyncram_t302:auto_generated|ram_block1a6~porta_datain_reg0  ; 0.064             ;
; decimation_filter_FilterSystem_DecimatingFIR1:theDecimatingFIR1|u0_m0_wo0_wi0_r0_ra2_count0_lutreg_q[0]                ; decimation_filter_FilterSystem_DecimatingFIR1:theDecimatingFIR1|altsyncram:u0_m0_wo0_wi0_r0_memr2_dmem|altsyncram_l602:auto_generated|ram_block1a0~portb_address_reg0 ; 0.056             ;
; decimation_filter_FilterSystem_DecimatingFIR1:theDecimatingFIR1|u0_m0_wo0_wi0_r0_ra2_count0_lutreg_q[1]                ; decimation_filter_FilterSystem_DecimatingFIR1:theDecimatingFIR1|altsyncram:u0_m0_wo0_wi0_r0_memr2_dmem|altsyncram_l602:auto_generated|ram_block1a0~portb_address_reg0 ; 0.056             ;
; decimation_filter_FilterSystem_DecimatingFIR1:theDecimatingFIR1|u0_m0_wo0_wi0_r0_ra3_count0_lutreg_q[0]                ; decimation_filter_FilterSystem_DecimatingFIR1:theDecimatingFIR1|altsyncram:u0_m0_wo0_wi0_r0_memr3_dmem|altsyncram_l602:auto_generated|ram_block1a0~portb_address_reg0 ; 0.056             ;
; decimation_filter_FilterSystem_DecimatingFIR2:theDecimatingFIR2|u0_m0_wo0_wi0_r0_ra4_count0_lutreg_q[0]                ; decimation_filter_FilterSystem_DecimatingFIR2:theDecimatingFIR2|altsyncram:u0_m0_wo0_wi0_r0_memr4_dmem|altsyncram_t602:auto_generated|ram_block1a0~portb_address_reg0 ; 0.056             ;
; decimation_filter_FilterSystem_DecimatingFIR2:theDecimatingFIR2|u0_m0_wo0_wi0_r0_ra4_count0_lutreg_q[2]                ; decimation_filter_FilterSystem_DecimatingFIR2:theDecimatingFIR2|altsyncram:u0_m0_wo0_wi0_r0_memr4_dmem|altsyncram_t602:auto_generated|ram_block1a0~portb_address_reg0 ; 0.056             ;
; decimation_filter_FilterSystem_DecimatingFIR1:theDecimatingFIR1|dspba_delay_ver:d_busIn_writedata_11|delays[0][10]     ; decimation_filter_FilterSystem_DecimatingFIR2:theDecimatingFIR2|altsyncram:u0_m0_wo0_cm0_dmem|altsyncram_6102:auto_generated|ram_block1a10~porta_datain_reg0          ; 0.040             ;
; decimation_filter_FilterSystem_DecimatingFIR1:theDecimatingFIR1|dspba_delay_ver:d_busIn_writedata_11|delays[0][9]      ; decimation_filter_FilterSystem_DecimatingFIR2:theDecimatingFIR2|altsyncram:u0_m0_wo0_cm0_dmem|altsyncram_6102:auto_generated|ram_block1a9~porta_datain_reg0           ; 0.040             ;
; decimation_filter_FilterSystem_DecimatingFIR1:theDecimatingFIR1|dspba_delay_ver:d_busIn_writedata_11|delays[0][5]      ; decimation_filter_FilterSystem_DecimatingFIR2:theDecimatingFIR2|altsyncram:u0_m0_wo0_cm0_dmem|altsyncram_6102:auto_generated|ram_block1a5~porta_datain_reg0           ; 0.040             ;
; decimation_filter_FilterSystem_DecimatingFIR1:theDecimatingFIR1|dspba_delay_ver:d_busIn_writedata_11|delays[0][2]      ; decimation_filter_FilterSystem_DecimatingFIR2:theDecimatingFIR2|altsyncram:u0_m0_wo0_cm0_dmem|altsyncram_6102:auto_generated|ram_block1a2~porta_datain_reg0           ; 0.040             ;
; decimation_filter_FilterSystem_DecimatingFIR1:theDecimatingFIR1|dspba_delay_ver:d_busIn_writedata_11|delays[0][1]      ; decimation_filter_FilterSystem_DecimatingFIR2:theDecimatingFIR2|altsyncram:u0_m0_wo0_cm0_dmem|altsyncram_6102:auto_generated|ram_block1a1~porta_datain_reg0           ; 0.040             ;
; decimation_filter_FilterSystem_DecimatingFIR2:theDecimatingFIR2|u0_m0_wo0_wi0_r0_ra0_count0_i[1]                       ; decimation_filter_FilterSystem_DecimatingFIR2:theDecimatingFIR2|altsyncram:u0_m0_wo0_wi0_r0_memr0_dmem|altsyncram_t302:auto_generated|ram_block1a0~portb_address_reg0 ; 0.040             ;
; decimation_filter_FilterSystem_DecimatingFIR2:theDecimatingFIR2|u0_m0_wo0_wi0_r0_ra0_count0_i[2]                       ; decimation_filter_FilterSystem_DecimatingFIR2:theDecimatingFIR2|altsyncram:u0_m0_wo0_wi0_r0_memr0_dmem|altsyncram_t302:auto_generated|ram_block1a0~portb_address_reg0 ; 0.040             ;
+------------------------------------------------------------------------------------------------------------------------+-----------------------------------------------------------------------------------------------------------------------------------------------------------------------+-------------------+
Note: This table only shows the top 79 path(s) that have the largest delay added for hold.


+-----------------+
; Fitter Messages ;
+-----------------+
Warning (18236): Number of processors has not been specified which may cause overloading on shared machines.  Set the global assignment NUM_PARALLEL_PROCESSORS in your QSF to an appropriate value for best performance.
Info (20030): Parallel compilation is enabled and will use 14 of the 14 processors detected
Info (119006): Selected device 10M40DCF256A7G for design "decimation_filter_FilterSystem"
Info (21077): Low junction temperature is -40 degrees C
Info (21077): High junction temperature is 125 degrees C
Info (171003): Fitter is performing an Auto Fit compilation, which may decrease Fitter effort to reduce compilation time
Info (176444): Device migration not selected. If you intend to use device migration later, you may need to change the pin assignments as they may be incompatible with other devices
    Info (176445): Device 10M08DCF256A7G is compatible
    Info (176445): Device 10M08DCF256I7G is compatible
    Info (176445): Device 10M04DCF256A7G is compatible
    Info (176445): Device 10M04DCF256I7G is compatible
    Info (176445): Device 10M16DCF256A7G is compatible
    Info (176445): Device 10M16DCF256C7G is compatible
    Info (176445): Device 10M16DCF256I7G is compatible
    Info (176445): Device 10M25DCF256A7G is compatible
    Info (176445): Device 10M25DCF256C7G is compatible
    Info (176445): Device 10M25DCF256I7G is compatible
    Info (176445): Device 10M50DCF256A7G is compatible
    Info (176445): Device 10M50DCF256C7G is compatible
    Info (176445): Device 10M50DCF256I7G is compatible
    Info (176445): Device 10M40DCF256C7G is compatible
    Info (176445): Device 10M40DCF256I7G is compatible
Info (169124): Fitter converted 8 user pins into dedicated programming pins
    Info (169125): Pin ~ALTERA_TMS~ is reserved at location H2
    Info (169125): Pin ~ALTERA_TCK~ is reserved at location H3
    Info (169125): Pin ~ALTERA_TDI~ is reserved at location G1
    Info (169125): Pin ~ALTERA_TDO~ is reserved at location H1
    Info (169125): Pin ~ALTERA_CONFIG_SEL~ is reserved at location F8
    Info (169125): Pin ~ALTERA_nCONFIG~ is reserved at location E8
    Info (169125): Pin ~ALTERA_nSTATUS~ is reserved at location F7
    Info (169125): Pin ~ALTERA_CONF_DONE~ is reserved at location E7
Info (169141): DATA[0] dual-purpose pin not reserved
Info (12825): Data[1]/ASDO dual-purpose pin not reserved
Info (12825): nCSO dual-purpose pin not reserved
Info (12825): DCLK dual-purpose pin not reserved
Warning (15714): Some pins have incomplete I/O assignments. Refer to the I/O Assignment Warnings report for details
Info (176045): Design uses memory blocks. Violating setup or hold times of memory block address registers for either read or write operations could cause memory contents to be corrupted. Make sure that all memory block address registers meet the setup and hold time requirements.
Critical Warning (169085): No exact pin location assignment(s) for 3 pins of 3 total pins. For the list of pins please refer to the I/O Assignment Warnings table in the fitter report.
Info (332104): Reading SDC File: 'rtl/decimation_filter/decimation_filter_FilterSystem.sdc'
Warning (332049): Ignored create_generated_clock at decimation_filter_FilterSystem.sdc(2): Source node: clk exists in the clock target list File: G:/EM_LAB/EM_Instrument/TEMR-3S/Num01_code/Filter/altera_fir/rtl/decimation_filter/decimation_filter_FilterSystem.sdc Line: 2
    Info (332050): create_generated_clock -name {clk} [get_ports {clk}] -source clk -divide_by 1 -multiply_by 1 File: G:/EM_LAB/EM_Instrument/TEMR-3S/Num01_code/Filter/altera_fir/rtl/decimation_filter/decimation_filter_FilterSystem.sdc Line: 2
Critical Warning (332168): The following clock transfers have no clock uncertainty assignment. For more accurate results, apply clock uncertainty assignments or use the derive_clock_uncertainty command.
    Critical Warning (332169): From clk (Rise) to clk (Rise) (setup and hold)
Info (332129): Detected timing requirements -- optimizing circuit to achieve only the specified requirements
Info (332111): Found 1 clocks
    Info (332111):   Period   Clock Name
    Info (332111): ======== ============
    Info (332111): 62500.000          clk
Info (176353): Automatically promoted node clk~input (placed in PIN J6 (CLK1n, DIFFIO_RX_L36n, DIFFOUT_L36n, High_Speed)) File: G:/EM_LAB/EM_Instrument/TEMR-3S/Num01_code/Filter/altera_fir/rtl/decimation_filter/decimation_filter_FilterSystem.sv Line: 37
    Info (176355): Automatically promoted destinations to use location or clock signal Global Clock CLKCTRL_G3
Info (176353): Automatically promoted node areset~input (placed in PIN K6 (CLK1p, DIFFIO_RX_L36p, DIFFOUT_L36p, High_Speed)) File: G:/EM_LAB/EM_Instrument/TEMR-3S/Num01_code/Filter/altera_fir/rtl/decimation_filter/decimation_filter_FilterSystem.sv Line: 38
    Info (176355): Automatically promoted destinations to use location or clock signal Global Clock CLKCTRL_G4
Info (176353): Automatically promoted node h_areset~input (placed in PIN M3 (CLK0n, DIFFIO_RX_L28n, DIFFOUT_L28n, High_Speed)) File: G:/EM_LAB/EM_Instrument/TEMR-3S/Num01_code/Filter/altera_fir/rtl/decimation_filter/decimation_filter_FilterSystem.sv Line: 40
    Info (176355): Automatically promoted destinations to use location or clock signal Global Clock CLKCTRL_G2
Info (176233): Starting register packing
Info (176235): Finished register packing
    Extra Info (176219): No registers were packed into other blocks
Info (171121): Fitter preparation operations ending: elapsed time is 00:00:01
Info (14896): Fitter has disabled Advanced Physical Optimization because it is not supported for the current family.
Info (170189): Fitter placement preparation operations beginning
Info (170190): Fitter placement preparation operations ending: elapsed time is 00:00:00
Info (170191): Fitter placement operations beginning
Info (170137): Fitter placement was successful
Info (170192): Fitter placement operations ending: elapsed time is 00:00:01
Info (170193): Fitter routing operations beginning
Info (170195): Router estimated average interconnect usage is 0% of the available device resources
    Info (170196): Router estimated peak interconnect usage is 16% of the available device resources in the region that extends from location X45_Y22 to location X55_Y32
Info (170199): The Fitter performed an Auto Fit compilation.  Optimizations were skipped to reduce compilation time.
    Info (170201): Optimizations that may affect the design's routability were skipped
    Info (170200): Optimizations that may affect the design's timing were skipped
Info (170194): Fitter routing operations ending: elapsed time is 00:00:01
Info (11888): Total time spent on timing analysis during the Fitter is 0.39 seconds.
Info (334003): Started post-fitting delay annotation
Info (334004): Delay annotation completed successfully
Info (334003): Started post-fitting delay annotation
Info (334004): Delay annotation completed successfully
Info (11218): Fitter post-fit operations ending: elapsed time is 00:00:01
Info (144001): Generated suppressed messages file G:/EM_LAB/EM_Instrument/TEMR-3S/Num01_code/Filter/altera_fir/decimation_filter_FilterSystem.fit.smsg
Info: Quartus Prime Fitter was successful. 0 errors, 6 warnings
    Info: Peak virtual memory: 6472 megabytes
    Info: Processing ended: Sat Feb 22 21:21:57 2025
    Info: Elapsed time: 00:00:09
    Info: Total CPU time (on all processors): 00:00:08


+----------------------------+
; Fitter Suppressed Messages ;
+----------------------------+
The suppressed messages can be found in G:/EM_LAB/EM_Instrument/TEMR-3S/Num01_code/Filter/altera_fir/decimation_filter_FilterSystem.fit.smsg.


